Charger_Detect_Init	0xe7e905e5	sgm41543_charger.ko
Charger_Detect_Init	0xe7e905e5	upm6920_charger.ko
Charger_Detect_Release	0x739ab954	sgm41543_charger.ko
Charger_Detect_Release	0x739ab954	upm6920_charger.ko
DAL_Clean	0x79809043	aee_rs.ko
DAL_Printf	0xf977571c	aee_rs.ko
DAL_SetColor	0x10839f69	aee_rs.ko
DAL_SetScreenColor	0xd8ff81bb	aee_rs.ko
ISP4_SV_SetPMQOS	0x3288bb3a	camera_isp_4_t.ko
ISP4_SetPMQOS	0x290d6553	camera_isp_4_t.ko
KREE_AppendSecureMultichunkmem	0x9a19c31a	gz_main_mod.ko
KREE_AppendSecureMultichunkmem	0x9a19c31a	trusted_mem.ko
KREE_CloseSession	0x5878d629	cmdq-sec-drv.ko
KREE_CloseSession	0x5878d629	gz_main_mod.ko
KREE_CloseSession	0x5878d629	iommu_gz.ko
KREE_CloseSession	0x5878d629	trusted_mem.ko
KREE_ConfigSecureMultiChunkMemInfo	0xbdb6a34b	trusted_mem.ko
KREE_CreateSession	0x552d4efc	cmdq-sec-drv.ko
KREE_CreateSession	0x552d4efc	gz_main_mod.ko
KREE_CreateSession	0x552d4efc	iommu_gz.ko
KREE_CreateSession	0x552d4efc	trusted_mem.ko
KREE_ION_AllocChunkmem	0x3d5d5254	gz_main_mod.ko
KREE_ION_AllocChunkmem	0x3d5d5254	trusted_mem.ko
KREE_ION_QueryChunkmem_TEST	0x14085470	gz_main_mod.ko
KREE_ION_ReferenceChunkmem	0x5df7236c	gz_main_mod.ko
KREE_ION_UnreferenceChunkmem	0x8dceb484	gz_main_mod.ko
KREE_ION_UnreferenceChunkmem	0x8dceb484	trusted_mem.ko
KREE_ION_ZallocChunkmem	0x0175c8da	gz_main_mod.ko
KREE_ION_ZallocChunkmem	0x0175c8da	trusted_mem.ko
KREE_RegisterSharedmem	0xfbdd82be	cmdq-sec-drv.ko
KREE_RegisterSharedmem	0xfbdd82be	gz_main_mod.ko
KREE_RegisterSharedmem	0xfbdd82be	iommu_gz.ko
KREE_ReleaseSecureMultichunkmem	0x44781e48	gz_main_mod.ko
KREE_ReleaseSecureMultichunkmem	0x44781e48	trusted_mem.ko
KREE_TeeServiceCall	0xec19e146	gz_main_mod.ko
KREE_TeeServiceCall	0xec19e146	iommu_gz.ko
KREE_TeeServiceCall	0xec19e146	trusted_mem.ko
KREE_TeeServiceCallPlus	0xf45addc2	cmdq-sec-drv.ko
KREE_TeeServiceCallPlus	0xf45addc2	gz_main_mod.ko
KREE_UnregisterSharedmem	0xd9a6d5ea	cmdq-sec-drv.ko
KREE_UnregisterSharedmem	0xd9a6d5ea	gz_main_mod.ko
KREE_UnregisterSharedmem	0xd9a6d5ea	iommu_gz.ko
MTKGPUQoS_mode	0x50d37958	ged.ko
MTKGPUQoS_mode_ratio	0x38da0bff	ged.ko
MTKGPUQoS_setup	0x2cdce23b	ged.ko
RegisterConditionEnterSuspend	0xd8e8ffb8	snd-soc-mt6768-afe.ko
__ClearPageMovable	0x9dcd7a35	mali_kbase_mt6768_r49.ko
__ClearPageMovable	0x9dcd7a35	zsmalloc.ko
__SetPageMovable	0x3c5540bc	mali_kbase_mt6768_r49.ko
__SetPageMovable	0x3c5540bc	zsmalloc.ko
___drm_dbg	0x7e3277f8	drm_display_helper.ko
___drm_dbg	0x7e3277f8	mediatek-drm.ko
___pskb_trim	0x3f36ca29	mac80211.ko
___ratelimit	0x1d24c881	CPU_DVFS.ko
___ratelimit	0x1d24c881	MTK_INTERNAL_SPM.ko
___ratelimit	0x1d24c881	aee_aed.ko
___ratelimit	0x1d24c881	alspshub.ko
___ratelimit	0x1d24c881	bt_drv_connac1x.ko
___ratelimit	0x1d24c881	c2k_usb.ko
___ratelimit	0x1d24c881	cache-parity.ko
___ratelimit	0x1d24c881	ccci_md_all.ko
___ratelimit	0x1d24c881	cfg80211.ko
___ratelimit	0x1d24c881	clk-common.ko
___ratelimit	0x1d24c881	connadp.ko
___ratelimit	0x1d24c881	device-apc-common-legacy.ko
___ratelimit	0x1d24c881	drm_display_helper.ko
___ratelimit	0x1d24c881	emimpu.ko
___ratelimit	0x1d24c881	fhctl.ko
___ratelimit	0x1d24c881	flashlight.ko
___ratelimit	0x1d24c881	fmradio_drv_mt6631.ko
___ratelimit	0x1d24c881	hwmon.ko
___ratelimit	0x1d24c881	imgsensor_isp4_t.ko
___ratelimit	0x1d24c881	iommu_debug.ko
___ratelimit	0x1d24c881	isee.ko
___ratelimit	0x1d24c881	mac80211.ko
___ratelimit	0x1d24c881	mali_kbase_mt6768_r49.ko
___ratelimit	0x1d24c881	mdp_drv_mt6768.ko
___ratelimit	0x1d24c881	mediatek-drm.ko
___ratelimit	0x1d24c881	mediatek_eem.ko
___ratelimit	0x1d24c881	mmprofile.ko
___ratelimit	0x1d24c881	mt6358_battery.ko
___ratelimit	0x1d24c881	mtk-btcvsd.ko
___ratelimit	0x1d24c881	mtk-cmdq-drv-ext.ko
___ratelimit	0x1d24c881	mtk-dvfsrc-helper.ko
___ratelimit	0x1d24c881	mtk-mml.ko
___ratelimit	0x1d24c881	mtk-pmic-wrap.ko
___ratelimit	0x1d24c881	mtk-smi.ko
___ratelimit	0x1d24c881	mtk-vcu.ko
___ratelimit	0x1d24c881	mtk_charger_framework.ko
___ratelimit	0x1d24c881	mtk_heap_debug.ko
___ratelimit	0x1d24c881	mtk_pbm.ko
___ratelimit	0x1d24c881	mtk_ppm_v3.ko
___ratelimit	0x1d24c881	mtk_u_ether.ko
___ratelimit	0x1d24c881	musb_hdrc.ko
___ratelimit	0x1d24c881	situation.ko
___ratelimit	0x1d24c881	situationhub.ko
___ratelimit	0x1d24c881	snd-soc-mt6768-afe.ko
___ratelimit	0x1d24c881	snd-soc-mtk-common.ko
___ratelimit	0x1d24c881	system_heap.ko
___ratelimit	0x1d24c881	thermal_monitor.ko
___ratelimit	0x1d24c881	ufs-mediatek-dbg.ko
___ratelimit	0x1d24c881	wlan_drv_gen4m_6768.ko
___ratelimit	0x1d24c881	wmt_drv.ko
__alloc_pages	0x61efa00f	isee.ko
__alloc_pages	0x61efa00f	mali_kbase_mt6768_r49.ko
__alloc_pages	0x61efa00f	mali_mgm_mt6768_r49.ko
__alloc_pages	0x61efa00f	mi_memory.ko
__alloc_pages	0x61efa00f	mtk_sec_heap.ko
__alloc_pages	0x61efa00f	system_heap.ko
__alloc_pages	0x61efa00f	trusted_mem.ko
__alloc_pages	0x61efa00f	zram.ko
__alloc_pages	0x61efa00f	zsmalloc.ko
__alloc_percpu	0x29f93135	gz_irq_mod.ko
__alloc_percpu	0x29f93135	met.ko
__alloc_percpu	0x29f93135	zram.ko
__alloc_percpu_gfp	0x7900fd25	mac80211.ko
__alloc_skb	0xb9f2c53a	cfg80211.ko
__alloc_skb	0xb9f2c53a	gf_fingerprint.ko
__alloc_skb	0xb9f2c53a	mac80211.ko
__alloc_skb	0xb9f2c53a	millet_core.ko
__alloc_skb	0xb9f2c53a	mtk_battery_manager.ko
__alloc_skb	0xb9f2c53a	mtk_u_ether.ko
__alloc_skb	0xb9f2c53a	thermal_monitor.ko
__alloc_skb	0xb9f2c53a	wifi_ant_check.ko
__alloc_skb	0xb9f2c53a	wmt_drv.ko
__arch_copy_from_user	0x2be0c009	CPU_DVFS.ko
__arch_copy_from_user	0x2be0c009	MTK_INTERNAL_SPM.ko
__arch_copy_from_user	0x2be0c009	accel_common.ko
__arch_copy_from_user	0x2be0c009	aee_aed.ko
__arch_copy_from_user	0x2be0c009	aee_rs.ko
__arch_copy_from_user	0x2be0c009	alsps_common.ko
__arch_copy_from_user	0x2be0c009	baro_common.ko
__arch_copy_from_user	0x2be0c009	binder_gki.ko
__arch_copy_from_user	0x2be0c009	blocktag.ko
__arch_copy_from_user	0x2be0c009	bootprof.ko
__arch_copy_from_user	0x2be0c009	bt_drv_connac1x.ko
__arch_copy_from_user	0x2be0c009	camera_dpe_isp40.ko
__arch_copy_from_user	0x2be0c009	camera_eeprom_isp4_t.ko
__arch_copy_from_user	0x2be0c009	camera_fdvt_isp40.ko
__arch_copy_from_user	0x2be0c009	camera_isp_4_t.ko
__arch_copy_from_user	0x2be0c009	camera_mem.ko
__arch_copy_from_user	0x2be0c009	ccci_md_all.ko
__arch_copy_from_user	0x2be0c009	ccci_util_lib.ko
__arch_copy_from_user	0x2be0c009	ccmni.ko
__arch_copy_from_user	0x2be0c009	ccu_isp4.ko
__arch_copy_from_user	0x2be0c009	clk-common.ko
__arch_copy_from_user	0x2be0c009	cmdq-bdg-test.ko
__arch_copy_from_user	0x2be0c009	cmdq-test.ko
__arch_copy_from_user	0x2be0c009	conn_md_drv.ko
__arch_copy_from_user	0x2be0c009	device-apc-common-legacy.ko
__arch_copy_from_user	0x2be0c009	fhctl.ko
__arch_copy_from_user	0x2be0c009	flashlight.ko
__arch_copy_from_user	0x2be0c009	fmradio_drv_mt6631.ko
__arch_copy_from_user	0x2be0c009	ft8057m_spi.ko
__arch_copy_from_user	0x2be0c009	ft8057p_spi.ko
__arch_copy_from_user	0x2be0c009	ged.ko
__arch_copy_from_user	0x2be0c009	gf_fingerprint.ko
__arch_copy_from_user	0x2be0c009	gps_drv_stp.ko
__arch_copy_from_user	0x2be0c009	gyro_common.ko
__arch_copy_from_user	0x2be0c009	gz_main_mod.ko
__arch_copy_from_user	0x2be0c009	icnl9916_spi.ko
__arch_copy_from_user	0x2be0c009	imgsensor_isp4_t.ko
__arch_copy_from_user	0x2be0c009	isee.ko
__arch_copy_from_user	0x2be0c009	lct_tp.ko
__arch_copy_from_user	0x2be0c009	log_store.ko
__arch_copy_from_user	0x2be0c009	mag_common.ko
__arch_copy_from_user	0x2be0c009	main2af.ko
__arch_copy_from_user	0x2be0c009	main3af.ko
__arch_copy_from_user	0x2be0c009	mainaf.ko
__arch_copy_from_user	0x2be0c009	mali_kbase_mt6768_r49.ko
__arch_copy_from_user	0x2be0c009	mcDrvModule.ko
__arch_copy_from_user	0x2be0c009	mcdi.ko
__arch_copy_from_user	0x2be0c009	mdp_drv_mt6768.ko
__arch_copy_from_user	0x2be0c009	mediatek-drm.ko
__arch_copy_from_user	0x2be0c009	mediatek_eem.ko
__arch_copy_from_user	0x2be0c009	miev.ko
__arch_copy_from_user	0x2be0c009	mme.ko
__arch_copy_from_user	0x2be0c009	mmprofile.ko
__arch_copy_from_user	0x2be0c009	monitor_hang.ko
__arch_copy_from_user	0x2be0c009	mt6358_battery.ko
__arch_copy_from_user	0x2be0c009	mtk-dvfsrc-helper.ko
__arch_copy_from_user	0x2be0c009	mtk-mmc-dbg.ko
__arch_copy_from_user	0x2be0c009	mtk-mml.ko
__arch_copy_from_user	0x2be0c009	mtk-smi-bwc.ko
__arch_copy_from_user	0x2be0c009	mtk-vcodec-dec-v1.ko
__arch_copy_from_user	0x2be0c009	mtk-vcu.ko
__arch_copy_from_user	0x2be0c009	mtk_charger_framework.ko
__arch_copy_from_user	0x2be0c009	mtk_gpu_qos.ko
__arch_copy_from_user	0x2be0c009	mtk_gpufreq_wrapper_legacy.ko
__arch_copy_from_user	0x2be0c009	mtk_heap_debug.ko
__arch_copy_from_user	0x2be0c009	mtk_ioctl_powerhal.ko
__arch_copy_from_user	0x2be0c009	mtk_ioctl_touch_boost.ko
__arch_copy_from_user	0x2be0c009	mtk_mdpm_v1.ko
__arch_copy_from_user	0x2be0c009	mtk_pbm.ko
__arch_copy_from_user	0x2be0c009	mtk_peak_power_budget.ko
__arch_copy_from_user	0x2be0c009	mtk_perf_ioctl.ko
__arch_copy_from_user	0x2be0c009	mtk_ppm_v3.ko
__arch_copy_from_user	0x2be0c009	mtk_printk_ctrl.ko
__arch_copy_from_user	0x2be0c009	musb_hdrc.ko
__arch_copy_from_user	0x2be0c009	nt36528_spi.ko
__arch_copy_from_user	0x2be0c009	nxp_i2c.ko
__arch_copy_from_user	0x2be0c009	perf_helper.ko
__arch_copy_from_user	0x2be0c009	perfhelper.ko
__arch_copy_from_user	0x2be0c009	phy-mtk-tphy.ko
__arch_copy_from_user	0x2be0c009	pidmap.ko
__arch_copy_from_user	0x2be0c009	pinctrl-mtk-common-v2_debug.ko
__arch_copy_from_user	0x2be0c009	powerhal_cpu_ctrl.ko
__arch_copy_from_user	0x2be0c009	rpmb-mtk.ko
__arch_copy_from_user	0x2be0c009	rtc-mt6397.ko
__arch_copy_from_user	0x2be0c009	scheduler.ko
__arch_copy_from_user	0x2be0c009	scp.ko
__arch_copy_from_user	0x2be0c009	sec.ko
__arch_copy_from_user	0x2be0c009	sensorHub.ko
__arch_copy_from_user	0x2be0c009	sil_fingerprint.ko
__arch_copy_from_user	0x2be0c009	situationhub.ko
__arch_copy_from_user	0x2be0c009	snd-soc-fs15xx.ko
__arch_copy_from_user	0x2be0c009	snd-soc-mt6358.ko
__arch_copy_from_user	0x2be0c009	snd-soc-mtk-common.ko
__arch_copy_from_user	0x2be0c009	snd-soc-sipa-tuning.ko
__arch_copy_from_user	0x2be0c009	sub2af.ko
__arch_copy_from_user	0x2be0c009	subaf.ko
__arch_copy_from_user	0x2be0c009	system_heap.ko
__arch_copy_from_user	0x2be0c009	t-base-tui.ko
__arch_copy_from_user	0x2be0c009	teeperf.ko
__arch_copy_from_user	0x2be0c009	thermal_monitor.ko
__arch_copy_from_user	0x2be0c009	touch_boost.ko
__arch_copy_from_user	0x2be0c009	ufs-mediatek-dbg.ko
__arch_copy_from_user	0x2be0c009	widevine_driver.ko
__arch_copy_from_user	0x2be0c009	wlan_drv_gen4m_6768.ko
__arch_copy_from_user	0x2be0c009	wmt_chrdev_wifi.ko
__arch_copy_from_user	0x2be0c009	wmt_drv.ko
__arch_copy_from_user	0x2be0c009	xiaomi_touch.ko
__arch_copy_to_user	0x9a85eebb	accel_common.ko
__arch_copy_to_user	0x9a85eebb	aee_aed.ko
__arch_copy_to_user	0x9a85eebb	alsps_common.ko
__arch_copy_to_user	0x9a85eebb	atf_logger.ko
__arch_copy_to_user	0x9a85eebb	baro_common.ko
__arch_copy_to_user	0x9a85eebb	blocktag.ko
__arch_copy_to_user	0x9a85eebb	bt_drv_connac1x.ko
__arch_copy_to_user	0x9a85eebb	camera_dpe_isp40.ko
__arch_copy_to_user	0x9a85eebb	camera_eeprom_isp4_t.ko
__arch_copy_to_user	0x9a85eebb	camera_fdvt_isp40.ko
__arch_copy_to_user	0x9a85eebb	camera_isp_4_t.ko
__arch_copy_to_user	0x9a85eebb	camera_mem.ko
__arch_copy_to_user	0x9a85eebb	ccci_md_all.ko
__arch_copy_to_user	0x9a85eebb	ccci_util_lib.ko
__arch_copy_to_user	0x9a85eebb	ccu_isp4.ko
__arch_copy_to_user	0x9a85eebb	emiisu.ko
__arch_copy_to_user	0x9a85eebb	flashlight.ko
__arch_copy_to_user	0x9a85eebb	fmradio_drv_mt6631.ko
__arch_copy_to_user	0x9a85eebb	ft8057m_spi.ko
__arch_copy_to_user	0x9a85eebb	ft8057p_spi.ko
__arch_copy_to_user	0x9a85eebb	ged.ko
__arch_copy_to_user	0x9a85eebb	gf_fingerprint.ko
__arch_copy_to_user	0x9a85eebb	gps_drv_stp.ko
__arch_copy_to_user	0x9a85eebb	gyro_common.ko
__arch_copy_to_user	0x9a85eebb	gz_log_mod.ko
__arch_copy_to_user	0x9a85eebb	gz_main_mod.ko
__arch_copy_to_user	0x9a85eebb	hwmon.ko
__arch_copy_to_user	0x9a85eebb	icnl9916_spi.ko
__arch_copy_to_user	0x9a85eebb	imgsensor_isp4_t.ko
__arch_copy_to_user	0x9a85eebb	isee.ko
__arch_copy_to_user	0x9a85eebb	mag_common.ko
__arch_copy_to_user	0x9a85eebb	main2af.ko
__arch_copy_to_user	0x9a85eebb	main3af.ko
__arch_copy_to_user	0x9a85eebb	mainaf.ko
__arch_copy_to_user	0x9a85eebb	mali_kbase_mt6768_r49.ko
__arch_copy_to_user	0x9a85eebb	mcDrvModule.ko
__arch_copy_to_user	0x9a85eebb	mdp_drv_mt6768.ko
__arch_copy_to_user	0x9a85eebb	mediatek-drm.ko
__arch_copy_to_user	0x9a85eebb	mme.ko
__arch_copy_to_user	0x9a85eebb	mmprofile.ko
__arch_copy_to_user	0x9a85eebb	monitor_hang.ko
__arch_copy_to_user	0x9a85eebb	mt6358_battery.ko
__arch_copy_to_user	0x9a85eebb	mtk-btcvsd.ko
__arch_copy_to_user	0x9a85eebb	mtk-mml.ko
__arch_copy_to_user	0x9a85eebb	mtk-vcu.ko
__arch_copy_to_user	0x9a85eebb	mtk_ioctl_powerhal.ko
__arch_copy_to_user	0x9a85eebb	mtk_ioctl_touch_boost.ko
__arch_copy_to_user	0x9a85eebb	mtk_perf_ioctl.ko
__arch_copy_to_user	0x9a85eebb	nt36528_spi.ko
__arch_copy_to_user	0x9a85eebb	nxp_i2c.ko
__arch_copy_to_user	0x9a85eebb	rpmb-mtk.ko
__arch_copy_to_user	0x9a85eebb	scheduler.ko
__arch_copy_to_user	0x9a85eebb	scp.ko
__arch_copy_to_user	0x9a85eebb	sec.ko
__arch_copy_to_user	0x9a85eebb	sensor_list.ko
__arch_copy_to_user	0x9a85eebb	sil_fingerprint.ko
__arch_copy_to_user	0x9a85eebb	situationhub.ko
__arch_copy_to_user	0x9a85eebb	snd-soc-fs15xx.ko
__arch_copy_to_user	0x9a85eebb	snd-soc-mtk-common.ko
__arch_copy_to_user	0x9a85eebb	snd-soc-sipa-tuning.ko
__arch_copy_to_user	0x9a85eebb	sspm_v1.ko
__arch_copy_to_user	0x9a85eebb	sub2af.ko
__arch_copy_to_user	0x9a85eebb	subaf.ko
__arch_copy_to_user	0x9a85eebb	t-base-tui.ko
__arch_copy_to_user	0x9a85eebb	widevine_driver.ko
__arch_copy_to_user	0x9a85eebb	wlan_drv_gen4m_6768.ko
__arch_copy_to_user	0x9a85eebb	wmt_drv.ko
__arch_copy_to_user	0x9a85eebb	xiaomi_touch.ko
__arm_smccc_hvc	0x50f85302	sec-rng.ko
__arm_smccc_smc	0xf93aae46	MTK_INTERNAL_SPM.ko
__arm_smccc_smc	0xf93aae46	aee_aed.ko
__arm_smccc_smc	0xf93aae46	aee_hangdet.ko
__arm_smccc_smc	0xf93aae46	atf_logger.ko
__arm_smccc_smc	0xf93aae46	ccci_ccif.ko
__arm_smccc_smc	0xf93aae46	ccci_fsm_scp.ko
__arm_smccc_smc	0xf93aae46	ccci_md_all.ko
__arm_smccc_smc	0xf93aae46	cmdq-sec-drv.ko
__arm_smccc_smc	0xf93aae46	dbg_error_flag.ko
__arm_smccc_smc	0xf93aae46	device-apc-common-legacy.ko
__arm_smccc_smc	0xf93aae46	dvfsrc-opp-mt6768.ko
__arm_smccc_smc	0xf93aae46	emicen.ko
__arm_smccc_smc	0xf93aae46	emimpu.ko
__arm_smccc_smc	0xf93aae46	fmradio_drv_mt6631.ko
__arm_smccc_smc	0xf93aae46	gz_trusty_mod.ko
__arm_smccc_smc	0xf93aae46	iommu_secure.ko
__arm_smccc_smc	0xf93aae46	irq-dbg.ko
__arm_smccc_smc	0xf93aae46	isee.ko
__arm_smccc_smc	0xf93aae46	mcdi.ko
__arm_smccc_smc	0xf93aae46	mediatek-drm.ko
__arm_smccc_smc	0xf93aae46	memory-amms.ko
__arm_smccc_smc	0xf93aae46	mrdump.ko
__arm_smccc_smc	0xf93aae46	mtk-btcvsd.ko
__arm_smccc_smc	0xf93aae46	mtk-cmdq-drv-ext.ko
__arm_smccc_smc	0xf93aae46	mtk-dvfsrc-devfreq.ko
__arm_smccc_smc	0xf93aae46	mtk-dvfsrc-helper.ko
__arm_smccc_smc	0xf93aae46	mtk-dvfsrc-start.ko
__arm_smccc_smc	0xf93aae46	mtk-dvfsrc.ko
__arm_smccc_smc	0xf93aae46	mtk-mmc.ko
__arm_smccc_smc	0xf93aae46	mtk-scpsys.ko
__arm_smccc_smc	0xf93aae46	mtk_cpuhp.ko
__arm_smccc_smc	0xf93aae46	mtk_iommu.ko
__arm_smccc_smc	0xf93aae46	mtk_sec_heap.ko
__arm_smccc_smc	0xf93aae46	musb_hdrc.ko
__arm_smccc_smc	0xf93aae46	rpmb-mtk.ko
__arm_smccc_smc	0xf93aae46	scp.ko
__arm_smccc_smc	0xf93aae46	sec-rng.ko
__arm_smccc_smc	0xf93aae46	spi-mt65xx.ko
__arm_smccc_smc	0xf93aae46	trusted_mem.ko
__arm_smccc_smc	0xf93aae46	ufs-mediatek-mod.ko
__arm_smccc_sve_check	0x3d93c7c2	mtk_sec_heap.ko
__arm_smccc_sve_check	0x3d93c7c2	trusted_mem.ko
__bio_add_page	0xe753b788	zram.ko
__bitmap_set	0x615911d7	mali_kbase_mt6768_r49.ko
__bitmap_weight	0x21ea5251	mali_kbase_mt6768_r49.ko
__blk_alloc_disk	0x0c575f58	zram.ko
__cfg80211_alloc_event_skb	0xdf545760	wlan_drv_gen4m_6768.ko
__cfg80211_alloc_reply_skb	0x0f00e6de	wlan_drv_gen4m_6768.ko
__cfg80211_get_bss	0xbd664d44	mac80211.ko
__cfg80211_get_bss	0xbd664d44	wlan_drv_gen4m_6768.ko
__cfg80211_radar_event	0x28340100	mac80211.ko
__cfg80211_send_event_skb	0xe521963c	wlan_drv_gen4m_6768.ko
__check_object_size	0x88db9f48	CPU_DVFS.ko
__check_object_size	0x88db9f48	MTK_INTERNAL_SPM.ko
__check_object_size	0x88db9f48	accel_common.ko
__check_object_size	0x88db9f48	aee_aed.ko
__check_object_size	0x88db9f48	atf_logger.ko
__check_object_size	0x88db9f48	binder_gki.ko
__check_object_size	0x88db9f48	blocktag.ko
__check_object_size	0x88db9f48	bootprof.ko
__check_object_size	0x88db9f48	bt_drv_connac1x.ko
__check_object_size	0x88db9f48	camera_dpe_isp40.ko
__check_object_size	0x88db9f48	camera_eeprom_isp4_t.ko
__check_object_size	0x88db9f48	camera_fdvt_isp40.ko
__check_object_size	0x88db9f48	camera_isp_4_t.ko
__check_object_size	0x88db9f48	ccci_md_all.ko
__check_object_size	0x88db9f48	ccci_util_lib.ko
__check_object_size	0x88db9f48	ccu_isp4.ko
__check_object_size	0x88db9f48	clk-common.ko
__check_object_size	0x88db9f48	cmdq-bdg-test.ko
__check_object_size	0x88db9f48	cmdq-test.ko
__check_object_size	0x88db9f48	conn_md_drv.ko
__check_object_size	0x88db9f48	device-apc-common-legacy.ko
__check_object_size	0x88db9f48	emiisu.ko
__check_object_size	0x88db9f48	fhctl.ko
__check_object_size	0x88db9f48	fmradio_drv_mt6631.ko
__check_object_size	0x88db9f48	ft8057m_spi.ko
__check_object_size	0x88db9f48	ft8057p_spi.ko
__check_object_size	0x88db9f48	ged.ko
__check_object_size	0x88db9f48	gps_drv_stp.ko
__check_object_size	0x88db9f48	gyro_common.ko
__check_object_size	0x88db9f48	gz_ipc_mod.ko
__check_object_size	0x88db9f48	gz_log_mod.ko
__check_object_size	0x88db9f48	gz_main_mod.ko
__check_object_size	0x88db9f48	icnl9916_spi.ko
__check_object_size	0x88db9f48	imgsensor_isp4_t.ko
__check_object_size	0x88db9f48	isee.ko
__check_object_size	0x88db9f48	lct_tp.ko
__check_object_size	0x88db9f48	log_store.ko
__check_object_size	0x88db9f48	mag_common.ko
__check_object_size	0x88db9f48	mali_kbase_mt6768_r49.ko
__check_object_size	0x88db9f48	mcDrvModule.ko
__check_object_size	0x88db9f48	mcdi.ko
__check_object_size	0x88db9f48	mdp_drv_mt6768.ko
__check_object_size	0x88db9f48	mediatek-drm.ko
__check_object_size	0x88db9f48	mediatek_eem.ko
__check_object_size	0x88db9f48	miev.ko
__check_object_size	0x88db9f48	mme.ko
__check_object_size	0x88db9f48	mmprofile.ko
__check_object_size	0x88db9f48	monitor_hang.ko
__check_object_size	0x88db9f48	mtk-btcvsd.ko
__check_object_size	0x88db9f48	mtk-dvfsrc-helper.ko
__check_object_size	0x88db9f48	mtk-mmc-dbg.ko
__check_object_size	0x88db9f48	mtk-mml.ko
__check_object_size	0x88db9f48	mtk-vcodec-dec-v1.ko
__check_object_size	0x88db9f48	mtk_charger_framework.ko
__check_object_size	0x88db9f48	mtk_gpu_qos.ko
__check_object_size	0x88db9f48	mtk_gpufreq_wrapper_legacy.ko
__check_object_size	0x88db9f48	mtk_heap_debug.ko
__check_object_size	0x88db9f48	mtk_ioctl_powerhal.ko
__check_object_size	0x88db9f48	mtk_mdpm_v1.ko
__check_object_size	0x88db9f48	mtk_pbm.ko
__check_object_size	0x88db9f48	mtk_peak_power_budget.ko
__check_object_size	0x88db9f48	mtk_perf_ioctl.ko
__check_object_size	0x88db9f48	mtk_ppm_v3.ko
__check_object_size	0x88db9f48	mtk_printk_ctrl.ko
__check_object_size	0x88db9f48	musb_hdrc.ko
__check_object_size	0x88db9f48	nt36528_spi.ko
__check_object_size	0x88db9f48	nxp_i2c.ko
__check_object_size	0x88db9f48	perf_helper.ko
__check_object_size	0x88db9f48	perfhelper.ko
__check_object_size	0x88db9f48	phy-mtk-tphy.ko
__check_object_size	0x88db9f48	pinctrl-mtk-common-v2_debug.ko
__check_object_size	0x88db9f48	powerhal_cpu_ctrl.ko
__check_object_size	0x88db9f48	rpmb-mtk.ko
__check_object_size	0x88db9f48	scheduler.ko
__check_object_size	0x88db9f48	scp.ko
__check_object_size	0x88db9f48	sec.ko
__check_object_size	0x88db9f48	sensorHub.ko
__check_object_size	0x88db9f48	sensor_list.ko
__check_object_size	0x88db9f48	snd-soc-fs15xx.ko
__check_object_size	0x88db9f48	snd-soc-mt6358.ko
__check_object_size	0x88db9f48	snd-soc-mtk-common.ko
__check_object_size	0x88db9f48	snd-soc-sipa-tuning.ko
__check_object_size	0x88db9f48	sspm_v1.ko
__check_object_size	0x88db9f48	system_heap.ko
__check_object_size	0x88db9f48	teeperf.ko
__check_object_size	0x88db9f48	thermal_monitor.ko
__check_object_size	0x88db9f48	touch_boost.ko
__check_object_size	0x88db9f48	ufs-mediatek-dbg.ko
__check_object_size	0x88db9f48	wlan_drv_gen4m_6768.ko
__check_object_size	0x88db9f48	wmt_chrdev_wifi.ko
__check_object_size	0x88db9f48	wmt_drv.ko
__clk_get_hw	0x516677b7	clk-common.ko
__clk_get_name	0xc569d8ce	clk-common.ko
__clk_get_name	0xc569d8ce	mediatek-drm.ko
__clk_is_enabled	0xc6a4a872	clk-common.ko
__clk_is_enabled	0xc6a4a872	mali_kbase_mt6768_r49.ko
__clk_is_enabled	0xc6a4a872	mdp_drv_mt6768.ko
__clk_is_enabled	0xc6a4a872	mtk-mmc-dbg.ko
__clk_mux_determine_rate_closest	0x32273d03	clk-common.ko
__const_udelay	0xeae3dfd6	8250_mtk.ko
__const_udelay	0xeae3dfd6	CPU_DVFS.ko
__const_udelay	0xeae3dfd6	MTK_INTERNAL_SPM.ko
__const_udelay	0xeae3dfd6	aee_aed.ko
__const_udelay	0xeae3dfd6	aee_hangdet.ko
__const_udelay	0xeae3dfd6	btif_drv.ko
__const_udelay	0xeae3dfd6	cache-parity.ko
__const_udelay	0xeae3dfd6	camera_eeprom_isp4_t.ko
__const_udelay	0xeae3dfd6	camera_isp_4_t.ko
__const_udelay	0xeae3dfd6	ccci_ccif.ko
__const_udelay	0xeae3dfd6	ccci_cldma.ko
__const_udelay	0xeae3dfd6	ccci_md_all.ko
__const_udelay	0xeae3dfd6	ccu_isp4.ko
__const_udelay	0xeae3dfd6	clk-common.ko
__const_udelay	0xeae3dfd6	clk-fmeter-mt6768.ko
__const_udelay	0xeae3dfd6	clk-mt6768-pg.ko
__const_udelay	0xeae3dfd6	clk-mt6768.ko
__const_udelay	0xeae3dfd6	clkbuf.ko
__const_udelay	0xeae3dfd6	dsi_panel_c3n_35_02_0h_dsc_vdo.ko
__const_udelay	0xeae3dfd6	dsi_panel_c3n_35_0f_0e_dsc_vdo.ko
__const_udelay	0xeae3dfd6	dsi_panel_c3n_35_0f_0l_dsc_vdo.ko
__const_udelay	0xeae3dfd6	dsi_panel_c3n_37_02_0d_dsc_vdo.ko
__const_udelay	0xeae3dfd6	dsi_panel_c3n_43_02_0a_dsc_vdo.ko
__const_udelay	0xeae3dfd6	dsi_panel_c3n_43_02_0k_dsc_vdo.ko
__const_udelay	0xeae3dfd6	dsi_panel_c3n_43_02_0n_dsc_vdo.ko
__const_udelay	0xeae3dfd6	dsi_panel_c3n_44_03_0b_dsc_vdo.ko
__const_udelay	0xeae3dfd6	dsi_panel_c3n_44_03_0j_dsc_vdo.ko
__const_udelay	0xeae3dfd6	dsi_panel_c3n_46_03_0c_dsc_vdo.ko
__const_udelay	0xeae3dfd6	dsi_panel_c3n_46_03_0f_dsc_vdo.ko
__const_udelay	0xeae3dfd6	dsi_panel_c3n_46_03_0g_dsc_vdo.ko
__const_udelay	0xeae3dfd6	dsi_panel_c3n_null_dsc_vdo.ko
__const_udelay	0xeae3dfd6	fhctl.ko
__const_udelay	0xeae3dfd6	ft8057m_spi.ko
__const_udelay	0xeae3dfd6	ft8057p_spi.ko
__const_udelay	0xeae3dfd6	gc_gc6133c_ii.ko
__const_udelay	0xeae3dfd6	gf_fingerprint.ko
__const_udelay	0xeae3dfd6	i2c-mt65xx.ko
__const_udelay	0xeae3dfd6	icnl9916_spi.ko
__const_udelay	0xeae3dfd6	imgsensor_isp4_t.ko
__const_udelay	0xeae3dfd6	main2af.ko
__const_udelay	0xeae3dfd6	mainaf.ko
__const_udelay	0xeae3dfd6	mali_kbase_mt6768_r49.ko
__const_udelay	0xeae3dfd6	mcdi.ko
__const_udelay	0xeae3dfd6	mediatek-drm.ko
__const_udelay	0xeae3dfd6	mediatek_eem.ko
__const_udelay	0xeae3dfd6	mrdump.ko
__const_udelay	0xeae3dfd6	mt6358-accdet.ko
__const_udelay	0xeae3dfd6	mt6358-regulator.ko
__const_udelay	0xeae3dfd6	mt6358_battery.ko
__const_udelay	0xeae3dfd6	mt635x-auxadc.ko
__const_udelay	0xeae3dfd6	mt6370-charger.ko
__const_udelay	0xeae3dfd6	mt6577_auxadc.ko
__const_udelay	0xeae3dfd6	mtk-cqdma.ko
__const_udelay	0xeae3dfd6	mtk-dvfsrc-helper.ko
__const_udelay	0xeae3dfd6	mtk-dvfsrc.ko
__const_udelay	0xeae3dfd6	mtk-mmc-dbg.ko
__const_udelay	0xeae3dfd6	mtk-mmc.ko
__const_udelay	0xeae3dfd6	mtk-mml.ko
__const_udelay	0xeae3dfd6	mtk-pwm.ko
__const_udelay	0xeae3dfd6	mtk-scpsys.ko
__const_udelay	0xeae3dfd6	mtk-smi-dbg.ko
__const_udelay	0xeae3dfd6	mtk-uart-apdma.ko
__const_udelay	0xeae3dfd6	mtk_charger_framework.ko
__const_udelay	0xeae3dfd6	mtk_gpufreq_mt6768.ko
__const_udelay	0xeae3dfd6	mtk_iommu.ko
__const_udelay	0xeae3dfd6	mtk_pep20.ko
__const_udelay	0xeae3dfd6	mtk_perf_common.ko
__const_udelay	0xeae3dfd6	mtk_spi.ko
__const_udelay	0xeae3dfd6	mtk_tinysys_ipi.ko
__const_udelay	0xeae3dfd6	mtk_wdt.ko
__const_udelay	0xeae3dfd6	musb_hdrc.ko
__const_udelay	0xeae3dfd6	nt36528_spi.ko
__const_udelay	0xeae3dfd6	nvmem-mt635x-efuse.ko
__const_udelay	0xeae3dfd6	phy-mtk-tphy.ko
__const_udelay	0xeae3dfd6	pinctrl-mtk-common-v2_debug.ko
__const_udelay	0xeae3dfd6	pinctrl-mtk-v2.ko
__const_udelay	0xeae3dfd6	pmic_lbat_service.ko
__const_udelay	0xeae3dfd6	pwm-mtk-disp.ko
__const_udelay	0xeae3dfd6	rtc-mt6397.ko
__const_udelay	0xeae3dfd6	sc_sc080cs_i.ko
__const_udelay	0xeae3dfd6	scp.ko
__const_udelay	0xeae3dfd6	sgm41543_charger.ko
__const_udelay	0xeae3dfd6	sil_fingerprint.ko
__const_udelay	0xeae3dfd6	snd-soc-fs15xx.ko
__const_udelay	0xeae3dfd6	snd-soc-mt6358.ko
__const_udelay	0xeae3dfd6	snd-soc-mt6768-afe.ko
__const_udelay	0xeae3dfd6	sp_sp0821_iii.ko
__const_udelay	0xeae3dfd6	spi-mt65xx.ko
__const_udelay	0xeae3dfd6	spi_slave.ko
__const_udelay	0xeae3dfd6	sspm_v1.ko
__const_udelay	0xeae3dfd6	tcpc_class.ko
__const_udelay	0xeae3dfd6	tcpc_rt1711h.ko
__const_udelay	0xeae3dfd6	tcpc_upm7610.ko
__const_udelay	0xeae3dfd6	thermal_monitor.ko
__const_udelay	0xeae3dfd6	ufs-mediatek-dbg.ko
__const_udelay	0xeae3dfd6	ufs-mediatek-mod.ko
__const_udelay	0xeae3dfd6	upm6920_charger.ko
__const_udelay	0xeae3dfd6	wlan_drv_gen4m_6768.ko
__const_udelay	0xeae3dfd6	wmt_drv.ko
__copy_overflow	0x7682ba4e	aee_aed.ko
__copy_overflow	0x7682ba4e	bt_drv_connac1x.ko
__copy_overflow	0x7682ba4e	camera_dpe_isp40.ko
__copy_overflow	0x7682ba4e	camera_fdvt_isp40.ko
__copy_overflow	0x7682ba4e	cmdq-bdg-test.ko
__copy_overflow	0x7682ba4e	gps_drv_stp.ko
__copy_overflow	0x7682ba4e	icnl9916_spi.ko
__copy_overflow	0x7682ba4e	imgsensor_isp4_t.ko
__copy_overflow	0x7682ba4e	lct_tp.ko
__copy_overflow	0x7682ba4e	mediatek-drm.ko
__copy_overflow	0x7682ba4e	mme.ko
__copy_overflow	0x7682ba4e	wlan_drv_gen4m_6768.ko
__copy_overflow	0x7682ba4e	wmt_drv.ko
__cpu_active_mask	0x15db3b99	monitor_hang.ko
__cpu_active_mask	0x15db3b99	mtk_fpsgo.ko
__cpu_active_mask	0x15db3b99	scheduler.ko
__cpu_online_mask	0xac594e02	CPU_DVFS.ko
__cpu_online_mask	0xac594e02	MTK_INTERNAL_SPM.ko
__cpu_online_mask	0xac594e02	aee_aed.ko
__cpu_online_mask	0xac594e02	aee_hangdet.ko
__cpu_online_mask	0xac594e02	arm_dsu_pmu.ko
__cpu_online_mask	0xac594e02	blocktag.ko
__cpu_online_mask	0xac594e02	bt_drv_connac1x.ko
__cpu_online_mask	0xac594e02	cfg80211.ko
__cpu_online_mask	0xac594e02	cpufreq_sugov_ext.ko
__cpu_online_mask	0xac594e02	ged.ko
__cpu_online_mask	0xac594e02	gz_ipc_mod.ko
__cpu_online_mask	0xac594e02	gz_trusty_mod.ko
__cpu_online_mask	0xac594e02	gz_virtio_mod.ko
__cpu_online_mask	0xac594e02	isee.ko
__cpu_online_mask	0xac594e02	mac80211.ko
__cpu_online_mask	0xac594e02	mali_kbase_mt6768_r49.ko
__cpu_online_mask	0xac594e02	mcdi.ko
__cpu_online_mask	0xac594e02	mediatek-drm.ko
__cpu_online_mask	0xac594e02	met.ko
__cpu_online_mask	0xac594e02	mmqos-common.ko
__cpu_online_mask	0xac594e02	monitor_hang.ko
__cpu_online_mask	0xac594e02	mtk-dvfsrc-regulator.ko
__cpu_online_mask	0xac594e02	mtk-emi.ko
__cpu_online_mask	0xac594e02	mtk-icc-core.ko
__cpu_online_mask	0xac594e02	mtk-mbox.ko
__cpu_online_mask	0xac594e02	mtk-mmdvfs-ftrace.ko
__cpu_online_mask	0xac594e02	mtk_cpu_power_throttling.ko
__cpu_online_mask	0xac594e02	mtk_cpuhp.ko
__cpu_online_mask	0xac594e02	mtk_fpsgo.ko
__cpu_online_mask	0xac594e02	mtk_low_battery_throttling.ko
__cpu_online_mask	0xac594e02	mtk_peak_power_budget.ko
__cpu_online_mask	0xac594e02	mtk_perf_common.ko
__cpu_online_mask	0xac594e02	mtk_ppm_v3.ko
__cpu_online_mask	0xac594e02	musb_hdrc.ko
__cpu_online_mask	0xac594e02	powerhal_cpu_ctrl.ko
__cpu_online_mask	0xac594e02	rps_perf.ko
__cpu_online_mask	0xac594e02	rtc-mt6397.ko
__cpu_online_mask	0xac594e02	scheduler.ko
__cpu_online_mask	0xac594e02	system_heap.ko
__cpu_online_mask	0xac594e02	thermal_monitor.ko
__cpu_online_mask	0xac594e02	timer-mediatek.ko
__cpu_online_mask	0xac594e02	touch_boost.ko
__cpu_online_mask	0xac594e02	trace_mmstat.ko
__cpu_online_mask	0xac594e02	ufs-mediatek-mod.ko
__cpu_online_mask	0xac594e02	wlan_drv_gen4m_6768.ko
__cpu_online_mask	0xac594e02	zsmalloc.ko
__cpu_pause_mask	0x81a6d354	mtk_fpsgo.ko
__cpu_possible_mask	0xde7ece30	aee_hangdet.ko
__cpu_possible_mask	0xde7ece30	blocktag.ko
__cpu_possible_mask	0xde7ece30	cpufreq_sugov_ext.ko
__cpu_possible_mask	0xde7ece30	cpumaxfreq.ko
__cpu_possible_mask	0xde7ece30	gz_ipc_mod.ko
__cpu_possible_mask	0xde7ece30	gz_irq_mod.ko
__cpu_possible_mask	0xde7ece30	gz_trusty_mod.ko
__cpu_possible_mask	0xde7ece30	gz_tz_system.ko
__cpu_possible_mask	0xde7ece30	gz_virtio_mod.ko
__cpu_possible_mask	0xde7ece30	load_track.ko
__cpu_possible_mask	0xde7ece30	mac80211.ko
__cpu_possible_mask	0xde7ece30	met.ko
__cpu_possible_mask	0xde7ece30	monitor_hang.ko
__cpu_possible_mask	0xde7ece30	mrdump.ko
__cpu_possible_mask	0xde7ece30	mtk_cm_mgr.ko
__cpu_possible_mask	0xde7ece30	mtk_cpu_power_throttling.ko
__cpu_possible_mask	0xde7ece30	mtk_cpuhp.ko
__cpu_possible_mask	0xde7ece30	mtk_em.ko
__cpu_possible_mask	0xde7ece30	mtk_fpsgo.ko
__cpu_possible_mask	0xde7ece30	mtk_pbm.ko
__cpu_possible_mask	0xde7ece30	mtk_perf_common.ko
__cpu_possible_mask	0xde7ece30	mtk_ppm_v3.ko
__cpu_possible_mask	0xde7ece30	musb_boost.ko
__cpu_possible_mask	0xde7ece30	powerhal_cpu_ctrl.ko
__cpu_possible_mask	0xde7ece30	scheduler.ko
__cpu_possible_mask	0xde7ece30	thermal_monitor.ko
__cpu_possible_mask	0xde7ece30	timer-mediatek.ko
__cpu_possible_mask	0xde7ece30	touch_boost.ko
__cpu_possible_mask	0xde7ece30	uload_ind.ko
__cpu_possible_mask	0xde7ece30	wlan_drv_gen4m_6768.ko
__cpu_possible_mask	0xde7ece30	zram.ko
__cpu_present_mask	0xb3055449	MTK_INTERNAL_SPM.ko
__cpu_present_mask	0xb3055449	mrdump.ko
__cpu_present_mask	0xb3055449	mtk_cpuhp.ko
__cpu_present_mask	0xb3055449	mtk_ppm_v3.ko
__cpufreq_driver_target	0x9e495a52	cpufreq_sugov_ext.ko
__cpuhp_remove_state	0x19ac0ff7	CPU_DVFS.ko
__cpuhp_remove_state	0x19ac0ff7	arm_dsu_pmu.ko
__cpuhp_remove_state	0x19ac0ff7	gz_irq_mod.ko
__cpuhp_remove_state	0x19ac0ff7	met.ko
__cpuhp_remove_state	0x19ac0ff7	ufs-mediatek-mod.ko
__cpuhp_remove_state	0x19ac0ff7	zram.ko
__cpuhp_remove_state	0x19ac0ff7	zsmalloc.ko
__cpuhp_setup_state	0x97fa317c	CPU_DVFS.ko
__cpuhp_setup_state	0x97fa317c	aee_hangdet.ko
__cpuhp_setup_state	0x97fa317c	arm_dsu_pmu.ko
__cpuhp_setup_state	0x97fa317c	gz_irq_mod.ko
__cpuhp_setup_state	0x97fa317c	isee.ko
__cpuhp_setup_state	0x97fa317c	mcdi.ko
__cpuhp_setup_state	0x97fa317c	met.ko
__cpuhp_setup_state	0x97fa317c	mtk_cpuhp.ko
__cpuhp_setup_state	0x97fa317c	mtk_ppm_v3.ko
__cpuhp_setup_state	0x97fa317c	ufs-mediatek-mod.ko
__cpuhp_setup_state	0x97fa317c	zram.ko
__cpuhp_setup_state	0x97fa317c	zsmalloc.ko
__cpuhp_state_add_instance	0xaa87cf19	arm_dsu_pmu.ko
__cpuhp_state_add_instance	0xaa87cf19	gz_irq_mod.ko
__cpuhp_state_add_instance	0xaa87cf19	ufs-mediatek-mod.ko
__cpuhp_state_add_instance	0xaa87cf19	zram.ko
__cpuhp_state_remove_instance	0x8fa8aca1	arm_dsu_pmu.ko
__cpuhp_state_remove_instance	0x8fa8aca1	gz_irq_mod.ko
__cpuhp_state_remove_instance	0x8fa8aca1	ufs-mediatek-mod.ko
__cpuhp_state_remove_instance	0x8fa8aca1	zram.ko
__crypto_memneq	0x5a44f8cb	mac80211.ko
__crypto_xor	0xa3f12f69	mac80211.ko
__dev_change_net_namespace	0xec84ffc9	cfg80211.ko
__dev_fwnode	0x5be47850	arm_dsu_pmu.ko
__dev_fwnode	0x5be47850	musb_hdrc.ko
__dev_fwnode	0x5be47850	v4l2-flash-led-class.ko
__dev_get_by_index	0x102bf4f2	cfg80211.ko
__dev_queue_xmit	0xb2373ece	mac80211.ko
__devm_add_action	0x3abdf628	leds-mt6370-flash.ko
__devm_add_action	0x3abdf628	mt6370-charger.ko
__devm_alloc_percpu	0x74551e70	gz_trusty_mod.ko
__devm_iio_device_register	0x53730458	mt635x-auxadc.ko
__devm_iio_device_register	0x53730458	mt6370-adc.ko
__devm_of_phy_provider_register	0xb3c0c618	mediatek-drm.ko
__devm_of_phy_provider_register	0xb3c0c618	phy-mtk-tphy.ko
__devm_regmap_init	0x0f07bb59	mt6370.ko
__devm_regmap_init	0x0f07bb59	mtk-pmic-wrap.ko
__devm_regmap_init	0x0f07bb59	snd-soc-mt6660.ko
__devm_regmap_init_i2c	0x86d903c9	upm6920_charger.ko
__devm_regmap_init_mmio_clk	0x13215fa8	snd-soc-mt6768-afe.ko
__devm_reset_control_get	0xc73247c2	mtk-mmc.ko
__devm_reset_control_get	0xc73247c2	mtk-pmic-wrap.ko
__devm_reset_control_get	0xc73247c2	ufs-mediatek-mod.ko
__devm_rtc_register_device	0x71662157	rtc-mt6397.ko
__devres_alloc_node	0x401c481b	extdev_io_class.ko
__devres_alloc_node	0x401c481b	leds-mt6370-flash.ko
__devres_alloc_node	0x401c481b	reboot-mode.ko
__drm_atomic_helper_connector_destroy_state	0x90893b7a	mediatek-drm.ko
__drm_atomic_helper_connector_duplicate_state	0xf9dac1f5	mediatek-drm.ko
__drm_atomic_helper_connector_reset	0xbdea9538	mediatek-drm.ko
__drm_atomic_helper_crtc_destroy_state	0x9c51daf2	mediatek-drm.ko
__drm_atomic_helper_crtc_duplicate_state	0x7d21d611	mediatek-drm.ko
__drm_atomic_helper_plane_destroy_state	0xed3cbaba	mediatek-drm.ko
__drm_atomic_helper_plane_duplicate_state	0x47270f4a	mediatek-drm.ko
__drm_atomic_helper_private_obj_duplicate_state	0x23e9a392	drm_display_helper.ko
__drm_atomic_state_free	0xb9cad492	mediatek-drm.ko
__drm_crtc_commit_free	0xae277372	drm_display_helper.ko
__drm_debug	0x69353664	drm_display_helper.ko
__drm_dev_dbg	0x136379e6	drm_display_helper.ko
__drm_dev_dbg	0x136379e6	drm_dma_helper.ko
__drm_err	0xb11ac7a7	drm_display_helper.ko
__drm_err	0xb11ac7a7	drm_dma_helper.ko
__drm_err	0xb11ac7a7	mediatek-drm.ko
__drm_printfn_debug	0xf824c7db	drm_display_helper.ko
__flush_workqueue	0x9166fc03	bt_drv_connac1x.ko
__flush_workqueue	0x9166fc03	c2k_usb.ko
__flush_workqueue	0x9166fc03	ccu_isp4.ko
__flush_workqueue	0x9166fc03	ged.ko
__flush_workqueue	0x9166fc03	icnl9916_spi.ko
__flush_workqueue	0x9166fc03	load_track.ko
__flush_workqueue	0x9166fc03	mac80211.ko
__flush_workqueue	0x9166fc03	mali_kbase_mt6768_r49.ko
__flush_workqueue	0x9166fc03	miev.ko
__flush_workqueue	0x9166fc03	mt6370-charger.ko
__flush_workqueue	0x9166fc03	mtk-vcodec-dec-v1.ko
__flush_workqueue	0x9166fc03	mtk-vcodec-enc-v1.ko
__flush_workqueue	0x9166fc03	nt36528_spi.ko
__flush_workqueue	0x9166fc03	scp.ko
__flush_workqueue	0x9166fc03	wlan_drv_gen4m_6768.ko
__folio_lock	0xd7b558ca	mali_kbase_mt6768_r49.ko
__folio_put	0x3ed22562	gz_main_mod.ko
__folio_put	0x3ed22562	gz_tz_system.ko
__folio_put	0x3ed22562	mali_kbase_mt6768_r49.ko
__folio_put	0x3ed22562	monitor_hang.ko
__folio_put	0x3ed22562	zsmalloc.ko
__free_pages	0x2b36c64e	ccci_util_lib.ko
__free_pages	0x2b36c64e	isee.ko
__free_pages	0x2b36c64e	mali_kbase_mt6768_r49.ko
__free_pages	0x2b36c64e	mali_mgm_mt6768_r49.ko
__free_pages	0x2b36c64e	mediatek-drm.ko
__free_pages	0x2b36c64e	memory-amms.ko
__free_pages	0x2b36c64e	mi_memory.ko
__free_pages	0x2b36c64e	mtk_sec_heap.ko
__free_pages	0x2b36c64e	system_heap.ko
__free_pages	0x2b36c64e	trusted_mem.ko
__free_pages	0x2b36c64e	zram.ko
__free_pages	0x2b36c64e	zsmalloc.ko
__get_free_pages	0x6a5cb5ee	CPU_DVFS.ko
__get_free_pages	0x6a5cb5ee	aee_aed.ko
__get_free_pages	0x6a5cb5ee	c2k_usb.ko
__get_free_pages	0x6a5cb5ee	gz_main_mod.ko
__get_free_pages	0x6a5cb5ee	iommu_gz.ko
__get_free_pages	0x6a5cb5ee	isee.ko
__get_free_pages	0x6a5cb5ee	mcDrvModule.ko
__get_free_pages	0x6a5cb5ee	mediatek_eem.ko
__get_free_pages	0x6a5cb5ee	met.ko
__get_free_pages	0x6a5cb5ee	mtk_ppm_v3.ko
__get_free_pages	0x6a5cb5ee	powerhal_cpu_ctrl.ko
__get_task_comm	0xeac24d96	mdp_drv_mt6768.ko
__get_task_comm	0xeac24d96	mme.ko
__get_task_comm	0xeac24d96	mtk_sec_heap.ko
__get_task_comm	0xeac24d96	system_heap.ko
__hrtimer_get_remaining	0xf4d46846	ged.ko
__hw_addr_init	0xf28cf0ae	mac80211.ko
__hw_addr_sync	0x91f68ea1	mac80211.ko
__hw_addr_unsync	0xb71ed69f	mac80211.ko
__iio_device_register	0xec4397a9	mt6577_auxadc.ko
__iio_device_register	0xec4397a9	sensorHub.ko
__init_rwsem	0xf5a94b83	gz_trusty_mod.ko
__init_rwsem	0xf5a94b83	mcDrvModule.ko
__init_rwsem	0xf5a94b83	mmqos-common.ko
__init_rwsem	0xf5a94b83	monitor_hang.ko
__init_rwsem	0xf5a94b83	zram.ko
__init_swait_queue_head	0x608741b5	accelhub.ko
__init_swait_queue_head	0x608741b5	aee_aed.ko
__init_swait_queue_head	0x608741b5	bt_drv_connac1x.ko
__init_swait_queue_head	0x608741b5	btif_drv.ko
__init_swait_queue_head	0x608741b5	ccu_isp4.ko
__init_swait_queue_head	0x608741b5	cmdq-bdg-test.ko
__init_swait_queue_head	0x608741b5	cmdq-test.ko
__init_swait_queue_head	0x608741b5	conn_md_drv.ko
__init_swait_queue_head	0x608741b5	cqhci.ko
__init_swait_queue_head	0x608741b5	fmradio_drv_mt6631.ko
__init_swait_queue_head	0x608741b5	ft8057m_spi.ko
__init_swait_queue_head	0x608741b5	ft8057p_spi.ko
__init_swait_queue_head	0x608741b5	gyrohub.ko
__init_swait_queue_head	0x608741b5	gz_ipc_mod.ko
__init_swait_queue_head	0x608741b5	gz_trusty_mod.ko
__init_swait_queue_head	0x608741b5	gz_virtio_mod.ko
__init_swait_queue_head	0x608741b5	i2c-mt65xx.ko
__init_swait_queue_head	0x608741b5	icnl9916_spi.ko
__init_swait_queue_head	0x608741b5	isee.ko
__init_swait_queue_head	0x608741b5	maghub.ko
__init_swait_queue_head	0x608741b5	mali_kbase_mt6768_r49.ko
__init_swait_queue_head	0x608741b5	mcDrvModule.ko
__init_swait_queue_head	0x608741b5	mediatek-drm.ko
__init_swait_queue_head	0x608741b5	met.ko
__init_swait_queue_head	0x608741b5	mtk-cmdq-drv-ext.ko
__init_swait_queue_head	0x608741b5	mtk-cqdma.ko
__init_swait_queue_head	0x608741b5	mtk-mml.ko
__init_swait_queue_head	0x608741b5	mtk_tinysys_ipi.ko
__init_swait_queue_head	0x608741b5	nt36528_spi.ko
__init_swait_queue_head	0x608741b5	rtc-mt6397.ko
__init_swait_queue_head	0x608741b5	scp.ko
__init_swait_queue_head	0x608741b5	sensorHub.ko
__init_swait_queue_head	0x608741b5	sil_fingerprint.ko
__init_swait_queue_head	0x608741b5	situationhub.ko
__init_swait_queue_head	0x608741b5	spi-mt65xx.ko
__init_swait_queue_head	0x608741b5	sspm_v1.ko
__init_swait_queue_head	0x608741b5	ufs-mediatek-mod.ko
__init_swait_queue_head	0x608741b5	wlan_drv_gen4m_6768.ko
__init_swait_queue_head	0x608741b5	wmt_drv.ko
__init_waitqueue_head	0xd9a5ea54	aee_aed.ko
__init_waitqueue_head	0xd9a5ea54	atf_logger.ko
__init_waitqueue_head	0xd9a5ea54	blocktag.ko
__init_waitqueue_head	0xd9a5ea54	bt_drv_connac1x.ko
__init_waitqueue_head	0xd9a5ea54	camera_dpe_isp40.ko
__init_waitqueue_head	0xd9a5ea54	camera_fdvt_isp40.ko
__init_waitqueue_head	0xd9a5ea54	camera_isp_4_t.ko
__init_waitqueue_head	0xd9a5ea54	ccci_cldma.ko
__init_waitqueue_head	0xd9a5ea54	ccci_fsm_scp.ko
__init_waitqueue_head	0xd9a5ea54	ccci_md_all.ko
__init_waitqueue_head	0xd9a5ea54	ccci_util_lib.ko
__init_waitqueue_head	0xd9a5ea54	ccu_isp4.ko
__init_waitqueue_head	0xd9a5ea54	cfg80211.ko
__init_waitqueue_head	0xd9a5ea54	cqhci.ko
__init_waitqueue_head	0xd9a5ea54	drm_display_helper.ko
__init_waitqueue_head	0xd9a5ea54	fmradio_drv_mt6631.ko
__init_waitqueue_head	0xd9a5ea54	ft8057m_spi.ko
__init_waitqueue_head	0xd9a5ea54	ft8057p_spi.ko
__init_waitqueue_head	0xd9a5ea54	gps_drv_stp.ko
__init_waitqueue_head	0xd9a5ea54	gz_ipc_mod.ko
__init_waitqueue_head	0xd9a5ea54	gz_log_mod.ko
__init_waitqueue_head	0xd9a5ea54	hwmon.ko
__init_waitqueue_head	0xd9a5ea54	mali_kbase_mt6768_r49.ko
__init_waitqueue_head	0xd9a5ea54	mcDrvModule.ko
__init_waitqueue_head	0xd9a5ea54	mdp_drv_mt6768.ko
__init_waitqueue_head	0xd9a5ea54	mediatek-drm.ko
__init_waitqueue_head	0xd9a5ea54	mediatek_eem.ko
__init_waitqueue_head	0xd9a5ea54	miev.ko
__init_waitqueue_head	0xd9a5ea54	mmqos-common.ko
__init_waitqueue_head	0xd9a5ea54	monitor_hang.ko
__init_waitqueue_head	0xd9a5ea54	mt6358_battery.ko
__init_waitqueue_head	0xd9a5ea54	mt6370-charger.ko
__init_waitqueue_head	0xd9a5ea54	mtk-btcvsd.ko
__init_waitqueue_head	0xd9a5ea54	mtk-cmdq-drv-ext.ko
__init_waitqueue_head	0xd9a5ea54	mtk-mml.ko
__init_waitqueue_head	0xd9a5ea54	mtk-vcodec-dec-v1.ko
__init_waitqueue_head	0xd9a5ea54	mtk-vcodec-enc-v1.ko
__init_waitqueue_head	0xd9a5ea54	mtk-vcu.ko
__init_waitqueue_head	0xd9a5ea54	mtk_battery_manager.ko
__init_waitqueue_head	0xd9a5ea54	mtk_charger_framework.ko
__init_waitqueue_head	0xd9a5ea54	mtk_chg_type_det.ko
__init_waitqueue_head	0xd9a5ea54	mtk_low_battery_throttling.ko
__init_waitqueue_head	0xd9a5ea54	nxp_i2c.ko
__init_waitqueue_head	0xd9a5ea54	scp.ko
__init_waitqueue_head	0xd9a5ea54	sensorHub.ko
__init_waitqueue_head	0xd9a5ea54	sil_fingerprint.ko
__init_waitqueue_head	0xd9a5ea54	snd-soc-sipa-tuning.ko
__init_waitqueue_head	0xd9a5ea54	sspm_v1.ko
__init_waitqueue_head	0xd9a5ea54	system_heap.ko
__init_waitqueue_head	0xd9a5ea54	tcpc_class.ko
__init_waitqueue_head	0xd9a5ea54	touch_boost.ko
__init_waitqueue_head	0xd9a5ea54	wlan_drv_gen4m_6768.ko
__init_waitqueue_head	0xd9a5ea54	wmt_drv.ko
__init_waitqueue_head	0xd9a5ea54	xm_smart_chg.ko
__ipv6_addr_type	0x0d542439	wlan_drv_gen4m_6768.ko
__irq_apply_affinity_hint	0x51786ad8	cache-parity.ko
__irq_apply_affinity_hint	0x51786ad8	mtk-mmc.ko
__irq_apply_affinity_hint	0x51786ad8	ufs-mediatek-mod.ko
__irq_apply_affinity_hint	0x51786ad8	wlan_drv_gen4m_6768.ko
__irq_domain_add	0x9a92627c	mt6397.ko
__irq_domain_add	0x9a92627c	pinctrl-mtk-v2.ko
__irq_resolve_mapping	0xe66a4a36	gz_irq_mod.ko
__irq_resolve_mapping	0xe66a4a36	mt6397.ko
__irq_resolve_mapping	0xe66a4a36	pinctrl-mtk-v2.ko
__kfifo_alloc	0x139f2189	btif_drv.ko
__kfifo_alloc	0x139f2189	miev.ko
__kfifo_alloc	0x139f2189	wmt_drv.ko
__kfifo_free	0xdb760f52	btif_drv.ko
__kfifo_free	0xdb760f52	miev.ko
__kfifo_free	0xdb760f52	wmt_drv.ko
__kfifo_in	0xf23fcb99	btif_drv.ko
__kfifo_in	0xf23fcb99	miev.ko
__kfifo_in	0xf23fcb99	mtk-mmc.ko
__kfifo_in	0xf23fcb99	wlan_drv_gen4m_6768.ko
__kfifo_in	0xf23fcb99	wmt_drv.ko
__kfifo_init	0xbd462b55	wlan_drv_gen4m_6768.ko
__kfifo_init	0xbd462b55	wmt_drv.ko
__kfifo_out	0x13d0adf7	btif_drv.ko
__kfifo_out	0x13d0adf7	miev.ko
__kfifo_out	0x13d0adf7	mtk-mmc.ko
__kfifo_out	0x13d0adf7	wlan_drv_gen4m_6768.ko
__kfifo_out	0x13d0adf7	wmt_drv.ko
__kfifo_to_user	0x72aa63ef	miev.ko
__kmalloc	0xeb233a45	CPU_DVFS.ko
__kmalloc	0xeb233a45	aee_aed.ko
__kmalloc	0xeb233a45	blocktag.ko
__kmalloc	0xeb233a45	bootprof.ko
__kmalloc	0xeb233a45	btif_drv.ko
__kmalloc	0xeb233a45	cam_qos_4.ko
__kmalloc	0xeb233a45	camera_eeprom_isp4_t.ko
__kmalloc	0xeb233a45	camera_isp_4_t.ko
__kmalloc	0xeb233a45	ccci_fsm_scp.ko
__kmalloc	0xeb233a45	ccci_md_all.ko
__kmalloc	0xeb233a45	ccci_util_lib.ko
__kmalloc	0xeb233a45	ccu_isp4.ko
__kmalloc	0xeb233a45	cfg80211.ko
__kmalloc	0xeb233a45	clk-common.ko
__kmalloc	0xeb233a45	clkbuf.ko
__kmalloc	0xeb233a45	cmdq-bdg-mailbox.ko
__kmalloc	0xeb233a45	cmdq-bdg-test.ko
__kmalloc	0xeb233a45	cmdq-sec-drv.ko
__kmalloc	0xeb233a45	conn_md_drv.ko
__kmalloc	0xeb233a45	connadp.ko
__kmalloc	0xeb233a45	cpufreq_sugov_ext.ko
__kmalloc	0xeb233a45	drm_display_helper.ko
__kmalloc	0xeb233a45	emimpu.ko
__kmalloc	0xeb233a45	extdev_io_class.ko
__kmalloc	0xeb233a45	fhctl.ko
__kmalloc	0xeb233a45	fmradio_drv_mt6631.ko
__kmalloc	0xeb233a45	ft8057m_spi.ko
__kmalloc	0xeb233a45	ft8057p_spi.ko
__kmalloc	0xeb233a45	ged.ko
__kmalloc	0xeb233a45	gf_fingerprint.ko
__kmalloc	0xeb233a45	gz_ipc_mod.ko
__kmalloc	0xeb233a45	gz_main_mod.ko
__kmalloc	0xeb233a45	gz_tz_system.ko
__kmalloc	0xeb233a45	gz_virtio_mod.ko
__kmalloc	0xeb233a45	i2c-mt65xx.ko
__kmalloc	0xeb233a45	icnl9916_spi.ko
__kmalloc	0xeb233a45	imgsensor_isp4_t.ko
__kmalloc	0xeb233a45	isee.ko
__kmalloc	0xeb233a45	lct_tp.ko
__kmalloc	0xeb233a45	load_track.ko
__kmalloc	0xeb233a45	log_store.ko
__kmalloc	0xeb233a45	mac80211.ko
__kmalloc	0xeb233a45	mali_kbase_mt6768_r49.ko
__kmalloc	0xeb233a45	mcDrvModule.ko
__kmalloc	0xeb233a45	mdp_drv_mt6768.ko
__kmalloc	0xeb233a45	mediatek-drm.ko
__kmalloc	0xeb233a45	met.ko
__kmalloc	0xeb233a45	mi_memory.ko
__kmalloc	0xeb233a45	mme.ko
__kmalloc	0xeb233a45	mrdump.ko
__kmalloc	0xeb233a45	mt6358_battery.ko
__kmalloc	0xeb233a45	mtk-cmdq-drv-ext.ko
__kmalloc	0xeb233a45	mtk-cqdma.ko
__kmalloc	0xeb233a45	mtk-dvfsrc-helper.ko
__kmalloc	0xeb233a45	mtk-icc-core.ko
__kmalloc	0xeb233a45	mtk-mmdvfs-debug.ko
__kmalloc	0xeb233a45	mtk-mml.ko
__kmalloc	0xeb233a45	mtk-smi-dbg.ko
__kmalloc	0xeb233a45	mtk-vcodec-common.ko
__kmalloc	0xeb233a45	mtk_battery_manager.ko
__kmalloc	0xeb233a45	mtk_cpu_power_throttling.ko
__kmalloc	0xeb233a45	mtk_fpsgo.ko
__kmalloc	0xeb233a45	mtk_gpufreq_mt6768.ko
__kmalloc	0xeb233a45	mtk_heap_debug.ko
__kmalloc	0xeb233a45	mtk_ioctl_powerhal.ko
__kmalloc	0xeb233a45	mtk_md_power_throttling.ko
__kmalloc	0xeb233a45	mtk_perf_common.ko
__kmalloc	0xeb233a45	mtk_perf_ioctl.ko
__kmalloc	0xeb233a45	mtk_ppm_v3.ko
__kmalloc	0xeb233a45	mtk_sec_heap.ko
__kmalloc	0xeb233a45	mtk_tinysys_ipi.ko
__kmalloc	0xeb233a45	mtk_u_ether.ko
__kmalloc	0xeb233a45	mtk_usb_f_rndis.ko
__kmalloc	0xeb233a45	nt36528_spi.ko
__kmalloc	0xeb233a45	pd_dbg_info.ko
__kmalloc	0xeb233a45	pmic_lbat_service.ko
__kmalloc	0xeb233a45	powerhal_cpu_ctrl.ko
__kmalloc	0xeb233a45	rpmb-mtk.ko
__kmalloc	0xeb233a45	rps_perf.ko
__kmalloc	0xeb233a45	scheduler.ko
__kmalloc	0xeb233a45	scp.ko
__kmalloc	0xeb233a45	snd-soc-fs15xx.ko
__kmalloc	0xeb233a45	spi-mt65xx.ko
__kmalloc	0xeb233a45	spi_slave.ko
__kmalloc	0xeb233a45	sspm_v1.ko
__kmalloc	0xeb233a45	system_heap.ko
__kmalloc	0xeb233a45	tcpc_rt1711h.ko
__kmalloc	0xeb233a45	tcpc_upm7610.ko
__kmalloc	0xeb233a45	thermal_monitor.ko
__kmalloc	0xeb233a45	touch_boost.ko
__kmalloc	0xeb233a45	ufs-mediatek-mod.ko
__kmalloc	0xeb233a45	wlan_drv_gen4m_6768.ko
__kmalloc	0xeb233a45	wmt_drv.ko
__kmalloc	0xeb233a45	zram.ko
__kthread_init_worker	0x561aebf5	cpufreq_sugov_ext.ko
__kthread_init_worker	0x561aebf5	gz_trusty_mod.ko
__kthread_init_worker	0x561aebf5	mcDrvModule.ko
__kthread_init_worker	0x561aebf5	mediatek-drm.ko
__list_add_valid_or_report	0x7e19152a	aee_aed.ko
__list_add_valid_or_report	0x7e19152a	blocktag.ko
__list_add_valid_or_report	0x7e19152a	bootprof.ko
__list_add_valid_or_report	0x7e19152a	btif_drv.ko
__list_add_valid_or_report	0x7e19152a	c2k_usb.ko
__list_add_valid_or_report	0x7e19152a	camera_mem.ko
__list_add_valid_or_report	0x7e19152a	ccci_cldma.ko
__list_add_valid_or_report	0x7e19152a	ccci_md_all.ko
__list_add_valid_or_report	0x7e19152a	ccci_util_lib.ko
__list_add_valid_or_report	0x7e19152a	ccu_isp4.ko
__list_add_valid_or_report	0x7e19152a	cfg80211.ko
__list_add_valid_or_report	0x7e19152a	clk-mt6768-pg.ko
__list_add_valid_or_report	0x7e19152a	cmdq-bdg-mailbox.ko
__list_add_valid_or_report	0x7e19152a	cmdq-sec-drv.ko
__list_add_valid_or_report	0x7e19152a	conn_md_drv.ko
__list_add_valid_or_report	0x7e19152a	device-apc-common-legacy.ko
__list_add_valid_or_report	0x7e19152a	drm_display_helper.ko
__list_add_valid_or_report	0x7e19152a	emimpu.ko
__list_add_valid_or_report	0x7e19152a	flashlight.ko
__list_add_valid_or_report	0x7e19152a	ged.ko
__list_add_valid_or_report	0x7e19152a	gf_fingerprint.ko
__list_add_valid_or_report	0x7e19152a	gz_ipc_mod.ko
__list_add_valid_or_report	0x7e19152a	gz_trusty_mod.ko
__list_add_valid_or_report	0x7e19152a	gz_virtio_mod.ko
__list_add_valid_or_report	0x7e19152a	hwmon.ko
__list_add_valid_or_report	0x7e19152a	iommu_debug.ko
__list_add_valid_or_report	0x7e19152a	isee.ko
__list_add_valid_or_report	0x7e19152a	mac80211.ko
__list_add_valid_or_report	0x7e19152a	mali_kbase_mt6768_r49.ko
__list_add_valid_or_report	0x7e19152a	mali_mgm_mt6768_r49.ko
__list_add_valid_or_report	0x7e19152a	mcDrvModule.ko
__list_add_valid_or_report	0x7e19152a	mdp_drv_mt6768.ko
__list_add_valid_or_report	0x7e19152a	mediatek-drm.ko
__list_add_valid_or_report	0x7e19152a	met.ko
__list_add_valid_or_report	0x7e19152a	mmprofile.ko
__list_add_valid_or_report	0x7e19152a	mmqos-common.ko
__list_add_valid_or_report	0x7e19152a	monitor_hang.ko
__list_add_valid_or_report	0x7e19152a	mt6358_battery.ko
__list_add_valid_or_report	0x7e19152a	mtk-cmdq-drv-ext.ko
__list_add_valid_or_report	0x7e19152a	mtk-cqdma.ko
__list_add_valid_or_report	0x7e19152a	mtk-icc-core.ko
__list_add_valid_or_report	0x7e19152a	mtk-mml.ko
__list_add_valid_or_report	0x7e19152a	mtk-smi-dbg.ko
__list_add_valid_or_report	0x7e19152a	mtk-uart-apdma.ko
__list_add_valid_or_report	0x7e19152a	mtk-vcodec-common.ko
__list_add_valid_or_report	0x7e19152a	mtk-vcodec-dec-v1.ko
__list_add_valid_or_report	0x7e19152a	mtk-vcodec-enc-v1.ko
__list_add_valid_or_report	0x7e19152a	mtk-vcu.ko
__list_add_valid_or_report	0x7e19152a	mtk_cpu_power_throttling.ko
__list_add_valid_or_report	0x7e19152a	mtk_fpsgo.ko
__list_add_valid_or_report	0x7e19152a	mtk_gpu_hal.ko
__list_add_valid_or_report	0x7e19152a	mtk_heap_debug.ko
__list_add_valid_or_report	0x7e19152a	mtk_iommu.ko
__list_add_valid_or_report	0x7e19152a	mtk_panel_ext.ko
__list_add_valid_or_report	0x7e19152a	mtk_pbm.ko
__list_add_valid_or_report	0x7e19152a	mtk_ppm_v3.ko
__list_add_valid_or_report	0x7e19152a	mtk_sec_heap.ko
__list_add_valid_or_report	0x7e19152a	mtk_spi.ko
__list_add_valid_or_report	0x7e19152a	mtk_sync.ko
__list_add_valid_or_report	0x7e19152a	mtk_u_ether.ko
__list_add_valid_or_report	0x7e19152a	mtk_usb_f_rndis.ko
__list_add_valid_or_report	0x7e19152a	musb_boost.ko
__list_add_valid_or_report	0x7e19152a	musb_hdrc.ko
__list_add_valid_or_report	0x7e19152a	pd_dbg_info.ko
__list_add_valid_or_report	0x7e19152a	perfhelper.ko
__list_add_valid_or_report	0x7e19152a	pmic_lbat_service.ko
__list_add_valid_or_report	0x7e19152a	reboot-mode.ko
__list_add_valid_or_report	0x7e19152a	scheduler.ko
__list_add_valid_or_report	0x7e19152a	sensorHub.ko
__list_add_valid_or_report	0x7e19152a	sil_fingerprint.ko
__list_add_valid_or_report	0x7e19152a	snd-soc-fs15xx.ko
__list_add_valid_or_report	0x7e19152a	snd-soc-mt6768-afe.ko
__list_add_valid_or_report	0x7e19152a	spi_slave.ko
__list_add_valid_or_report	0x7e19152a	system_heap.ko
__list_add_valid_or_report	0x7e19152a	thermal_monitor.ko
__list_add_valid_or_report	0x7e19152a	touch_boost.ko
__list_add_valid_or_report	0x7e19152a	trusted_mem.ko
__list_add_valid_or_report	0x7e19152a	usb_meta.ko
__list_add_valid_or_report	0x7e19152a	wlan_drv_gen4m_6768.ko
__list_add_valid_or_report	0x7e19152a	zsmalloc.ko
__list_del_entry_valid_or_report	0x9a835040	aee_aed.ko
__list_del_entry_valid_or_report	0x9a835040	blocktag.ko
__list_del_entry_valid_or_report	0x9a835040	bootprof.ko
__list_del_entry_valid_or_report	0x9a835040	btif_drv.ko
__list_del_entry_valid_or_report	0x9a835040	c2k_usb.ko
__list_del_entry_valid_or_report	0x9a835040	camera_mem.ko
__list_del_entry_valid_or_report	0x9a835040	ccci_md_all.ko
__list_del_entry_valid_or_report	0x9a835040	ccci_util_lib.ko
__list_del_entry_valid_or_report	0x9a835040	ccu_isp4.ko
__list_del_entry_valid_or_report	0x9a835040	cfg80211.ko
__list_del_entry_valid_or_report	0x9a835040	cmdq-bdg-mailbox.ko
__list_del_entry_valid_or_report	0x9a835040	cmdq-sec-drv.ko
__list_del_entry_valid_or_report	0x9a835040	conn_md_drv.ko
__list_del_entry_valid_or_report	0x9a835040	drm_display_helper.ko
__list_del_entry_valid_or_report	0x9a835040	flashlight.ko
__list_del_entry_valid_or_report	0x9a835040	ged.ko
__list_del_entry_valid_or_report	0x9a835040	gf_fingerprint.ko
__list_del_entry_valid_or_report	0x9a835040	gz_ipc_mod.ko
__list_del_entry_valid_or_report	0x9a835040	gz_trusty_mod.ko
__list_del_entry_valid_or_report	0x9a835040	gz_virtio_mod.ko
__list_del_entry_valid_or_report	0x9a835040	hwmon.ko
__list_del_entry_valid_or_report	0x9a835040	iommu_debug.ko
__list_del_entry_valid_or_report	0x9a835040	isee.ko
__list_del_entry_valid_or_report	0x9a835040	mac80211.ko
__list_del_entry_valid_or_report	0x9a835040	mali_kbase_mt6768_r49.ko
__list_del_entry_valid_or_report	0x9a835040	mali_mgm_mt6768_r49.ko
__list_del_entry_valid_or_report	0x9a835040	mcDrvModule.ko
__list_del_entry_valid_or_report	0x9a835040	mdp_drv_mt6768.ko
__list_del_entry_valid_or_report	0x9a835040	mediatek-drm.ko
__list_del_entry_valid_or_report	0x9a835040	met.ko
__list_del_entry_valid_or_report	0x9a835040	monitor_hang.ko
__list_del_entry_valid_or_report	0x9a835040	mt6358_battery.ko
__list_del_entry_valid_or_report	0x9a835040	mtk-cmdq-drv-ext.ko
__list_del_entry_valid_or_report	0x9a835040	mtk-cqdma.ko
__list_del_entry_valid_or_report	0x9a835040	mtk-icc-core.ko
__list_del_entry_valid_or_report	0x9a835040	mtk-mml.ko
__list_del_entry_valid_or_report	0x9a835040	mtk-smi-dbg.ko
__list_del_entry_valid_or_report	0x9a835040	mtk-uart-apdma.ko
__list_del_entry_valid_or_report	0x9a835040	mtk-vcodec-common.ko
__list_del_entry_valid_or_report	0x9a835040	mtk-vcodec-dec-v1.ko
__list_del_entry_valid_or_report	0x9a835040	mtk-vcodec-enc-v1.ko
__list_del_entry_valid_or_report	0x9a835040	mtk-vcu.ko
__list_del_entry_valid_or_report	0x9a835040	mtk_cpu_power_throttling.ko
__list_del_entry_valid_or_report	0x9a835040	mtk_fpsgo.ko
__list_del_entry_valid_or_report	0x9a835040	mtk_gpu_hal.ko
__list_del_entry_valid_or_report	0x9a835040	mtk_heap_debug.ko
__list_del_entry_valid_or_report	0x9a835040	mtk_iommu.ko
__list_del_entry_valid_or_report	0x9a835040	mtk_panel_ext.ko
__list_del_entry_valid_or_report	0x9a835040	mtk_pbm.ko
__list_del_entry_valid_or_report	0x9a835040	mtk_ppm_v3.ko
__list_del_entry_valid_or_report	0x9a835040	mtk_sec_heap.ko
__list_del_entry_valid_or_report	0x9a835040	mtk_sync.ko
__list_del_entry_valid_or_report	0x9a835040	mtk_u_ether.ko
__list_del_entry_valid_or_report	0x9a835040	mtk_usb_f_rndis.ko
__list_del_entry_valid_or_report	0x9a835040	musb_boost.ko
__list_del_entry_valid_or_report	0x9a835040	musb_hdrc.ko
__list_del_entry_valid_or_report	0x9a835040	pd_dbg_info.ko
__list_del_entry_valid_or_report	0x9a835040	perfhelper.ko
__list_del_entry_valid_or_report	0x9a835040	pmic_lbat_service.ko
__list_del_entry_valid_or_report	0x9a835040	scheduler.ko
__list_del_entry_valid_or_report	0x9a835040	sensorHub.ko
__list_del_entry_valid_or_report	0x9a835040	sil_fingerprint.ko
__list_del_entry_valid_or_report	0x9a835040	snd-soc-fs15xx.ko
__list_del_entry_valid_or_report	0x9a835040	system_heap.ko
__list_del_entry_valid_or_report	0x9a835040	thermal_monitor.ko
__list_del_entry_valid_or_report	0x9a835040	touch_boost.ko
__list_del_entry_valid_or_report	0x9a835040	trusted_mem.ko
__list_del_entry_valid_or_report	0x9a835040	ufs-mediatek-mod.ko
__list_del_entry_valid_or_report	0x9a835040	usb_meta.ko
__list_del_entry_valid_or_report	0x9a835040	wlan_drv_gen4m_6768.ko
__list_del_entry_valid_or_report	0x9a835040	zsmalloc.ko
__local_bh_enable_ip	0x3c3fce39	ccmni.ko
__local_bh_enable_ip	0x3c3fce39	mac80211.ko
__local_bh_enable_ip	0x3c3fce39	wlan_drv_gen4m_6768.ko
__media_device_register	0x5aca09d7	mtk-composite.ko
__memcpy_fromio	0x5d112304	CPU_DVFS.ko
__memcpy_fromio	0x5d112304	ccci_md_all.ko
__memcpy_fromio	0x5d112304	ccci_util_lib.ko
__memcpy_fromio	0x5d112304	scp.ko
__memcpy_fromio	0x5d112304	sensorHub.ko
__memcpy_fromio	0x5d112304	sspm_v1.ko
__memcpy_fromio	0x5d112304	wlan_drv_gen4m_6768.ko
__memcpy_fromio	0x5d112304	wmt_drv.ko
__memcpy_toio	0xf77555cd	ccci_md_all.ko
__memcpy_toio	0xf77555cd	mrdump.ko
__memcpy_toio	0xf77555cd	wlan_drv_gen4m_6768.ko
__memcpy_toio	0xf77555cd	wmt_drv.ko
__memset_io	0x18b48e28	CPU_DVFS.ko
__memset_io	0x18b48e28	ccci_ccif.ko
__memset_io	0x18b48e28	ccci_fsm_scp.ko
__memset_io	0x18b48e28	ccci_md_all.ko
__memset_io	0x18b48e28	ccci_util_lib.ko
__memset_io	0x18b48e28	mcdi.ko
__memset_io	0x18b48e28	met.ko
__memset_io	0x18b48e28	mrdump.ko
__memset_io	0x18b48e28	mtk-cmdq-drv-ext.ko
__memset_io	0x18b48e28	musb_hdrc.ko
__memset_io	0x18b48e28	scp.ko
__memset_io	0x18b48e28	snd-soc-mt6768-afe.ko
__memset_io	0x18b48e28	snd-soc-mtk-common.ko
__memset_io	0x18b48e28	wlan_drv_gen4m_6768.ko
__memset_io	0x18b48e28	wmt_drv.ko
__migrate_task	0xa9f46ae0	scheduler.ko
__mmap_lock_do_trace_acquire_returned	0x29dfc0f2	monitor_hang.ko
__mmap_lock_do_trace_acquire_returned	0x29dfc0f2	mtk_heap_debug.ko
__mmap_lock_do_trace_released	0x52a9c24e	monitor_hang.ko
__mmap_lock_do_trace_released	0x52a9c24e	mtk_heap_debug.ko
__mmap_lock_do_trace_start_locking	0xa269a4fe	monitor_hang.ko
__mmap_lock_do_trace_start_locking	0xa269a4fe	mtk_heap_debug.ko
__mmc_claim_host	0x4fcbd27e	mi_memory.ko
__mmdrop	0x22418162	mali_kbase_mt6768_r49.ko
__msecs_to_jiffies	0x7f02188f	cfg80211.ko
__msecs_to_jiffies	0x7f02188f	cmdq-bdg-mailbox.ko
__msecs_to_jiffies	0x7f02188f	cmdq-sec-drv.ko
__msecs_to_jiffies	0x7f02188f	cqhci.ko
__msecs_to_jiffies	0x7f02188f	ft8057m_spi.ko
__msecs_to_jiffies	0x7f02188f	gz_ipc_mod.ko
__msecs_to_jiffies	0x7f02188f	icnl9916_spi.ko
__msecs_to_jiffies	0x7f02188f	load_track.ko
__msecs_to_jiffies	0x7f02188f	mac80211.ko
__msecs_to_jiffies	0x7f02188f	mali_kbase_mt6768_r49.ko
__msecs_to_jiffies	0x7f02188f	mcDrvModule.ko
__msecs_to_jiffies	0x7f02188f	mediatek-drm.ko
__msecs_to_jiffies	0x7f02188f	mt6358-regulator.ko
__msecs_to_jiffies	0x7f02188f	mtk-cmdq-drv-ext.ko
__msecs_to_jiffies	0x7f02188f	mtk-mml.ko
__msecs_to_jiffies	0x7f02188f	mtk-vcodec-common.ko
__msecs_to_jiffies	0x7f02188f	mtk-vcodec-dec-v1.ko
__msecs_to_jiffies	0x7f02188f	mtk_perf_common.ko
__msecs_to_jiffies	0x7f02188f	musb_hdrc.ko
__msecs_to_jiffies	0x7f02188f	nxp_i2c.ko
__msecs_to_jiffies	0x7f02188f	pmic_lbat_service.ko
__msecs_to_jiffies	0x7f02188f	spi-mt65xx.ko
__msecs_to_jiffies	0x7f02188f	tcpc_class.ko
__msecs_to_jiffies	0x7f02188f	thermal_monitor.ko
__msecs_to_jiffies	0x7f02188f	trusted_mem.ko
__msecs_to_jiffies	0x7f02188f	wifi_ant_check.ko
__msecs_to_jiffies	0x7f02188f	wlan_drv_gen4m_6768.ko
__msecs_to_jiffies	0x7f02188f	wmt_drv.ko
__mutex_init	0xa571f6b0	8250_mtk.ko
__mutex_init	0xa571f6b0	accel_common.ko
__mutex_init	0xa571f6b0	adapter_class.ko
__mutex_init	0xa571f6b0	aee_aed.ko
__mutex_init	0xa571f6b0	alsps_common.ko
__mutex_init	0xa571f6b0	atf_logger.ko
__mutex_init	0xa571f6b0	baro_common.ko
__mutex_init	0xa571f6b0	bt_drv_connac1x.ko
__mutex_init	0xa571f6b0	btif_drv.ko
__mutex_init	0xa571f6b0	c2k_usb.ko
__mutex_init	0xa571f6b0	camera_mem.ko
__mutex_init	0xa571f6b0	ccci_fsm_scp.ko
__mutex_init	0xa571f6b0	ccci_md_all.ko
__mutex_init	0xa571f6b0	ccu_isp4.ko
__mutex_init	0xa571f6b0	cfg80211.ko
__mutex_init	0xa571f6b0	charger_class.ko
__mutex_init	0xa571f6b0	cmdq-sec-drv.ko
__mutex_init	0xa571f6b0	cmdq-test.ko
__mutex_init	0xa571f6b0	conn_md_drv.ko
__mutex_init	0xa571f6b0	cpufreq_sugov_ext.ko
__mutex_init	0xa571f6b0	drm_display_helper.ko
__mutex_init	0xa571f6b0	extdev_io_class.ko
__mutex_init	0xa571f6b0	ft8057m_spi.ko
__mutex_init	0xa571f6b0	ft8057p_spi.ko
__mutex_init	0xa571f6b0	fusion.ko
__mutex_init	0xa571f6b0	ged.ko
__mutex_init	0xa571f6b0	gf_fingerprint.ko
__mutex_init	0xa571f6b0	gyro_common.ko
__mutex_init	0xa571f6b0	gz_ipc_mod.ko
__mutex_init	0xa571f6b0	gz_log_mod.ko
__mutex_init	0xa571f6b0	gz_main_mod.ko
__mutex_init	0xa571f6b0	gz_trusty_mod.ko
__mutex_init	0xa571f6b0	gz_tz_system.ko
__mutex_init	0xa571f6b0	gz_virtio_mod.ko
__mutex_init	0xa571f6b0	icnl9916_spi.ko
__mutex_init	0xa571f6b0	imgsensor_isp4_t.ko
__mutex_init	0xa571f6b0	isee.ko
__mutex_init	0xa571f6b0	leds-mt6370-flash.ko
__mutex_init	0xa571f6b0	leds-mtk.ko
__mutex_init	0xa571f6b0	mac80211.ko
__mutex_init	0xa571f6b0	mag_common.ko
__mutex_init	0xa571f6b0	mali_kbase_mt6768_r49.ko
__mutex_init	0xa571f6b0	mcDrvModule.ko
__mutex_init	0xa571f6b0	mdp_drv_mt6768.ko
__mutex_init	0xa571f6b0	mediatek-drm.ko
__mutex_init	0xa571f6b0	met.ko
__mutex_init	0xa571f6b0	miev.ko
__mutex_init	0xa571f6b0	mmqos-common.ko
__mutex_init	0xa571f6b0	mt6358-accdet.ko
__mutex_init	0xa571f6b0	mt6358_battery.ko
__mutex_init	0xa571f6b0	mt635x-auxadc.ko
__mutex_init	0xa571f6b0	mt6370-adc.ko
__mutex_init	0xa571f6b0	mt6370-charger.ko
__mutex_init	0xa571f6b0	mt6397.ko
__mutex_init	0xa571f6b0	mt63xx-debug.ko
__mutex_init	0xa571f6b0	mt6577_auxadc.ko
__mutex_init	0xa571f6b0	mtk-cmdq-drv-ext.ko
__mutex_init	0xa571f6b0	mtk-composite.ko
__mutex_init	0xa571f6b0	mtk-dvfsrc-helper.ko
__mutex_init	0xa571f6b0	mtk-dvfsrc.ko
__mutex_init	0xa571f6b0	mtk-mmdvfs.ko
__mutex_init	0xa571f6b0	mtk-mml.ko
__mutex_init	0xa571f6b0	mtk-pwm.ko
__mutex_init	0xa571f6b0	mtk-smi-bwc.ko
__mutex_init	0xa571f6b0	mtk-uart-apdma.ko
__mutex_init	0xa571f6b0	mtk-vcodec-dec-v1.ko
__mutex_init	0xa571f6b0	mtk-vcodec-enc-v1.ko
__mutex_init	0xa571f6b0	mtk-vcu.ko
__mutex_init	0xa571f6b0	mtk_battery_manager.ko
__mutex_init	0xa571f6b0	mtk_charger_algorithm_class.ko
__mutex_init	0xa571f6b0	mtk_charger_framework.ko
__mutex_init	0xa571f6b0	mtk_chg_type_det.ko
__mutex_init	0xa571f6b0	mtk_fpsgo.ko
__mutex_init	0xa571f6b0	mtk_iommu.ko
__mutex_init	0xa571f6b0	mtk_jpeg.ko
__mutex_init	0xa571f6b0	mtk_pd_adapter.ko
__mutex_init	0xa571f6b0	mtk_pd_charging.ko
__mutex_init	0xa571f6b0	mtk_pep.ko
__mutex_init	0xa571f6b0	mtk_pep20.ko
__mutex_init	0xa571f6b0	mtk_pep40.ko
__mutex_init	0xa571f6b0	mtk_ppm_v3.ko
__mutex_init	0xa571f6b0	mtk_sec_heap.ko
__mutex_init	0xa571f6b0	mtk_tinysys_ipi.ko
__mutex_init	0xa571f6b0	mtk_usb_f_rndis.ko
__mutex_init	0xa571f6b0	nt36528_spi.ko
__mutex_init	0xa571f6b0	nvmem-mt635x-efuse.ko
__mutex_init	0xa571f6b0	nxp_i2c.ko
__mutex_init	0xa571f6b0	pmic_lvsys_notify.ko
__mutex_init	0xa571f6b0	rpmb.ko
__mutex_init	0xa571f6b0	rtc-mt6397.ko
__mutex_init	0xa571f6b0	scp.ko
__mutex_init	0xa571f6b0	sgm41543_charger.ko
__mutex_init	0xa571f6b0	situation.ko
__mutex_init	0xa571f6b0	snd-soc-fs15xx.ko
__mutex_init	0xa571f6b0	snd-soc-mt6660.ko
__mutex_init	0xa571f6b0	snd-soc-mt6768-afe.ko
__mutex_init	0xa571f6b0	snd-soc-sipa-tuning.ko
__mutex_init	0xa571f6b0	spi_slave.ko
__mutex_init	0xa571f6b0	sspm_v1.ko
__mutex_init	0xa571f6b0	step_counter.ko
__mutex_init	0xa571f6b0	system_heap.ko
__mutex_init	0xa571f6b0	tcpc_class.ko
__mutex_init	0xa571f6b0	tcpc_rt1711h.ko
__mutex_init	0xa571f6b0	tcpc_upm7610.ko
__mutex_init	0xa571f6b0	thermal_monitor.ko
__mutex_init	0xa571f6b0	trusted_mem.ko
__mutex_init	0xa571f6b0	upm6920_charger.ko
__mutex_init	0xa571f6b0	usb_meta.ko
__mutex_init	0xa571f6b0	wlan_drv_gen4m_6768.ko
__mutex_init	0xa571f6b0	wmt_chrdev_wifi.ko
__mutex_init	0xa571f6b0	wmt_drv.ko
__mutex_init	0xa571f6b0	xm_smart_chg.ko
__napi_schedule	0x5698dbff	ccmni.ko
__napi_schedule	0x5698dbff	wlan_drv_gen4m_6768.ko
__napi_schedule_irqoff	0x50e5f341	wlan_drv_gen4m_6768.ko
__netdev_alloc_skb	0xb0efd2b7	ccci_md_all.ko
__netdev_alloc_skb	0xb0efd2b7	cfg80211.ko
__netdev_alloc_skb	0xb0efd2b7	mac80211.ko
__netdev_alloc_skb	0xb0efd2b7	wlan_drv_gen4m_6768.ko
__netif_napi_del	0xaa326a4e	ccmni.ko
__netif_napi_del	0xaa326a4e	wlan_drv_gen4m_6768.ko
__netlink_kernel_create	0x9a8f327a	gf_fingerprint.ko
__netlink_kernel_create	0x9a8f327a	millet_core.ko
__netlink_kernel_create	0x9a8f327a	mtk_battery_manager.ko
__netlink_kernel_create	0x9a8f327a	thermal_monitor.ko
__netlink_kernel_create	0x9a8f327a	wifi_ant_check.ko
__netlink_kernel_create	0x9a8f327a	wmt_drv.ko
__nla_parse	0xfa4d2f03	cfg80211.ko
__nla_parse	0xfa4d2f03	wlan_drv_gen4m_6768.ko
__nla_validate	0x40a62432	cfg80211.ko
__nlmsg_put	0x6c51e990	gf_fingerprint.ko
__nlmsg_put	0x6c51e990	millet_core.ko
__nlmsg_put	0x6c51e990	mtk_battery_manager.ko
__nlmsg_put	0x6c51e990	thermal_monitor.ko
__nlmsg_put	0x6c51e990	wifi_ant_check.ko
__nlmsg_put	0x6c51e990	wmt_drv.ko
__num_online_cpus	0xc60d0620	aee_hangdet.ko
__num_online_cpus	0xc60d0620	mcdi.ko
__num_online_cpus	0xc60d0620	zram.ko
__of_get_address	0xc5887f19	snd-soc-mtk-common.ko
__of_parse_phandle_with_args	0x86450697	arm_dsu_pmu.ko
__of_parse_phandle_with_args	0x86450697	blocktag.ko
__of_parse_phandle_with_args	0x86450697	camera_dpe_isp40.ko
__of_parse_phandle_with_args	0x86450697	camera_fdvt_isp40.ko
__of_parse_phandle_with_args	0x86450697	camera_isp_4_t.ko
__of_parse_phandle_with_args	0x86450697	ccu_isp4.ko
__of_parse_phandle_with_args	0x86450697	clkbuf.ko
__of_parse_phandle_with_args	0x86450697	cmdq-test.ko
__of_parse_phandle_with_args	0x86450697	dbg_error_flag.ko
__of_parse_phandle_with_args	0x86450697	dsi_panel_c3n_35_02_0h_dsc_vdo.ko
__of_parse_phandle_with_args	0x86450697	dsi_panel_c3n_35_0f_0e_dsc_vdo.ko
__of_parse_phandle_with_args	0x86450697	dsi_panel_c3n_35_0f_0l_dsc_vdo.ko
__of_parse_phandle_with_args	0x86450697	dsi_panel_c3n_37_02_0d_dsc_vdo.ko
__of_parse_phandle_with_args	0x86450697	dsi_panel_c3n_43_02_0a_dsc_vdo.ko
__of_parse_phandle_with_args	0x86450697	dsi_panel_c3n_43_02_0k_dsc_vdo.ko
__of_parse_phandle_with_args	0x86450697	dsi_panel_c3n_43_02_0n_dsc_vdo.ko
__of_parse_phandle_with_args	0x86450697	dsi_panel_c3n_44_03_0b_dsc_vdo.ko
__of_parse_phandle_with_args	0x86450697	dsi_panel_c3n_44_03_0j_dsc_vdo.ko
__of_parse_phandle_with_args	0x86450697	dsi_panel_c3n_46_03_0c_dsc_vdo.ko
__of_parse_phandle_with_args	0x86450697	dsi_panel_c3n_46_03_0f_dsc_vdo.ko
__of_parse_phandle_with_args	0x86450697	dsi_panel_c3n_46_03_0g_dsc_vdo.ko
__of_parse_phandle_with_args	0x86450697	dsi_panel_c3n_null_dsc_vdo.ko
__of_parse_phandle_with_args	0x86450697	emicen.ko
__of_parse_phandle_with_args	0x86450697	emictrl.ko
__of_parse_phandle_with_args	0x86450697	emimpu.ko
__of_parse_phandle_with_args	0x86450697	gz_irq_mod.ko
__of_parse_phandle_with_args	0x86450697	iommu_gz.ko
__of_parse_phandle_with_args	0x86450697	mali_kbase_mt6768_r49.ko
__of_parse_phandle_with_args	0x86450697	mdp_drv_mt6768.ko
__of_parse_phandle_with_args	0x86450697	mediatek-drm.ko
__of_parse_phandle_with_args	0x86450697	mmqos-common.ko
__of_parse_phandle_with_args	0x86450697	mt6358_battery.ko
__of_parse_phandle_with_args	0x86450697	mt6370-charger.ko
__of_parse_phandle_with_args	0x86450697	mt6768-mt6358.ko
__of_parse_phandle_with_args	0x86450697	mtk-cmdq-drv-ext.ko
__of_parse_phandle_with_args	0x86450697	mtk-dvfsrc.ko
__of_parse_phandle_with_args	0x86450697	mtk-icc-core.ko
__of_parse_phandle_with_args	0x86450697	mtk-mmc.ko
__of_parse_phandle_with_args	0x86450697	mtk-mmdvfs-debug.ko
__of_parse_phandle_with_args	0x86450697	mtk-mml.ko
__of_parse_phandle_with_args	0x86450697	mtk-scpsys.ko
__of_parse_phandle_with_args	0x86450697	mtk-smi.ko
__of_parse_phandle_with_args	0x86450697	mtk-vcodec-dec-v1.ko
__of_parse_phandle_with_args	0x86450697	mtk-vcodec-enc-v1.ko
__of_parse_phandle_with_args	0x86450697	mtk-vcu.ko
__of_parse_phandle_with_args	0x86450697	mtk_battery_manager.ko
__of_parse_phandle_with_args	0x86450697	mtk_charger_framework.ko
__of_parse_phandle_with_args	0x86450697	mtk_cpuidle.ko
__of_parse_phandle_with_args	0x86450697	mtk_dynamic_loading_throttling.ko
__of_parse_phandle_with_args	0x86450697	mtk_iommu.ko
__of_parse_phandle_with_args	0x86450697	mtk_jpeg.ko
__of_parse_phandle_with_args	0x86450697	mtk_low_battery_throttling.ko
__of_parse_phandle_with_args	0x86450697	mtk_peak_power_budget.ko
__of_parse_phandle_with_args	0x86450697	mtk_power_gs_v1.ko
__of_parse_phandle_with_args	0x86450697	phy-mtk-tphy.ko
__of_parse_phandle_with_args	0x86450697	pwm-mtk-disp.ko
__of_parse_phandle_with_args	0x86450697	scp.ko
__of_parse_phandle_with_args	0x86450697	trusted_mem.ko
__of_parse_phandle_with_args	0x86450697	ufs-mediatek-mod.ko
__of_parse_phandle_with_args	0x86450697	usb_meta.ko
__of_parse_phandle_with_args	0x86450697	wlan_drv_gen4m_6768.ko
__of_parse_phandle_with_args	0x86450697	wmt_drv.ko
__page_pinner_put_page	0xffe585a7	gz_main_mod.ko
__page_pinner_put_page	0xffe585a7	gz_tz_system.ko
__page_pinner_put_page	0xffe585a7	mali_kbase_mt6768_r49.ko
__page_pinner_put_page	0xffe585a7	monitor_hang.ko
__page_pinner_put_page	0xffe585a7	zsmalloc.ko
__per_cpu_offset	0x280f9f14	aee_hangdet.ko
__per_cpu_offset	0x280f9f14	blocktag.ko
__per_cpu_offset	0x280f9f14	connadp.ko
__per_cpu_offset	0x280f9f14	cpufreq_sugov_ext.ko
__per_cpu_offset	0x280f9f14	gz_irq_mod.ko
__per_cpu_offset	0x280f9f14	gz_trusty_mod.ko
__per_cpu_offset	0x280f9f14	mac80211.ko
__per_cpu_offset	0x280f9f14	met.ko
__per_cpu_offset	0x280f9f14	monitor_hang.ko
__per_cpu_offset	0x280f9f14	mrdump.ko
__per_cpu_offset	0x280f9f14	mtk_fpsgo.ko
__per_cpu_offset	0x280f9f14	mtk_ppm_v3.ko
__per_cpu_offset	0x280f9f14	scheduler.ko
__per_cpu_offset	0x280f9f14	thermal_monitor.ko
__per_cpu_offset	0x280f9f14	trace_mmstat.ko
__per_cpu_offset	0x280f9f14	zram.ko
__per_cpu_offset	0x280f9f14	zsmalloc.ko
__platform_driver_register	0x279498f1	8250_mtk.ko
__platform_driver_register	0x279498f1	CPU_DVFS.ko
__platform_driver_register	0x279498f1	MTK_INTERNAL_SPM.ko
__platform_driver_register	0x279498f1	accel_common.ko
__platform_driver_register	0x279498f1	accelhub.ko
__platform_driver_register	0x279498f1	alsps_common.ko
__platform_driver_register	0x279498f1	alspshub.ko
__platform_driver_register	0x279498f1	arm_dsu_pmu.ko
__platform_driver_register	0x279498f1	atf_logger.ko
__platform_driver_register	0x279498f1	baro_common.ko
__platform_driver_register	0x279498f1	barohub.ko
__platform_driver_register	0x279498f1	btif_drv.ko
__platform_driver_register	0x279498f1	cache-parity.ko
__platform_driver_register	0x279498f1	cam_qos_4.ko
__platform_driver_register	0x279498f1	camera_dpe_isp40.ko
__platform_driver_register	0x279498f1	camera_eeprom_isp4_t.ko
__platform_driver_register	0x279498f1	camera_fdvt_isp40.ko
__platform_driver_register	0x279498f1	camera_isp_4_t.ko
__platform_driver_register	0x279498f1	camera_mem.ko
__platform_driver_register	0x279498f1	ccci_auxadc.ko
__platform_driver_register	0x279498f1	ccci_ccif.ko
__platform_driver_register	0x279498f1	ccci_cldma.ko
__platform_driver_register	0x279498f1	ccci_fsm_scp.ko
__platform_driver_register	0x279498f1	ccci_md_all.ko
__platform_driver_register	0x279498f1	ccu_isp4.ko
__platform_driver_register	0x279498f1	clk-common.ko
__platform_driver_register	0x279498f1	clk-fmeter-mt6768.ko
__platform_driver_register	0x279498f1	clk-mt6768-pg.ko
__platform_driver_register	0x279498f1	clk-mt6768.ko
__platform_driver_register	0x279498f1	clkbuf.ko
__platform_driver_register	0x279498f1	clkchk-mt6768.ko
__platform_driver_register	0x279498f1	cmdq-bdg-mailbox.ko
__platform_driver_register	0x279498f1	cmdq-bdg-test.ko
__platform_driver_register	0x279498f1	cmdq-sec-drv.ko
__platform_driver_register	0x279498f1	cmdq-test.ko
__platform_driver_register	0x279498f1	cpufreq_sugov_ext.ko
__platform_driver_register	0x279498f1	dbg_error_flag.ko
__platform_driver_register	0x279498f1	device-apc-mt6768.ko
__platform_driver_register	0x279498f1	emicen.ko
__platform_driver_register	0x279498f1	emictrl.ko
__platform_driver_register	0x279498f1	emiisu.ko
__platform_driver_register	0x279498f1	emimpu.ko
__platform_driver_register	0x279498f1	extcon-mtk-usb.ko
__platform_driver_register	0x279498f1	fhctl.ko
__platform_driver_register	0x279498f1	flashlight.ko
__platform_driver_register	0x279498f1	fmradio_drv_mt6631.ko
__platform_driver_register	0x279498f1	ged.ko
__platform_driver_register	0x279498f1	gf_fingerprint.ko
__platform_driver_register	0x279498f1	gps_drv_stp.ko
__platform_driver_register	0x279498f1	gyro_common.ko
__platform_driver_register	0x279498f1	gyrohub.ko
__platform_driver_register	0x279498f1	gz_irq_mod.ko
__platform_driver_register	0x279498f1	gz_log_mod.ko
__platform_driver_register	0x279498f1	gz_main_mod.ko
__platform_driver_register	0x279498f1	gz_trusty_mod.ko
__platform_driver_register	0x279498f1	gz_tz_system.ko
__platform_driver_register	0x279498f1	gz_virtio_mod.ko
__platform_driver_register	0x279498f1	i2c-mt65xx.ko
__platform_driver_register	0x279498f1	imgsensor_isp4_t.ko
__platform_driver_register	0x279498f1	iommu_debug.ko
__platform_driver_register	0x279498f1	iommu_gz.ko
__platform_driver_register	0x279498f1	iommu_secure.ko
__platform_driver_register	0x279498f1	isee.ko
__platform_driver_register	0x279498f1	lc_charger_sysfs.ko
__platform_driver_register	0x279498f1	leds-mt6370-flash.ko
__platform_driver_register	0x279498f1	leds-mtk-disp.ko
__platform_driver_register	0x279498f1	leds-mtk-pwm.ko
__platform_driver_register	0x279498f1	mag_common.ko
__platform_driver_register	0x279498f1	maghub.ko
__platform_driver_register	0x279498f1	main2af.ko
__platform_driver_register	0x279498f1	main3af.ko
__platform_driver_register	0x279498f1	mainaf.ko
__platform_driver_register	0x279498f1	mali_kbase_mt6768_r49.ko
__platform_driver_register	0x279498f1	mali_mgm_mt6768_r49.ko
__platform_driver_register	0x279498f1	mali_prot_alloc_mt6768_r49.ko
__platform_driver_register	0x279498f1	mcDrvModule.ko
__platform_driver_register	0x279498f1	mdp_drv_mt6768.ko
__platform_driver_register	0x279498f1	mediatek-drm.ko
__platform_driver_register	0x279498f1	mediatek_eem.ko
__platform_driver_register	0x279498f1	memory-amms.ko
__platform_driver_register	0x279498f1	mmqos-mt6768.ko
__platform_driver_register	0x279498f1	mt6358-accdet.ko
__platform_driver_register	0x279498f1	mt6358-regulator.ko
__platform_driver_register	0x279498f1	mt6358_battery.ko
__platform_driver_register	0x279498f1	mt635x-auxadc.ko
__platform_driver_register	0x279498f1	mt6370-adc.ko
__platform_driver_register	0x279498f1	mt6370-charger.ko
__platform_driver_register	0x279498f1	mt6370-regulator.ko
__platform_driver_register	0x279498f1	mt6397.ko
__platform_driver_register	0x279498f1	mt63xx-debug.ko
__platform_driver_register	0x279498f1	mt6577_auxadc.ko
__platform_driver_register	0x279498f1	mt6768-mt6358.ko
__platform_driver_register	0x279498f1	mtk-btcvsd.ko
__platform_driver_register	0x279498f1	mtk-cmdq-drv-ext.ko
__platform_driver_register	0x279498f1	mtk-composite.ko
__platform_driver_register	0x279498f1	mtk-cqdma.ko
__platform_driver_register	0x279498f1	mtk-dvfsrc-devfreq.ko
__platform_driver_register	0x279498f1	mtk-dvfsrc-helper.ko
__platform_driver_register	0x279498f1	mtk-dvfsrc-regulator.ko
__platform_driver_register	0x279498f1	mtk-dvfsrc-start.ko
__platform_driver_register	0x279498f1	mtk-dvfsrc.ko
__platform_driver_register	0x279498f1	mtk-emi.ko
__platform_driver_register	0x279498f1	mtk-kpd.ko
__platform_driver_register	0x279498f1	mtk-mmc.ko
__platform_driver_register	0x279498f1	mtk-mmdvfs-debug.ko
__platform_driver_register	0x279498f1	mtk-mmdvfs.ko
__platform_driver_register	0x279498f1	mtk-pmic-keys.ko
__platform_driver_register	0x279498f1	mtk-pmic-wrap.ko
__platform_driver_register	0x279498f1	mtk-pwm.ko
__platform_driver_register	0x279498f1	mtk-scpsys-bringup.ko
__platform_driver_register	0x279498f1	mtk-scpsys-mt6768.ko
__platform_driver_register	0x279498f1	mtk-scpsys.ko
__platform_driver_register	0x279498f1	mtk-smi-bwc.ko
__platform_driver_register	0x279498f1	mtk-uart-apdma.ko
__platform_driver_register	0x279498f1	mtk-vcodec-dec-v1.ko
__platform_driver_register	0x279498f1	mtk-vcodec-enc-v1.ko
__platform_driver_register	0x279498f1	mtk-vcu.ko
__platform_driver_register	0x279498f1	mtk_battery_manager.ko
__platform_driver_register	0x279498f1	mtk_battery_oc_throttling.ko
__platform_driver_register	0x279498f1	mtk_bp_thl.ko
__platform_driver_register	0x279498f1	mtk_charger_cooling.ko
__platform_driver_register	0x279498f1	mtk_charger_framework.ko
__platform_driver_register	0x279498f1	mtk_chg_type_det.ko
__platform_driver_register	0x279498f1	mtk_cm_mgr_mt6768.ko
__platform_driver_register	0x279498f1	mtk_cpu_power_throttling.ko
__platform_driver_register	0x279498f1	mtk_disp_sec.ko
__platform_driver_register	0x279498f1	mtk_dramc.ko
__platform_driver_register	0x279498f1	mtk_dynamic_loading_throttling.ko
__platform_driver_register	0x279498f1	mtk_fpsgo.ko
__platform_driver_register	0x279498f1	mtk_gpufreq_mt6768.ko
__platform_driver_register	0x279498f1	mtk_gpufreq_wrapper_legacy.ko
__platform_driver_register	0x279498f1	mtk_iommu.ko
__platform_driver_register	0x279498f1	mtk_irtx_pwm.ko
__platform_driver_register	0x279498f1	mtk_jpeg.ko
__platform_driver_register	0x279498f1	mtk_low_battery_throttling.ko
__platform_driver_register	0x279498f1	mtk_md_power_throttling.ko
__platform_driver_register	0x279498f1	mtk_pbm.ko
__platform_driver_register	0x279498f1	mtk_pd_adapter.ko
__platform_driver_register	0x279498f1	mtk_pd_charging.ko
__platform_driver_register	0x279498f1	mtk_peak_power_budget.ko
__platform_driver_register	0x279498f1	mtk_pep.ko
__platform_driver_register	0x279498f1	mtk_pep20.ko
__platform_driver_register	0x279498f1	mtk_pep40.ko
__platform_driver_register	0x279498f1	mtk_power_gs_v1.ko
__platform_driver_register	0x279498f1	mtk_ppm_v3.ko
__platform_driver_register	0x279498f1	mtk_qos_legacy.ko
__platform_driver_register	0x279498f1	mtk_sec_heap.ko
__platform_driver_register	0x279498f1	mtk_wdt.ko
__platform_driver_register	0x279498f1	musb_boost.ko
__platform_driver_register	0x279498f1	musb_hdrc.ko
__platform_driver_register	0x279498f1	musb_main.ko
__platform_driver_register	0x279498f1	nvmem-mt635x-efuse.ko
__platform_driver_register	0x279498f1	nvmem_mtk-devinfo.ko
__platform_driver_register	0x279498f1	pd-chk-mt6768.ko
__platform_driver_register	0x279498f1	phy-generic.ko
__platform_driver_register	0x279498f1	phy-mtk-tphy.ko
__platform_driver_register	0x279498f1	pinctrl-mt6768.ko
__platform_driver_register	0x279498f1	pmic_lbat_service.ko
__platform_driver_register	0x279498f1	pmic_lvsys_notify.ko
__platform_driver_register	0x279498f1	pwm-mtk-disp.ko
__platform_driver_register	0x279498f1	regulator-vibrator.ko
__platform_driver_register	0x279498f1	rt_pd_manager.ko
__platform_driver_register	0x279498f1	rtc-mt6397.ko
__platform_driver_register	0x279498f1	scp.ko
__platform_driver_register	0x279498f1	sec-rng.ko
__platform_driver_register	0x279498f1	sec.ko
__platform_driver_register	0x279498f1	sensorHub.ko
__platform_driver_register	0x279498f1	sil_fingerprint.ko
__platform_driver_register	0x279498f1	simtray.ko
__platform_driver_register	0x279498f1	situationhub.ko
__platform_driver_register	0x279498f1	snd-soc-mt6358.ko
__platform_driver_register	0x279498f1	snd-soc-mt6768-afe.ko
__platform_driver_register	0x279498f1	snd-soc-mtk-common.ko
__platform_driver_register	0x279498f1	spi-mt65xx.ko
__platform_driver_register	0x279498f1	sspm_v1.ko
__platform_driver_register	0x279498f1	step_counter.ko
__platform_driver_register	0x279498f1	sub2af.ko
__platform_driver_register	0x279498f1	subaf.ko
__platform_driver_register	0x279498f1	syscon-reboot-mode.ko
__platform_driver_register	0x279498f1	system_heap.ko
__platform_driver_register	0x279498f1	teeperf.ko
__platform_driver_register	0x279498f1	thermal_monitor.ko
__platform_driver_register	0x279498f1	timer-mediatek.ko
__platform_driver_register	0x279498f1	trusted_mem.ko
__platform_driver_register	0x279498f1	ufs-mediatek-mod.ko
__platform_driver_register	0x279498f1	usb_meta.ko
__platform_driver_register	0x279498f1	widevine_driver.ko
__platform_driver_register	0x279498f1	wifi_ant_check.ko
__platform_driver_register	0x279498f1	wlan_drv_gen4m_6768.ko
__platform_driver_register	0x279498f1	wmt_drv.ko
__platform_driver_register	0x279498f1	xiaomi_touch.ko
__platform_register_drivers	0xccfda288	mtk-mml.ko
__platform_register_drivers	0xccfda288	mtk-smi-dbg.ko
__platform_register_drivers	0xccfda288	mtk-smi.ko
__pm_relax	0x1527600b	c2k_usb.ko
__pm_relax	0x1527600b	camera_dpe_isp40.ko
__pm_relax	0x1527600b	camera_isp_4_t.ko
__pm_relax	0x1527600b	ccci_md_all.ko
__pm_relax	0x1527600b	fmradio_drv_mt6631.ko
__pm_relax	0x1527600b	gps_drv_stp.ko
__pm_relax	0x1527600b	gz_tz_system.ko
__pm_relax	0x1527600b	imgsensor_isp4_t.ko
__pm_relax	0x1527600b	mdp_drv_mt6768.ko
__pm_relax	0x1527600b	mediatek-drm.ko
__pm_relax	0x1527600b	mt6358-accdet.ko
__pm_relax	0x1527600b	mt6358_battery.ko
__pm_relax	0x1527600b	mtk-mml.ko
__pm_relax	0x1527600b	mtk-pmic-keys.ko
__pm_relax	0x1527600b	mtk-pmic-wrap.ko
__pm_relax	0x1527600b	mtk_battery_manager.ko
__pm_relax	0x1527600b	mtk_bp_thl.ko
__pm_relax	0x1527600b	mtk_charger_framework.ko
__pm_relax	0x1527600b	mtk_cpuhp.ko
__pm_relax	0x1527600b	mtk_dynamic_loading_throttling.ko
__pm_relax	0x1527600b	mtk_pep.ko
__pm_relax	0x1527600b	mtk_pep20.ko
__pm_relax	0x1527600b	mtk_pep40.ko
__pm_relax	0x1527600b	musb_hdrc.ko
__pm_relax	0x1527600b	perfhelper.ko
__pm_relax	0x1527600b	scp.ko
__pm_relax	0x1527600b	sensorHub.ko
__pm_relax	0x1527600b	sgm41543_charger.ko
__pm_relax	0x1527600b	sil_fingerprint.ko
__pm_relax	0x1527600b	tcpc_class.ko
__pm_relax	0x1527600b	ufs-mediatek-mod.ko
__pm_relax	0x1527600b	wlan_drv_gen4m_6768.ko
__pm_relax	0x1527600b	wmt_drv.ko
__pm_runtime_disable	0xddf61fed	8250_mtk.ko
__pm_runtime_disable	0xddf61fed	camera_isp_4_t.ko
__pm_runtime_disable	0xddf61fed	ccu_isp4.ko
__pm_runtime_disable	0xddf61fed	clk-common.ko
__pm_runtime_disable	0xddf61fed	mali_kbase_mt6768_r49.ko
__pm_runtime_disable	0xddf61fed	mediatek-drm.ko
__pm_runtime_disable	0xddf61fed	mtk-cqdma.ko
__pm_runtime_disable	0xddf61fed	mtk-mmc.ko
__pm_runtime_disable	0xddf61fed	mtk-mml.ko
__pm_runtime_disable	0xddf61fed	mtk-smi.ko
__pm_runtime_disable	0xddf61fed	mtk-uart-apdma.ko
__pm_runtime_disable	0xddf61fed	mtk-vcodec-dec-v1.ko
__pm_runtime_disable	0xddf61fed	mtk-vcodec-enc-v1.ko
__pm_runtime_disable	0xddf61fed	mtk_iommu.ko
__pm_runtime_disable	0xddf61fed	mtk_jpeg.ko
__pm_runtime_disable	0xddf61fed	snd-soc-mt6660.ko
__pm_runtime_disable	0xddf61fed	snd-soc-mt6768-afe.ko
__pm_runtime_disable	0xddf61fed	spi-mt65xx.ko
__pm_runtime_disable	0xddf61fed	wmt_drv.ko
__pm_runtime_idle	0xf8c17694	camera_dpe_isp40.ko
__pm_runtime_idle	0xf8c17694	camera_fdvt_isp40.ko
__pm_runtime_idle	0xf8c17694	camera_isp_4_t.ko
__pm_runtime_idle	0xf8c17694	ccu_isp4.ko
__pm_runtime_idle	0xf8c17694	clk-common.ko
__pm_runtime_idle	0xf8c17694	cmdq-sec-drv.ko
__pm_runtime_idle	0xf8c17694	imgsensor_isp4_t.ko
__pm_runtime_idle	0xf8c17694	iommu_gz.ko
__pm_runtime_idle	0xf8c17694	mdp_drv_mt6768.ko
__pm_runtime_idle	0xf8c17694	mediatek-drm.ko
__pm_runtime_idle	0xf8c17694	mtk-cmdq-drv-ext.ko
__pm_runtime_idle	0xf8c17694	mtk-cqdma.ko
__pm_runtime_idle	0xf8c17694	mtk-mml.ko
__pm_runtime_idle	0xf8c17694	mtk-scpsys-bringup.ko
__pm_runtime_idle	0xf8c17694	mtk-smi-bwc.ko
__pm_runtime_idle	0xf8c17694	mtk-smi-dbg.ko
__pm_runtime_idle	0xf8c17694	mtk-smi.ko
__pm_runtime_idle	0xf8c17694	mtk-vcodec-dec-v1.ko
__pm_runtime_idle	0xf8c17694	mtk-vcodec-enc-v1.ko
__pm_runtime_idle	0xf8c17694	mtk_iommu.ko
__pm_runtime_idle	0xf8c17694	mtk_jpeg.ko
__pm_runtime_idle	0xf8c17694	musb_hdrc.ko
__pm_runtime_idle	0xf8c17694	snd-soc-mt6768-afe.ko
__pm_runtime_idle	0xf8c17694	snd-soc-mtk-common.ko
__pm_runtime_idle	0xf8c17694	ufs-mediatek-dbg.ko
__pm_runtime_idle	0xf8c17694	ufs-mediatek-mod.ko
__pm_runtime_idle	0xf8c17694	wmt_drv.ko
__pm_runtime_resume	0x4d64bd53	8250_mtk.ko
__pm_runtime_resume	0x4d64bd53	camera_dpe_isp40.ko
__pm_runtime_resume	0x4d64bd53	camera_fdvt_isp40.ko
__pm_runtime_resume	0x4d64bd53	camera_isp_4_t.ko
__pm_runtime_resume	0x4d64bd53	ccu_isp4.ko
__pm_runtime_resume	0x4d64bd53	clk-common.ko
__pm_runtime_resume	0x4d64bd53	cmdq-sec-drv.ko
__pm_runtime_resume	0x4d64bd53	imgsensor_isp4_t.ko
__pm_runtime_resume	0x4d64bd53	iommu_gz.ko
__pm_runtime_resume	0x4d64bd53	mali_kbase_mt6768_r49.ko
__pm_runtime_resume	0x4d64bd53	mdp_drv_mt6768.ko
__pm_runtime_resume	0x4d64bd53	mediatek-drm.ko
__pm_runtime_resume	0x4d64bd53	mtk-cmdq-drv-ext.ko
__pm_runtime_resume	0x4d64bd53	mtk-cqdma.ko
__pm_runtime_resume	0x4d64bd53	mtk-mmc.ko
__pm_runtime_resume	0x4d64bd53	mtk-mml.ko
__pm_runtime_resume	0x4d64bd53	mtk-scpsys-bringup.ko
__pm_runtime_resume	0x4d64bd53	mtk-smi-bwc.ko
__pm_runtime_resume	0x4d64bd53	mtk-smi-dbg.ko
__pm_runtime_resume	0x4d64bd53	mtk-smi.ko
__pm_runtime_resume	0x4d64bd53	mtk-vcodec-dec-v1.ko
__pm_runtime_resume	0x4d64bd53	mtk-vcodec-enc-v1.ko
__pm_runtime_resume	0x4d64bd53	mtk_iommu.ko
__pm_runtime_resume	0x4d64bd53	mtk_jpeg.ko
__pm_runtime_resume	0x4d64bd53	musb_hdrc.ko
__pm_runtime_resume	0x4d64bd53	snd-soc-mt6768-afe.ko
__pm_runtime_resume	0x4d64bd53	snd-soc-mtk-common.ko
__pm_runtime_resume	0x4d64bd53	ufs-mediatek-dbg.ko
__pm_runtime_resume	0x4d64bd53	ufs-mediatek-mod.ko
__pm_runtime_resume	0x4d64bd53	wmt_drv.ko
__pm_runtime_set_status	0xd0e94486	8250_mtk.ko
__pm_runtime_set_status	0xd0e94486	mali_kbase_mt6768_r49.ko
__pm_runtime_set_status	0xd0e94486	mtk-mmc.ko
__pm_runtime_set_status	0xd0e94486	snd-soc-mt6660.ko
__pm_runtime_set_status	0xd0e94486	ufs-mediatek-mod.ko
__pm_runtime_suspend	0x4a2d8e1c	8250_mtk.ko
__pm_runtime_suspend	0x4a2d8e1c	mali_kbase_mt6768_r49.ko
__pm_runtime_use_autosuspend	0x28b88b91	mali_kbase_mt6768_r49.ko
__pm_runtime_use_autosuspend	0x28b88b91	mtk-mmc.ko
__pm_runtime_use_autosuspend	0x28b88b91	musb_hdrc.ko
__pm_runtime_use_autosuspend	0x28b88b91	spi-mt65xx.ko
__pm_stay_awake	0x7e76edb1	c2k_usb.ko
__pm_stay_awake	0x7e76edb1	camera_dpe_isp40.ko
__pm_stay_awake	0x7e76edb1	camera_isp_4_t.ko
__pm_stay_awake	0x7e76edb1	ccci_md_all.ko
__pm_stay_awake	0x7e76edb1	fmradio_drv_mt6631.ko
__pm_stay_awake	0x7e76edb1	gps_drv_stp.ko
__pm_stay_awake	0x7e76edb1	gz_tz_system.ko
__pm_stay_awake	0x7e76edb1	imgsensor_isp4_t.ko
__pm_stay_awake	0x7e76edb1	mdp_drv_mt6768.ko
__pm_stay_awake	0x7e76edb1	mediatek-drm.ko
__pm_stay_awake	0x7e76edb1	mt6358-accdet.ko
__pm_stay_awake	0x7e76edb1	mt6358_battery.ko
__pm_stay_awake	0x7e76edb1	mtk-mml.ko
__pm_stay_awake	0x7e76edb1	mtk-pmic-keys.ko
__pm_stay_awake	0x7e76edb1	mtk-pmic-wrap.ko
__pm_stay_awake	0x7e76edb1	mtk_battery_manager.ko
__pm_stay_awake	0x7e76edb1	mtk_bp_thl.ko
__pm_stay_awake	0x7e76edb1	mtk_charger_framework.ko
__pm_stay_awake	0x7e76edb1	mtk_cpuhp.ko
__pm_stay_awake	0x7e76edb1	mtk_dynamic_loading_throttling.ko
__pm_stay_awake	0x7e76edb1	mtk_pep.ko
__pm_stay_awake	0x7e76edb1	mtk_pep20.ko
__pm_stay_awake	0x7e76edb1	mtk_pep40.ko
__pm_stay_awake	0x7e76edb1	musb_hdrc.ko
__pm_stay_awake	0x7e76edb1	rtc-mt6397.ko
__pm_stay_awake	0x7e76edb1	scp.ko
__pm_stay_awake	0x7e76edb1	sensorHub.ko
__pm_stay_awake	0x7e76edb1	sgm41543_charger.ko
__pm_stay_awake	0x7e76edb1	ufs-mediatek-mod.ko
__pm_stay_awake	0x7e76edb1	wlan_drv_gen4m_6768.ko
__pm_stay_awake	0x7e76edb1	wmt_drv.ko
__pskb_pull_tail	0x07c712a5	cfg80211.ko
__pskb_pull_tail	0x07c712a5	mac80211.ko
__put_cred	0x6e8fa5f6	mali_kbase_mt6768_r49.ko
__put_net	0xa8655358	cfg80211.ko
__put_task_struct	0xc6040a84	binder_gki.ko
__put_task_struct	0xc6040a84	cpufreq_sugov_ext.ko
__put_task_struct	0xc6040a84	mali_kbase_mt6768_r49.ko
__put_task_struct	0xc6040a84	millet_binder.ko
__put_task_struct	0xc6040a84	millet_sig.ko
__put_task_struct	0xc6040a84	monitor_hang.ko
__put_task_struct	0xc6040a84	mtk-vcodec-common.ko
__put_task_struct	0xc6040a84	mtk_fpsgo.ko
__put_task_struct	0xc6040a84	mtk_heap_debug.ko
__put_task_struct	0xc6040a84	scheduler.ko
__put_task_struct	0xc6040a84	thermal_monitor.ko
__rcu_read_lock	0x8d522714	Upower.ko
__rcu_read_lock	0x8d522714	aee_aed.ko
__rcu_read_lock	0x8d522714	aee_hangdet.ko
__rcu_read_lock	0x8d522714	binder_gki.ko
__rcu_read_lock	0x8d522714	blocktag.ko
__rcu_read_lock	0x8d522714	cfg80211.ko
__rcu_read_lock	0x8d522714	connadp.ko
__rcu_read_lock	0x8d522714	cpufreq_sugov_ext.ko
__rcu_read_lock	0x8d522714	ged.ko
__rcu_read_lock	0x8d522714	imgsensor_isp4_t.ko
__rcu_read_lock	0x8d522714	mac80211.ko
__rcu_read_lock	0x8d522714	mali_kbase_mt6768_r49.ko
__rcu_read_lock	0x8d522714	mcDrvModule.ko
__rcu_read_lock	0x8d522714	millet_binder.ko
__rcu_read_lock	0x8d522714	millet_sig.ko
__rcu_read_lock	0x8d522714	mme.ko
__rcu_read_lock	0x8d522714	monitor_hang.ko
__rcu_read_lock	0x8d522714	mtk-mmc-wp.ko
__rcu_read_lock	0x8d522714	mtk-vcodec-common.ko
__rcu_read_lock	0x8d522714	mtk_fpsgo.ko
__rcu_read_lock	0x8d522714	mtk_heap_debug.ko
__rcu_read_lock	0x8d522714	perfhelper.ko
__rcu_read_lock	0x8d522714	scheduler.ko
__rcu_read_lock	0x8d522714	trace_mmstat.ko
__rcu_read_lock	0x8d522714	zram.ko
__rcu_read_unlock	0x2469810f	Upower.ko
__rcu_read_unlock	0x2469810f	aee_aed.ko
__rcu_read_unlock	0x2469810f	aee_hangdet.ko
__rcu_read_unlock	0x2469810f	binder_gki.ko
__rcu_read_unlock	0x2469810f	blocktag.ko
__rcu_read_unlock	0x2469810f	cfg80211.ko
__rcu_read_unlock	0x2469810f	connadp.ko
__rcu_read_unlock	0x2469810f	cpufreq_sugov_ext.ko
__rcu_read_unlock	0x2469810f	ged.ko
__rcu_read_unlock	0x2469810f	imgsensor_isp4_t.ko
__rcu_read_unlock	0x2469810f	mac80211.ko
__rcu_read_unlock	0x2469810f	mali_kbase_mt6768_r49.ko
__rcu_read_unlock	0x2469810f	mcDrvModule.ko
__rcu_read_unlock	0x2469810f	millet_binder.ko
__rcu_read_unlock	0x2469810f	millet_sig.ko
__rcu_read_unlock	0x2469810f	mme.ko
__rcu_read_unlock	0x2469810f	monitor_hang.ko
__rcu_read_unlock	0x2469810f	mtk-mmc-wp.ko
__rcu_read_unlock	0x2469810f	mtk-vcodec-common.ko
__rcu_read_unlock	0x2469810f	mtk_fpsgo.ko
__rcu_read_unlock	0x2469810f	mtk_heap_debug.ko
__rcu_read_unlock	0x2469810f	perfhelper.ko
__rcu_read_unlock	0x2469810f	scheduler.ko
__rcu_read_unlock	0x2469810f	trace_mmstat.ko
__rcu_read_unlock	0x2469810f	zram.ko
__refrigerator	0x04482cdb	mcDrvModule.ko
__register_blkdev	0x720a27a7	zram.ko
__register_chrdev	0xa378d75b	hwmon.ko
__register_chrdev	0xa378d75b	sensorHub.ko
__register_chrdev	0xa378d75b	sil_fingerprint.ko
__release_region	0x1848221d	mali_kbase_mt6768_r49.ko
__release_region	0x1848221d	wlan_drv_gen4m_6768.ko
__request_module	0xa24f23d8	hwmon.ko
__request_percpu_irq	0xf8b9b956	gz_irq_mod.ko
__request_region	0x0ca39ba0	mali_kbase_mt6768_r49.ko
__request_region	0x0ca39ba0	wlan_drv_gen4m_6768.ko
__rht_bucket_nested	0x5526484c	mac80211.ko
__scsi_iterate_devices	0xf8eb38f3	ufs-mediatek-mod.ko
__sg_page_iter_next	0x7ef4bddc	mali_kbase_mt6768_r49.ko
__sg_page_iter_next	0x7ef4bddc	mtk_sec_heap.ko
__sg_page_iter_next	0x7ef4bddc	system_heap.ko
__sg_page_iter_start	0x0562dc30	mali_kbase_mt6768_r49.ko
__sg_page_iter_start	0x0562dc30	mtk_sec_heap.ko
__sg_page_iter_start	0x0562dc30	system_heap.ko
__skb_get_hash	0xfb31362b	mac80211.ko
__skb_gso_segment	0xb8fdda95	mac80211.ko
__sock_create	0x36f3d56b	cfg80211.ko
__spi_alloc_controller	0x766f90c5	spi-mt65xx.ko
__spi_register_driver	0xd4afda11	ft8057m_spi.ko
__spi_register_driver	0xd4afda11	ft8057p_spi.ko
__spi_register_driver	0xd4afda11	icnl9916_spi.ko
__spi_register_driver	0xd4afda11	mtk_spi.ko
__spi_register_driver	0xd4afda11	nt36528_spi.ko
__spi_register_driver	0xd4afda11	spi_slave.ko
__stack_chk_fail	0xf0fdf6cb	8250_mtk.ko
__stack_chk_fail	0xf0fdf6cb	CPU_DVFS.ko
__stack_chk_fail	0xf0fdf6cb	MTK_INTERNAL_SPM.ko
__stack_chk_fail	0xf0fdf6cb	Upower.ko
__stack_chk_fail	0xf0fdf6cb	accel_common.ko
__stack_chk_fail	0xf0fdf6cb	accelhub.ko
__stack_chk_fail	0xf0fdf6cb	aee_aed.ko
__stack_chk_fail	0xf0fdf6cb	aee_hangdet.ko
__stack_chk_fail	0xf0fdf6cb	aee_rs.ko
__stack_chk_fail	0xf0fdf6cb	alsps_common.ko
__stack_chk_fail	0xf0fdf6cb	alspshub.ko
__stack_chk_fail	0xf0fdf6cb	arm_dsu_pmu.ko
__stack_chk_fail	0xf0fdf6cb	atf_logger.ko
__stack_chk_fail	0xf0fdf6cb	baro_common.ko
__stack_chk_fail	0xf0fdf6cb	barohub.ko
__stack_chk_fail	0xf0fdf6cb	binder_gki.ko
__stack_chk_fail	0xf0fdf6cb	binder_prio.ko
__stack_chk_fail	0xf0fdf6cb	blocktag.ko
__stack_chk_fail	0xf0fdf6cb	bootprof.ko
__stack_chk_fail	0xf0fdf6cb	bt_drv_connac1x.ko
__stack_chk_fail	0xf0fdf6cb	btif_drv.ko
__stack_chk_fail	0xf0fdf6cb	c2k_usb.ko
__stack_chk_fail	0xf0fdf6cb	cache-parity.ko
__stack_chk_fail	0xf0fdf6cb	cam_qos_4.ko
__stack_chk_fail	0xf0fdf6cb	camera_dpe_isp40.ko
__stack_chk_fail	0xf0fdf6cb	camera_eeprom_isp4_t.ko
__stack_chk_fail	0xf0fdf6cb	camera_fdvt_isp40.ko
__stack_chk_fail	0xf0fdf6cb	camera_isp_4_t.ko
__stack_chk_fail	0xf0fdf6cb	camera_mem.ko
__stack_chk_fail	0xf0fdf6cb	ccci_auxadc.ko
__stack_chk_fail	0xf0fdf6cb	ccci_ccif.ko
__stack_chk_fail	0xf0fdf6cb	ccci_cldma.ko
__stack_chk_fail	0xf0fdf6cb	ccci_fsm_scp.ko
__stack_chk_fail	0xf0fdf6cb	ccci_md_all.ko
__stack_chk_fail	0xf0fdf6cb	ccci_util_lib.ko
__stack_chk_fail	0xf0fdf6cb	ccmni.ko
__stack_chk_fail	0xf0fdf6cb	ccu_isp4.ko
__stack_chk_fail	0xf0fdf6cb	cfg80211.ko
__stack_chk_fail	0xf0fdf6cb	clk-common.ko
__stack_chk_fail	0xf0fdf6cb	clk-fmeter-mt6768.ko
__stack_chk_fail	0xf0fdf6cb	clk-mt6768-pg.ko
__stack_chk_fail	0xf0fdf6cb	clkbuf.ko
__stack_chk_fail	0xf0fdf6cb	cmdq-bdg-mailbox.ko
__stack_chk_fail	0xf0fdf6cb	cmdq-bdg-test.ko
__stack_chk_fail	0xf0fdf6cb	cmdq-sec-drv.ko
__stack_chk_fail	0xf0fdf6cb	cmdq-test.ko
__stack_chk_fail	0xf0fdf6cb	cmdq_helper_inf.ko
__stack_chk_fail	0xf0fdf6cb	conn_md_drv.ko
__stack_chk_fail	0xf0fdf6cb	connadp.ko
__stack_chk_fail	0xf0fdf6cb	cpufreq_sugov_ext.ko
__stack_chk_fail	0xf0fdf6cb	cpumaxfreq.ko
__stack_chk_fail	0xf0fdf6cb	cqhci.ko
__stack_chk_fail	0xf0fdf6cb	dbg_error_flag.ko
__stack_chk_fail	0xf0fdf6cb	device-apc-common-legacy.ko
__stack_chk_fail	0xf0fdf6cb	drm_display_helper.ko
__stack_chk_fail	0xf0fdf6cb	drm_dma_helper.ko
__stack_chk_fail	0xf0fdf6cb	dsi_panel_c3n_35_02_0h_dsc_vdo.ko
__stack_chk_fail	0xf0fdf6cb	dsi_panel_c3n_35_0f_0e_dsc_vdo.ko
__stack_chk_fail	0xf0fdf6cb	dsi_panel_c3n_35_0f_0l_dsc_vdo.ko
__stack_chk_fail	0xf0fdf6cb	dsi_panel_c3n_37_02_0d_dsc_vdo.ko
__stack_chk_fail	0xf0fdf6cb	dsi_panel_c3n_43_02_0a_dsc_vdo.ko
__stack_chk_fail	0xf0fdf6cb	dsi_panel_c3n_43_02_0k_dsc_vdo.ko
__stack_chk_fail	0xf0fdf6cb	dsi_panel_c3n_43_02_0n_dsc_vdo.ko
__stack_chk_fail	0xf0fdf6cb	dsi_panel_c3n_44_03_0b_dsc_vdo.ko
__stack_chk_fail	0xf0fdf6cb	dsi_panel_c3n_44_03_0j_dsc_vdo.ko
__stack_chk_fail	0xf0fdf6cb	dsi_panel_c3n_46_03_0c_dsc_vdo.ko
__stack_chk_fail	0xf0fdf6cb	dsi_panel_c3n_46_03_0f_dsc_vdo.ko
__stack_chk_fail	0xf0fdf6cb	dsi_panel_c3n_46_03_0g_dsc_vdo.ko
__stack_chk_fail	0xf0fdf6cb	dsi_panel_c3n_bias.ko
__stack_chk_fail	0xf0fdf6cb	dsi_panel_c3n_null_dsc_vdo.ko
__stack_chk_fail	0xf0fdf6cb	dvfsrc-opp-mt6768.ko
__stack_chk_fail	0xf0fdf6cb	emicen.ko
__stack_chk_fail	0xf0fdf6cb	emictrl.ko
__stack_chk_fail	0xf0fdf6cb	emiisu.ko
__stack_chk_fail	0xf0fdf6cb	emimpu.ko
__stack_chk_fail	0xf0fdf6cb	extcon-mtk-usb.ko
__stack_chk_fail	0xf0fdf6cb	extdev_io_class.ko
__stack_chk_fail	0xf0fdf6cb	fhctl.ko
__stack_chk_fail	0xf0fdf6cb	flashlight.ko
__stack_chk_fail	0xf0fdf6cb	fmradio_drv_mt6631.ko
__stack_chk_fail	0xf0fdf6cb	fpsgo.ko
__stack_chk_fail	0xf0fdf6cb	ft8057m_spi.ko
__stack_chk_fail	0xf0fdf6cb	ft8057p_spi.ko
__stack_chk_fail	0xf0fdf6cb	fusion.ko
__stack_chk_fail	0xf0fdf6cb	gamerotvechub.ko
__stack_chk_fail	0xf0fdf6cb	gc_gc6133c_ii.ko
__stack_chk_fail	0xf0fdf6cb	ged.ko
__stack_chk_fail	0xf0fdf6cb	gf_fingerprint.ko
__stack_chk_fail	0xf0fdf6cb	gmagrotvechub.ko
__stack_chk_fail	0xf0fdf6cb	gps_drv_stp.ko
__stack_chk_fail	0xf0fdf6cb	gravityhub.ko
__stack_chk_fail	0xf0fdf6cb	gyro_common.ko
__stack_chk_fail	0xf0fdf6cb	gyrohub.ko
__stack_chk_fail	0xf0fdf6cb	gz_ipc_mod.ko
__stack_chk_fail	0xf0fdf6cb	gz_irq_mod.ko
__stack_chk_fail	0xf0fdf6cb	gz_log_mod.ko
__stack_chk_fail	0xf0fdf6cb	gz_main_mod.ko
__stack_chk_fail	0xf0fdf6cb	gz_trusty_mod.ko
__stack_chk_fail	0xf0fdf6cb	gz_tz_system.ko
__stack_chk_fail	0xf0fdf6cb	gz_virtio_mod.ko
__stack_chk_fail	0xf0fdf6cb	hwmon.ko
__stack_chk_fail	0xf0fdf6cb	i2c-mt65xx.ko
__stack_chk_fail	0xf0fdf6cb	icnl9916_spi.ko
__stack_chk_fail	0xf0fdf6cb	imgsensor_isp4_t.ko
__stack_chk_fail	0xf0fdf6cb	iommu_debug.ko
__stack_chk_fail	0xf0fdf6cb	iommu_gz.ko
__stack_chk_fail	0xf0fdf6cb	iommu_secure.ko
__stack_chk_fail	0xf0fdf6cb	irq-dbg.ko
__stack_chk_fail	0xf0fdf6cb	isee.ko
__stack_chk_fail	0xf0fdf6cb	lc_charger_sysfs.ko
__stack_chk_fail	0xf0fdf6cb	lct_tp.ko
__stack_chk_fail	0xf0fdf6cb	leds-mt6370-flash.ko
__stack_chk_fail	0xf0fdf6cb	leds-mtk.ko
__stack_chk_fail	0xf0fdf6cb	linearacchub.ko
__stack_chk_fail	0xf0fdf6cb	load_track.ko
__stack_chk_fail	0xf0fdf6cb	log_store.ko
__stack_chk_fail	0xf0fdf6cb	mac80211.ko
__stack_chk_fail	0xf0fdf6cb	mag_common.ko
__stack_chk_fail	0xf0fdf6cb	maghub.ko
__stack_chk_fail	0xf0fdf6cb	main2af.ko
__stack_chk_fail	0xf0fdf6cb	main3af.ko
__stack_chk_fail	0xf0fdf6cb	mainaf.ko
__stack_chk_fail	0xf0fdf6cb	mali_kbase_mt6768_r49.ko
__stack_chk_fail	0xf0fdf6cb	mali_mgm_mt6768_r49.ko
__stack_chk_fail	0xf0fdf6cb	mali_prot_alloc_mt6768_r49.ko
__stack_chk_fail	0xf0fdf6cb	mcDrvModule.ko
__stack_chk_fail	0xf0fdf6cb	mcdi.ko
__stack_chk_fail	0xf0fdf6cb	mdp_drv_mt6768.ko
__stack_chk_fail	0xf0fdf6cb	mediatek-drm.ko
__stack_chk_fail	0xf0fdf6cb	mediatek_eem.ko
__stack_chk_fail	0xf0fdf6cb	mediatek_static_power.ko
__stack_chk_fail	0xf0fdf6cb	memory-amms.ko
__stack_chk_fail	0xf0fdf6cb	met.ko
__stack_chk_fail	0xf0fdf6cb	mi_memory.ko
__stack_chk_fail	0xf0fdf6cb	mi_rmap_efficiency.ko
__stack_chk_fail	0xf0fdf6cb	miev.ko
__stack_chk_fail	0xf0fdf6cb	millet_binder.ko
__stack_chk_fail	0xf0fdf6cb	millet_core.ko
__stack_chk_fail	0xf0fdf6cb	millet_hs.ko
__stack_chk_fail	0xf0fdf6cb	millet_oem_cgroup.ko
__stack_chk_fail	0xf0fdf6cb	millet_pkg.ko
__stack_chk_fail	0xf0fdf6cb	millet_sig.ko
__stack_chk_fail	0xf0fdf6cb	mme.ko
__stack_chk_fail	0xf0fdf6cb	mmprofile.ko
__stack_chk_fail	0xf0fdf6cb	mmqos-common.ko
__stack_chk_fail	0xf0fdf6cb	monitor_hang.ko
__stack_chk_fail	0xf0fdf6cb	mrdump.ko
__stack_chk_fail	0xf0fdf6cb	mt6358-accdet.ko
__stack_chk_fail	0xf0fdf6cb	mt6358-regulator.ko
__stack_chk_fail	0xf0fdf6cb	mt6358_battery.ko
__stack_chk_fail	0xf0fdf6cb	mt635x-auxadc.ko
__stack_chk_fail	0xf0fdf6cb	mt6370-adc.ko
__stack_chk_fail	0xf0fdf6cb	mt6370-charger.ko
__stack_chk_fail	0xf0fdf6cb	mt6370-regulator.ko
__stack_chk_fail	0xf0fdf6cb	mt6370.ko
__stack_chk_fail	0xf0fdf6cb	mt6397.ko
__stack_chk_fail	0xf0fdf6cb	mt63xx-debug.ko
__stack_chk_fail	0xf0fdf6cb	mt6577_auxadc.ko
__stack_chk_fail	0xf0fdf6cb	mt6768-mt6358.ko
__stack_chk_fail	0xf0fdf6cb	mtk-btcvsd.ko
__stack_chk_fail	0xf0fdf6cb	mtk-cmdq-drv-ext.ko
__stack_chk_fail	0xf0fdf6cb	mtk-cqdma.ko
__stack_chk_fail	0xf0fdf6cb	mtk-dvfsrc-devfreq.ko
__stack_chk_fail	0xf0fdf6cb	mtk-dvfsrc-helper.ko
__stack_chk_fail	0xf0fdf6cb	mtk-dvfsrc-regulator.ko
__stack_chk_fail	0xf0fdf6cb	mtk-dvfsrc-start.ko
__stack_chk_fail	0xf0fdf6cb	mtk-dvfsrc.ko
__stack_chk_fail	0xf0fdf6cb	mtk-icc-core.ko
__stack_chk_fail	0xf0fdf6cb	mtk-kpd.ko
__stack_chk_fail	0xf0fdf6cb	mtk-mbox.ko
__stack_chk_fail	0xf0fdf6cb	mtk-mmc-dbg.ko
__stack_chk_fail	0xf0fdf6cb	mtk-mmc-wp.ko
__stack_chk_fail	0xf0fdf6cb	mtk-mmc.ko
__stack_chk_fail	0xf0fdf6cb	mtk-mmdvfs-debug.ko
__stack_chk_fail	0xf0fdf6cb	mtk-mmdvfs-ftrace.ko
__stack_chk_fail	0xf0fdf6cb	mtk-mmdvfs.ko
__stack_chk_fail	0xf0fdf6cb	mtk-mml.ko
__stack_chk_fail	0xf0fdf6cb	mtk-pmic-keys.ko
__stack_chk_fail	0xf0fdf6cb	mtk-pmic-wrap.ko
__stack_chk_fail	0xf0fdf6cb	mtk-scpsys-bringup.ko
__stack_chk_fail	0xf0fdf6cb	mtk-scpsys.ko
__stack_chk_fail	0xf0fdf6cb	mtk-smi-bwc.ko
__stack_chk_fail	0xf0fdf6cb	mtk-smi-dbg.ko
__stack_chk_fail	0xf0fdf6cb	mtk-smi.ko
__stack_chk_fail	0xf0fdf6cb	mtk-sp-spk-amp.ko
__stack_chk_fail	0xf0fdf6cb	mtk-uart-apdma.ko
__stack_chk_fail	0xf0fdf6cb	mtk-vcodec-common.ko
__stack_chk_fail	0xf0fdf6cb	mtk-vcodec-dec-v1.ko
__stack_chk_fail	0xf0fdf6cb	mtk-vcodec-enc-v1.ko
__stack_chk_fail	0xf0fdf6cb	mtk-vcu.ko
__stack_chk_fail	0xf0fdf6cb	mtk_battery_manager.ko
__stack_chk_fail	0xf0fdf6cb	mtk_battery_oc_throttling.ko
__stack_chk_fail	0xf0fdf6cb	mtk_bp_thl.ko
__stack_chk_fail	0xf0fdf6cb	mtk_charger_cooling.ko
__stack_chk_fail	0xf0fdf6cb	mtk_charger_framework.ko
__stack_chk_fail	0xf0fdf6cb	mtk_chg_type_det.ko
__stack_chk_fail	0xf0fdf6cb	mtk_cm_mgr.ko
__stack_chk_fail	0xf0fdf6cb	mtk_cm_mgr_mt6768.ko
__stack_chk_fail	0xf0fdf6cb	mtk_cpu_power_throttling.ko
__stack_chk_fail	0xf0fdf6cb	mtk_cpuhp.ko
__stack_chk_fail	0xf0fdf6cb	mtk_cpuidle.ko
__stack_chk_fail	0xf0fdf6cb	mtk_dcm.ko
__stack_chk_fail	0xf0fdf6cb	mtk_disp_sec.ko
__stack_chk_fail	0xf0fdf6cb	mtk_dramc.ko
__stack_chk_fail	0xf0fdf6cb	mtk_dynamic_loading_throttling.ko
__stack_chk_fail	0xf0fdf6cb	mtk_em.ko
__stack_chk_fail	0xf0fdf6cb	mtk_fpsgo.ko
__stack_chk_fail	0xf0fdf6cb	mtk_gpu_qos.ko
__stack_chk_fail	0xf0fdf6cb	mtk_gpufreq_mt6768.ko
__stack_chk_fail	0xf0fdf6cb	mtk_gpufreq_wrapper_legacy.ko
__stack_chk_fail	0xf0fdf6cb	mtk_heap_debug.ko
__stack_chk_fail	0xf0fdf6cb	mtk_ioctl_powerhal.ko
__stack_chk_fail	0xf0fdf6cb	mtk_ioctl_touch_boost.ko
__stack_chk_fail	0xf0fdf6cb	mtk_iommu.ko
__stack_chk_fail	0xf0fdf6cb	mtk_irtx_pwm.ko
__stack_chk_fail	0xf0fdf6cb	mtk_jpeg.ko
__stack_chk_fail	0xf0fdf6cb	mtk_low_battery_throttling.ko
__stack_chk_fail	0xf0fdf6cb	mtk_md_power_throttling.ko
__stack_chk_fail	0xf0fdf6cb	mtk_mdpm_v1.ko
__stack_chk_fail	0xf0fdf6cb	mtk_pbm.ko
__stack_chk_fail	0xf0fdf6cb	mtk_pd_adapter.ko
__stack_chk_fail	0xf0fdf6cb	mtk_pd_charging.ko
__stack_chk_fail	0xf0fdf6cb	mtk_peak_power_budget.ko
__stack_chk_fail	0xf0fdf6cb	mtk_pep.ko
__stack_chk_fail	0xf0fdf6cb	mtk_pep20.ko
__stack_chk_fail	0xf0fdf6cb	mtk_pep40.ko
__stack_chk_fail	0xf0fdf6cb	mtk_perf_common.ko
__stack_chk_fail	0xf0fdf6cb	mtk_perf_ioctl.ko
__stack_chk_fail	0xf0fdf6cb	mtk_power_gs_v1.ko
__stack_chk_fail	0xf0fdf6cb	mtk_ppm_v3.ko
__stack_chk_fail	0xf0fdf6cb	mtk_printk_ctrl.ko
__stack_chk_fail	0xf0fdf6cb	mtk_qos_legacy.ko
__stack_chk_fail	0xf0fdf6cb	mtk_sec_heap.ko
__stack_chk_fail	0xf0fdf6cb	mtk_spi.ko
__stack_chk_fail	0xf0fdf6cb	mtk_tinysys_ipi.ko
__stack_chk_fail	0xf0fdf6cb	mtk_u_ether.ko
__stack_chk_fail	0xf0fdf6cb	mtk_usb_f_rndis.ko
__stack_chk_fail	0xf0fdf6cb	musb_boost.ko
__stack_chk_fail	0xf0fdf6cb	musb_hdrc.ko
__stack_chk_fail	0xf0fdf6cb	nt36528_spi.ko
__stack_chk_fail	0xf0fdf6cb	nvmem-mt635x-efuse.ko
__stack_chk_fail	0xf0fdf6cb	nvmem_mtk-devinfo.ko
__stack_chk_fail	0xf0fdf6cb	nxp_i2c.ko
__stack_chk_fail	0xf0fdf6cb	orienthub.ko
__stack_chk_fail	0xf0fdf6cb	pd_dbg_info.ko
__stack_chk_fail	0xf0fdf6cb	perf_helper.ko
__stack_chk_fail	0xf0fdf6cb	perfhelper.ko
__stack_chk_fail	0xf0fdf6cb	phy-generic.ko
__stack_chk_fail	0xf0fdf6cb	phy-mtk-tphy.ko
__stack_chk_fail	0xf0fdf6cb	pidmap.ko
__stack_chk_fail	0xf0fdf6cb	pinctrl-mtk-common-v2_debug.ko
__stack_chk_fail	0xf0fdf6cb	pinctrl-mtk-v2.ko
__stack_chk_fail	0xf0fdf6cb	pmic_lbat_service.ko
__stack_chk_fail	0xf0fdf6cb	pmic_lvsys_notify.ko
__stack_chk_fail	0xf0fdf6cb	powerhal_cpu_ctrl.ko
__stack_chk_fail	0xf0fdf6cb	pwm-mtk-disp.ko
__stack_chk_fail	0xf0fdf6cb	rotatvechub.ko
__stack_chk_fail	0xf0fdf6cb	rpmb-mtk.ko
__stack_chk_fail	0xf0fdf6cb	rpmb.ko
__stack_chk_fail	0xf0fdf6cb	rt_pd_manager.ko
__stack_chk_fail	0xf0fdf6cb	rtc-mt6397.ko
__stack_chk_fail	0xf0fdf6cb	sc_sc080cs_i.ko
__stack_chk_fail	0xf0fdf6cb	scheduler.ko
__stack_chk_fail	0xf0fdf6cb	scp.ko
__stack_chk_fail	0xf0fdf6cb	sec-rng.ko
__stack_chk_fail	0xf0fdf6cb	sec.ko
__stack_chk_fail	0xf0fdf6cb	sensorHub.ko
__stack_chk_fail	0xf0fdf6cb	sensor_list.ko
__stack_chk_fail	0xf0fdf6cb	sgm41543_charger.ko
__stack_chk_fail	0xf0fdf6cb	sil_fingerprint.ko
__stack_chk_fail	0xf0fdf6cb	situation.ko
__stack_chk_fail	0xf0fdf6cb	situationhub.ko
__stack_chk_fail	0xf0fdf6cb	snd-soc-fs15xx.ko
__stack_chk_fail	0xf0fdf6cb	snd-soc-mt6358.ko
__stack_chk_fail	0xf0fdf6cb	snd-soc-mt6660.ko
__stack_chk_fail	0xf0fdf6cb	snd-soc-mt6768-afe.ko
__stack_chk_fail	0xf0fdf6cb	snd-soc-mtk-common.ko
__stack_chk_fail	0xf0fdf6cb	snd-soc-sipa-tuning.ko
__stack_chk_fail	0xf0fdf6cb	sp_sp0821_iii.ko
__stack_chk_fail	0xf0fdf6cb	spi-mt65xx.ko
__stack_chk_fail	0xf0fdf6cb	spi_slave.ko
__stack_chk_fail	0xf0fdf6cb	sspm_v1.ko
__stack_chk_fail	0xf0fdf6cb	step_counter.ko
__stack_chk_fail	0xf0fdf6cb	stepsignhub.ko
__stack_chk_fail	0xf0fdf6cb	sub2af.ko
__stack_chk_fail	0xf0fdf6cb	subaf.ko
__stack_chk_fail	0xf0fdf6cb	system_heap.ko
__stack_chk_fail	0xf0fdf6cb	t-base-tui.ko
__stack_chk_fail	0xf0fdf6cb	tcpc_class.ko
__stack_chk_fail	0xf0fdf6cb	tcpc_rt1711h.ko
__stack_chk_fail	0xf0fdf6cb	tcpc_upm7610.ko
__stack_chk_fail	0xf0fdf6cb	teeperf.ko
__stack_chk_fail	0xf0fdf6cb	thermal_monitor.ko
__stack_chk_fail	0xf0fdf6cb	timer-mediatek.ko
__stack_chk_fail	0xf0fdf6cb	touch_boost.ko
__stack_chk_fail	0xf0fdf6cb	trace_mmstat.ko
__stack_chk_fail	0xf0fdf6cb	trusted_mem.ko
__stack_chk_fail	0xf0fdf6cb	ufs-mediatek-dbg.ko
__stack_chk_fail	0xf0fdf6cb	ufs-mediatek-mod.ko
__stack_chk_fail	0xf0fdf6cb	uload_ind.ko
__stack_chk_fail	0xf0fdf6cb	uncali_acchub.ko
__stack_chk_fail	0xf0fdf6cb	uncali_gyrohub.ko
__stack_chk_fail	0xf0fdf6cb	uncali_maghub.ko
__stack_chk_fail	0xf0fdf6cb	upm6920_charger.ko
__stack_chk_fail	0xf0fdf6cb	usb_meta.ko
__stack_chk_fail	0xf0fdf6cb	v4l2-flash-led-class.ko
__stack_chk_fail	0xf0fdf6cb	widevine_driver.ko
__stack_chk_fail	0xf0fdf6cb	wifi_ant_check.ko
__stack_chk_fail	0xf0fdf6cb	wlan_drv_gen4m_6768.ko
__stack_chk_fail	0xf0fdf6cb	wmt_chrdev_wifi.ko
__stack_chk_fail	0xf0fdf6cb	wmt_drv.ko
__stack_chk_fail	0xf0fdf6cb	xiaomi_touch.ko
__stack_chk_fail	0xf0fdf6cb	xm_smart_chg.ko
__stack_chk_fail	0xf0fdf6cb	zram.ko
__stack_chk_fail	0xf0fdf6cb	zsmalloc.ko
__sw_hweight16	0x57674fd7	cfg80211.ko
__sw_hweight16	0x57674fd7	mac80211.ko
__sw_hweight32	0x74c134b9	cfg80211.ko
__sw_hweight32	0x74c134b9	drm_display_helper.ko
__sw_hweight32	0x74c134b9	mac80211.ko
__sw_hweight32	0x74c134b9	mali_kbase_mt6768_r49.ko
__sw_hweight32	0x74c134b9	mediatek-drm.ko
__sw_hweight64	0x9f46ced8	CPU_DVFS.ko
__sw_hweight64	0x9f46ced8	cpufreq_sugov_ext.ko
__sw_hweight64	0x9f46ced8	gz_ipc_mod.ko
__sw_hweight64	0x9f46ced8	load_track.ko
__sw_hweight64	0x9f46ced8	mac80211.ko
__sw_hweight64	0x9f46ced8	mali_kbase_mt6768_r49.ko
__sw_hweight64	0x9f46ced8	mrdump.ko
__sw_hweight64	0x9f46ced8	mtk_cpuhp.ko
__sw_hweight64	0x9f46ced8	mtk_fpsgo.ko
__sw_hweight64	0x9f46ced8	mtk_pbm.ko
__sw_hweight64	0x9f46ced8	mtk_ppm_v3.ko
__sw_hweight64	0x9f46ced8	rps_perf.ko
__sw_hweight64	0x9f46ced8	scheduler.ko
__sw_hweight64	0x9f46ced8	uload_ind.ko
__sw_hweight64	0x9f46ced8	wlan_drv_gen4m_6768.ko
__sw_hweight8	0xdc3fcbc9	cfg80211.ko
__sw_hweight8	0xdc3fcbc9	drm_display_helper.ko
__sw_hweight8	0xdc3fcbc9	mac80211.ko
__task_pid_nr_ns	0xe8cf8888	bootprof.ko
__task_pid_nr_ns	0xe8cf8888	monitor_hang.ko
__tasklet_hi_schedule	0x3e3bad0a	ccci_cldma.ko
__tasklet_hi_schedule	0x3e3bad0a	wlan_drv_gen4m_6768.ko
__tasklet_schedule	0x9d2ab8ac	aee_aed.ko
__tasklet_schedule	0x9d2ab8ac	btif_drv.ko
__tasklet_schedule	0x9d2ab8ac	camera_dpe_isp40.ko
__tasklet_schedule	0x9d2ab8ac	mac80211.ko
__tasklet_schedule	0x9d2ab8ac	mtk-cqdma.ko
__tasklet_schedule	0x9d2ab8ac	mtk-kpd.ko
__tasklet_schedule	0x9d2ab8ac	wlan_drv_gen4m_6768.ko
__tasklet_schedule	0x9d2ab8ac	wmt_drv.ko
__trace_bprintk	0xa20d01ba	binder_prio.ko
__trace_puts	0x2d41e6f5	mediatek-drm.ko
__trace_puts	0x2d41e6f5	met.ko
__trace_puts	0x2d41e6f5	mtk-cmdq-drv-ext.ko
__trace_trigger_soft_disabled	0xd60ef8e6	MTK_INTERNAL_SPM.ko
__trace_trigger_soft_disabled	0xd60ef8e6	aee_aed.ko
__trace_trigger_soft_disabled	0xd60ef8e6	binder_prio.ko
__trace_trigger_soft_disabled	0xd60ef8e6	blocktag.ko
__trace_trigger_soft_disabled	0xd60ef8e6	bt_drv_connac1x.ko
__trace_trigger_soft_disabled	0xd60ef8e6	cfg80211.ko
__trace_trigger_soft_disabled	0xd60ef8e6	cpufreq_sugov_ext.ko
__trace_trigger_soft_disabled	0xd60ef8e6	ged.ko
__trace_trigger_soft_disabled	0xd60ef8e6	mac80211.ko
__trace_trigger_soft_disabled	0xd60ef8e6	mali_kbase_mt6768_r49.ko
__trace_trigger_soft_disabled	0xd60ef8e6	mediatek-drm.ko
__trace_trigger_soft_disabled	0xd60ef8e6	mmqos-common.ko
__trace_trigger_soft_disabled	0xd60ef8e6	mtk-dvfsrc.ko
__trace_trigger_soft_disabled	0xd60ef8e6	mtk-icc-core.ko
__trace_trigger_soft_disabled	0xd60ef8e6	mtk-mbox.ko
__trace_trigger_soft_disabled	0xd60ef8e6	mtk-mmdvfs-ftrace.ko
__trace_trigger_soft_disabled	0xd60ef8e6	mtk_cm_mgr_mt6768.ko
__trace_trigger_soft_disabled	0xd60ef8e6	mtk_cpu_power_throttling.ko
__trace_trigger_soft_disabled	0xd60ef8e6	mtk_fpsgo.ko
__trace_trigger_soft_disabled	0xd60ef8e6	mtk_low_battery_throttling.ko
__trace_trigger_soft_disabled	0xd60ef8e6	mtk_peak_power_budget.ko
__trace_trigger_soft_disabled	0xd60ef8e6	mtk_perf_common.ko
__trace_trigger_soft_disabled	0xd60ef8e6	mtk_ppm_v3.ko
__trace_trigger_soft_disabled	0xd60ef8e6	musb_hdrc.ko
__trace_trigger_soft_disabled	0xd60ef8e6	powerhal_cpu_ctrl.ko
__trace_trigger_soft_disabled	0xd60ef8e6	scheduler.ko
__trace_trigger_soft_disabled	0xd60ef8e6	system_heap.ko
__trace_trigger_soft_disabled	0xd60ef8e6	thermal_monitor.ko
__trace_trigger_soft_disabled	0xd60ef8e6	timer-mediatek.ko
__trace_trigger_soft_disabled	0xd60ef8e6	touch_boost.ko
__trace_trigger_soft_disabled	0xd60ef8e6	trace_mmstat.ko
__trace_trigger_soft_disabled	0xd60ef8e6	ufs-mediatek-mod.ko
__trace_trigger_soft_disabled	0xd60ef8e6	uload_ind.ko
__traceiter_android_vh_zs_shrinker_adjust	0x7c46aff9	zsmalloc.ko
__traceiter_android_vh_zs_shrinker_bypass	0x11558567	zsmalloc.ko
__traceiter_cpu_frequency	0xead3e41b	met.ko
__traceiter_cpu_frequency_limits	0x3fd2ff5f	CPU_DVFS.ko
__traceiter_gpu_mem_total	0x448af6f4	mali_kbase_mt6768_r49.ko
__traceiter_mtk_pm_qos_update_request	0x90965b4c	mtk-dvfsrc-regulator.ko
__traceiter_mtk_pm_qos_update_request	0x90965b4c	mtk-emi.ko
__tracepoint_android_rvh_after_dequeue_task	0xc589dba6	scheduler.ko
__tracepoint_android_rvh_after_enqueue_task	0x698da62d	scheduler.ko
__tracepoint_android_rvh_can_migrate_task	0x47b7bc68	scheduler.ko
__tracepoint_android_rvh_check_preempt_wakeup	0x4495a2a3	scheduler.ko
__tracepoint_android_rvh_cpu_cgroup_online	0x67962dfb	scheduler.ko
__tracepoint_android_rvh_cpu_overutilized	0xe7eb187b	scheduler.ko
__tracepoint_android_rvh_cpu_util_cfs_boost	0x5fcd4eeb	scheduler.ko
__tracepoint_android_rvh_dequeue_task	0x08d54e31	scheduler.ko
__tracepoint_android_rvh_enqueue_task	0xa4d133ba	scheduler.ko
__tracepoint_android_rvh_find_busiest_group	0x167bb96a	scheduler.ko
__tracepoint_android_rvh_find_busiest_queue	0x29dc828c	scheduler.ko
__tracepoint_android_rvh_find_energy_efficient_cpu	0x095763c1	scheduler.ko
__tracepoint_android_rvh_find_lowest_rq	0x1e36dca5	scheduler.ko
__tracepoint_android_rvh_find_new_ilb	0x5ccde5b4	scheduler.ko
__tracepoint_android_rvh_get_nohz_timer_target	0x1a5ec78a	scheduler.ko
__tracepoint_android_rvh_iommu_limit_align_shift	0x5b946a09	iommu_debug.ko
__tracepoint_android_rvh_is_cpu_allowed	0x31048a99	scheduler.ko
__tracepoint_android_rvh_new_task_stats	0xb69cc2ab	scheduler.ko
__tracepoint_android_rvh_post_init_entity_util_avg	0x67524233	scheduler.ko
__tracepoint_android_rvh_replace_next_task_fair	0x758de876	scheduler.ko
__tracepoint_android_rvh_rto_next_cpu	0x70e61a64	scheduler.ko
__tracepoint_android_rvh_sched_fork_init	0x19bd0610	scheduler.ko
__tracepoint_android_rvh_sched_newidle_balance	0xb13f8066	scheduler.ko
__tracepoint_android_rvh_schedule	0x62717046	scheduler.ko
__tracepoint_android_rvh_select_task_rq_fair	0x5fa4e6b5	scheduler.ko
__tracepoint_android_rvh_select_task_rq_rt	0xf9571130	scheduler.ko
__tracepoint_android_rvh_set_cpus_allowed_by_task	0xed925ccb	scheduler.ko
__tracepoint_android_rvh_set_cpus_allowed_ptr	0xa5f59a23	scheduler.ko
__tracepoint_android_rvh_tick_entry	0x8f456894	scheduler.ko
__tracepoint_android_rvh_update_cpu_capacity	0xfb5d095f	cpufreq_sugov_ext.ko
__tracepoint_android_rvh_update_misfit_status	0xc11d1319	scheduler.ko
__tracepoint_android_rvh_wake_up_new_task	0xa538f0cc	scheduler.ko
__tracepoint_android_vh_arch_set_freq_scale	0xdc53025c	cpufreq_sugov_ext.ko
__tracepoint_android_vh_binder_alloc_new_buf_locked	0x42ca97f2	binder_gki.ko
__tracepoint_android_vh_binder_preset	0x64e11223	binder_gki.ko
__tracepoint_android_vh_binder_proc_transaction	0x0b01d419	binder_prio.ko
__tracepoint_android_vh_binder_proc_transaction_finish	0x1ed83451	binder_prio.ko
__tracepoint_android_vh_binder_reply	0xe014f2d6	binder_gki.ko
__tracepoint_android_vh_binder_set_priority	0xafca6dd1	binder_prio.ko
__tracepoint_android_vh_binder_trans	0xf5435647	binder_gki.ko
__tracepoint_android_vh_binder_trans	0xf5435647	binder_prio.ko
__tracepoint_android_vh_binder_transaction_init	0x4a82b1cc	binder_prio.ko
__tracepoint_android_vh_binder_wait_for_work	0x8536cf75	binder_gki.ko
__tracepoint_android_vh_cpufreq_fast_switch	0xc0ef2c34	cpufreq_sugov_ext.ko
__tracepoint_android_vh_cpufreq_target	0x64fc8e2d	cpufreq_sugov_ext.ko
__tracepoint_android_vh_do_send_sig_info	0x5ad6ee9f	millet_sig.ko
__tracepoint_android_vh_dump_throttled_rt_tasks	0x0e46071d	scheduler.ko
__tracepoint_android_vh_iommu_iovad_alloc_iova	0xa028da29	iommu_debug.ko
__tracepoint_android_vh_iommu_iovad_free_iova	0x3b83eaff	iommu_debug.ko
__tracepoint_android_vh_page_should_be_protected	0x5197caae	mi_rmap_efficiency.ko
__tracepoint_android_vh_sched_pelt_multiplier	0xb9c27e91	scheduler.ko
__tracepoint_android_vh_scheduler_tick	0x08c73112	mtk_perf_common.ko
__tracepoint_android_vh_scheduler_tick	0x08c73112	scheduler.ko
__tracepoint_android_vh_set_wake_flags	0xc0bf9f61	scheduler.ko
__tracepoint_android_vh_setscheduler_uclamp	0x25bab59d	scheduler.ko
__tracepoint_android_vh_show_resume_epoch_val	0xdebebb9d	met.ko
__tracepoint_android_vh_show_suspend_epoch_val	0x754823e8	met.ko
__tracepoint_android_vh_tune_scan_type	0x98207e5d	perfhelper.ko
__tracepoint_android_vh_zs_shrinker_adjust	0x4ad100ef	zsmalloc.ko
__tracepoint_android_vh_zs_shrinker_bypass	0xc0492fe3	zsmalloc.ko
__tracepoint_cpu_frequency	0x2f403bc4	met.ko
__tracepoint_cpu_frequency_limits	0x36b44e92	CPU_DVFS.ko
__tracepoint_gpu_mem_total	0xc0b37761	mali_kbase_mt6768_r49.ko
__tracepoint_mmap_lock_acquire_returned	0x710039b1	monitor_hang.ko
__tracepoint_mmap_lock_acquire_returned	0x710039b1	mtk_heap_debug.ko
__tracepoint_mmap_lock_released	0x2ae025cb	monitor_hang.ko
__tracepoint_mmap_lock_released	0x2ae025cb	mtk_heap_debug.ko
__tracepoint_mmap_lock_start_locking	0x2eefea83	monitor_hang.ko
__tracepoint_mmap_lock_start_locking	0x2eefea83	mtk_heap_debug.ko
__tracepoint_mtk_pm_qos_update_request	0xf022bb1f	mtk-dvfsrc-regulator.ko
__tracepoint_mtk_pm_qos_update_request	0xf022bb1f	mtk-emi.ko
__tracepoint_musb_gadget_disable	0x586a7930	musb_boost.ko
__tracepoint_musb_gadget_enable	0x63522267	musb_boost.ko
__tracepoint_musb_gadget_queue	0x952c04f1	musb_boost.ko
__tracepoint_musb_host_urb_giveback	0x2eb259c8	musb_boost.ko
__tracepoint_pelt_rt_tp	0xb49b0663	scheduler.ko
__tracepoint_pelt_se_tp	0x22476bf4	scheduler.ko
__tracepoint_rwmmio_post_read	0x84c83365	8250_mtk.ko
__tracepoint_rwmmio_post_read	0x84c83365	aee_aed.ko
__tracepoint_rwmmio_post_read	0x84c83365	aee_hangdet.ko
__tracepoint_rwmmio_post_read	0x84c83365	btif_drv.ko
__tracepoint_rwmmio_post_read	0x84c83365	cache-parity.ko
__tracepoint_rwmmio_post_read	0x84c83365	camera_dpe_isp40.ko
__tracepoint_rwmmio_post_read	0x84c83365	camera_fdvt_isp40.ko
__tracepoint_rwmmio_post_read	0x84c83365	camera_isp_4_t.ko
__tracepoint_rwmmio_post_read	0x84c83365	ccci_ccif.ko
__tracepoint_rwmmio_post_read	0x84c83365	ccci_cldma.ko
__tracepoint_rwmmio_post_read	0x84c83365	ccci_md_all.ko
__tracepoint_rwmmio_post_read	0x84c83365	ccu_isp4.ko
__tracepoint_rwmmio_post_read	0x84c83365	clk-common.ko
__tracepoint_rwmmio_post_read	0x84c83365	clk-fmeter-mt6768.ko
__tracepoint_rwmmio_post_read	0x84c83365	clk-mt6768-pg.ko
__tracepoint_rwmmio_post_read	0x84c83365	clkbuf.ko
__tracepoint_rwmmio_post_read	0x84c83365	clkchk-mt6768.ko
__tracepoint_rwmmio_post_read	0x84c83365	clkdbg-mt6768.ko
__tracepoint_rwmmio_post_read	0x84c83365	cmdq-test.ko
__tracepoint_rwmmio_post_read	0x84c83365	cpufreq_sugov_ext.ko
__tracepoint_rwmmio_post_read	0x84c83365	cqhci.ko
__tracepoint_rwmmio_post_read	0x84c83365	dbg_error_flag.ko
__tracepoint_rwmmio_post_read	0x84c83365	device-apc-common-legacy.ko
__tracepoint_rwmmio_post_read	0x84c83365	emictrl.ko
__tracepoint_rwmmio_post_read	0x84c83365	emiisu.ko
__tracepoint_rwmmio_post_read	0x84c83365	emimpu.ko
__tracepoint_rwmmio_post_read	0x84c83365	fhctl.ko
__tracepoint_rwmmio_post_read	0x84c83365	i2c-mt65xx.ko
__tracepoint_rwmmio_post_read	0x84c83365	mali_kbase_mt6768_r49.ko
__tracepoint_rwmmio_post_read	0x84c83365	mdp_drv_mt6768.ko
__tracepoint_rwmmio_post_read	0x84c83365	mediatek-drm.ko
__tracepoint_rwmmio_post_read	0x84c83365	met.ko
__tracepoint_rwmmio_post_read	0x84c83365	mmqos-common.ko
__tracepoint_rwmmio_post_read	0x84c83365	mt6577_auxadc.ko
__tracepoint_rwmmio_post_read	0x84c83365	mt6768_dcm.ko
__tracepoint_rwmmio_post_read	0x84c83365	mtk-cmdq-drv-ext.ko
__tracepoint_rwmmio_post_read	0x84c83365	mtk-cqdma.ko
__tracepoint_rwmmio_post_read	0x84c83365	mtk-dvfsrc-helper.ko
__tracepoint_rwmmio_post_read	0x84c83365	mtk-dvfsrc.ko
__tracepoint_rwmmio_post_read	0x84c83365	mtk-kpd.ko
__tracepoint_rwmmio_post_read	0x84c83365	mtk-mbox.ko
__tracepoint_rwmmio_post_read	0x84c83365	mtk-mmc-dbg.ko
__tracepoint_rwmmio_post_read	0x84c83365	mtk-mmc.ko
__tracepoint_rwmmio_post_read	0x84c83365	mtk-mmdvfs-debug.ko
__tracepoint_rwmmio_post_read	0x84c83365	mtk-mml.ko
__tracepoint_rwmmio_post_read	0x84c83365	mtk-pmic-wrap.ko
__tracepoint_rwmmio_post_read	0x84c83365	mtk-scpsys.ko
__tracepoint_rwmmio_post_read	0x84c83365	mtk-smi-dbg.ko
__tracepoint_rwmmio_post_read	0x84c83365	mtk-smi.ko
__tracepoint_rwmmio_post_read	0x84c83365	mtk-uart-apdma.ko
__tracepoint_rwmmio_post_read	0x84c83365	mtk-vcodec-common.ko
__tracepoint_rwmmio_post_read	0x84c83365	mtk-vcodec-dec-v1.ko
__tracepoint_rwmmio_post_read	0x84c83365	mtk-vcodec-enc-v1.ko
__tracepoint_rwmmio_post_read	0x84c83365	mtk_dramc.ko
__tracepoint_rwmmio_post_read	0x84c83365	mtk_gpu_qos.ko
__tracepoint_rwmmio_post_read	0x84c83365	mtk_gpufreq_mt6768.ko
__tracepoint_rwmmio_post_read	0x84c83365	mtk_gpufreq_wrapper_legacy.ko
__tracepoint_rwmmio_post_read	0x84c83365	mtk_iommu.ko
__tracepoint_rwmmio_post_read	0x84c83365	mtk_jpeg.ko
__tracepoint_rwmmio_post_read	0x84c83365	mtk_peak_power_budget.ko
__tracepoint_rwmmio_post_read	0x84c83365	mtk_power_gs_v1.ko
__tracepoint_rwmmio_post_read	0x84c83365	mtk_qos_legacy.ko
__tracepoint_rwmmio_post_read	0x84c83365	mtk_wdt.ko
__tracepoint_rwmmio_post_read	0x84c83365	musb_hdrc.ko
__tracepoint_rwmmio_post_read	0x84c83365	phy-mtk-tphy.ko
__tracepoint_rwmmio_post_read	0x84c83365	pinctrl-mtk-v2.ko
__tracepoint_rwmmio_post_read	0x84c83365	pwm-mtk-disp.ko
__tracepoint_rwmmio_post_read	0x84c83365	scp.ko
__tracepoint_rwmmio_post_read	0x84c83365	spi-mt65xx.ko
__tracepoint_rwmmio_post_read	0x84c83365	sspm_v1.ko
__tracepoint_rwmmio_post_read	0x84c83365	thermal_monitor.ko
__tracepoint_rwmmio_post_read	0x84c83365	ufs-mediatek-dbg.ko
__tracepoint_rwmmio_post_read	0x84c83365	ufs-mediatek-mod.ko
__tracepoint_rwmmio_post_read	0x84c83365	wlan_drv_gen4m_6768.ko
__tracepoint_rwmmio_post_read	0x84c83365	wmt_drv.ko
__tracepoint_rwmmio_post_write	0x02a1785f	8250_mtk.ko
__tracepoint_rwmmio_post_write	0x02a1785f	aee_aed.ko
__tracepoint_rwmmio_post_write	0x02a1785f	aee_hangdet.ko
__tracepoint_rwmmio_post_write	0x02a1785f	btif_drv.ko
__tracepoint_rwmmio_post_write	0x02a1785f	cache-parity.ko
__tracepoint_rwmmio_post_write	0x02a1785f	camera_dpe_isp40.ko
__tracepoint_rwmmio_post_write	0x02a1785f	camera_fdvt_isp40.ko
__tracepoint_rwmmio_post_write	0x02a1785f	camera_isp_4_t.ko
__tracepoint_rwmmio_post_write	0x02a1785f	ccci_ccif.ko
__tracepoint_rwmmio_post_write	0x02a1785f	ccci_cldma.ko
__tracepoint_rwmmio_post_write	0x02a1785f	ccci_fsm_scp.ko
__tracepoint_rwmmio_post_write	0x02a1785f	ccci_md_all.ko
__tracepoint_rwmmio_post_write	0x02a1785f	ccu_isp4.ko
__tracepoint_rwmmio_post_write	0x02a1785f	clk-common.ko
__tracepoint_rwmmio_post_write	0x02a1785f	clk-fmeter-mt6768.ko
__tracepoint_rwmmio_post_write	0x02a1785f	clkbuf.ko
__tracepoint_rwmmio_post_write	0x02a1785f	cmdq-test.ko
__tracepoint_rwmmio_post_write	0x02a1785f	cpufreq_sugov_ext.ko
__tracepoint_rwmmio_post_write	0x02a1785f	cqhci.ko
__tracepoint_rwmmio_post_write	0x02a1785f	device-apc-common-legacy.ko
__tracepoint_rwmmio_post_write	0x02a1785f	emictrl.ko
__tracepoint_rwmmio_post_write	0x02a1785f	emiisu.ko
__tracepoint_rwmmio_post_write	0x02a1785f	emimpu.ko
__tracepoint_rwmmio_post_write	0x02a1785f	fhctl.ko
__tracepoint_rwmmio_post_write	0x02a1785f	i2c-mt65xx.ko
__tracepoint_rwmmio_post_write	0x02a1785f	mali_kbase_mt6768_r49.ko
__tracepoint_rwmmio_post_write	0x02a1785f	mdp_drv_mt6768.ko
__tracepoint_rwmmio_post_write	0x02a1785f	mediatek-drm.ko
__tracepoint_rwmmio_post_write	0x02a1785f	met.ko
__tracepoint_rwmmio_post_write	0x02a1785f	mmqos-common.ko
__tracepoint_rwmmio_post_write	0x02a1785f	mt6577_auxadc.ko
__tracepoint_rwmmio_post_write	0x02a1785f	mt6768_dcm.ko
__tracepoint_rwmmio_post_write	0x02a1785f	mtk-cmdq-drv-ext.ko
__tracepoint_rwmmio_post_write	0x02a1785f	mtk-cqdma.ko
__tracepoint_rwmmio_post_write	0x02a1785f	mtk-dvfsrc-helper.ko
__tracepoint_rwmmio_post_write	0x02a1785f	mtk-dvfsrc.ko
__tracepoint_rwmmio_post_write	0x02a1785f	mtk-kpd.ko
__tracepoint_rwmmio_post_write	0x02a1785f	mtk-mbox.ko
__tracepoint_rwmmio_post_write	0x02a1785f	mtk-mmc-dbg.ko
__tracepoint_rwmmio_post_write	0x02a1785f	mtk-mmc.ko
__tracepoint_rwmmio_post_write	0x02a1785f	mtk-mml.ko
__tracepoint_rwmmio_post_write	0x02a1785f	mtk-pmic-wrap.ko
__tracepoint_rwmmio_post_write	0x02a1785f	mtk-scpsys.ko
__tracepoint_rwmmio_post_write	0x02a1785f	mtk-smi-bwc.ko
__tracepoint_rwmmio_post_write	0x02a1785f	mtk-smi-dbg.ko
__tracepoint_rwmmio_post_write	0x02a1785f	mtk-smi.ko
__tracepoint_rwmmio_post_write	0x02a1785f	mtk-uart-apdma.ko
__tracepoint_rwmmio_post_write	0x02a1785f	mtk-vcodec-common.ko
__tracepoint_rwmmio_post_write	0x02a1785f	mtk-vcodec-dec-v1.ko
__tracepoint_rwmmio_post_write	0x02a1785f	mtk-vcodec-enc-v1.ko
__tracepoint_rwmmio_post_write	0x02a1785f	mtk_gpufreq_mt6768.ko
__tracepoint_rwmmio_post_write	0x02a1785f	mtk_iommu.ko
__tracepoint_rwmmio_post_write	0x02a1785f	mtk_jpeg.ko
__tracepoint_rwmmio_post_write	0x02a1785f	mtk_peak_power_budget.ko
__tracepoint_rwmmio_post_write	0x02a1785f	mtk_power_gs_v1.ko
__tracepoint_rwmmio_post_write	0x02a1785f	mtk_qos_legacy.ko
__tracepoint_rwmmio_post_write	0x02a1785f	mtk_wdt.ko
__tracepoint_rwmmio_post_write	0x02a1785f	musb_hdrc.ko
__tracepoint_rwmmio_post_write	0x02a1785f	phy-mtk-tphy.ko
__tracepoint_rwmmio_post_write	0x02a1785f	pinctrl-mtk-v2.ko
__tracepoint_rwmmio_post_write	0x02a1785f	pwm-mtk-disp.ko
__tracepoint_rwmmio_post_write	0x02a1785f	scp.ko
__tracepoint_rwmmio_post_write	0x02a1785f	spi-mt65xx.ko
__tracepoint_rwmmio_post_write	0x02a1785f	sspm_v1.ko
__tracepoint_rwmmio_post_write	0x02a1785f	thermal_monitor.ko
__tracepoint_rwmmio_post_write	0x02a1785f	timer-mediatek.ko
__tracepoint_rwmmio_post_write	0x02a1785f	ufs-mediatek-mod.ko
__tracepoint_rwmmio_post_write	0x02a1785f	wlan_drv_gen4m_6768.ko
__tracepoint_rwmmio_post_write	0x02a1785f	wmt_drv.ko
__tracepoint_rwmmio_read	0xb8a6d228	8250_mtk.ko
__tracepoint_rwmmio_read	0xb8a6d228	aee_aed.ko
__tracepoint_rwmmio_read	0xb8a6d228	aee_hangdet.ko
__tracepoint_rwmmio_read	0xb8a6d228	btif_drv.ko
__tracepoint_rwmmio_read	0xb8a6d228	cache-parity.ko
__tracepoint_rwmmio_read	0xb8a6d228	camera_dpe_isp40.ko
__tracepoint_rwmmio_read	0xb8a6d228	camera_fdvt_isp40.ko
__tracepoint_rwmmio_read	0xb8a6d228	camera_isp_4_t.ko
__tracepoint_rwmmio_read	0xb8a6d228	ccci_ccif.ko
__tracepoint_rwmmio_read	0xb8a6d228	ccci_cldma.ko
__tracepoint_rwmmio_read	0xb8a6d228	ccci_md_all.ko
__tracepoint_rwmmio_read	0xb8a6d228	ccu_isp4.ko
__tracepoint_rwmmio_read	0xb8a6d228	clk-common.ko
__tracepoint_rwmmio_read	0xb8a6d228	clk-fmeter-mt6768.ko
__tracepoint_rwmmio_read	0xb8a6d228	clk-mt6768-pg.ko
__tracepoint_rwmmio_read	0xb8a6d228	clkbuf.ko
__tracepoint_rwmmio_read	0xb8a6d228	clkchk-mt6768.ko
__tracepoint_rwmmio_read	0xb8a6d228	clkdbg-mt6768.ko
__tracepoint_rwmmio_read	0xb8a6d228	cmdq-test.ko
__tracepoint_rwmmio_read	0xb8a6d228	cpufreq_sugov_ext.ko
__tracepoint_rwmmio_read	0xb8a6d228	cqhci.ko
__tracepoint_rwmmio_read	0xb8a6d228	dbg_error_flag.ko
__tracepoint_rwmmio_read	0xb8a6d228	device-apc-common-legacy.ko
__tracepoint_rwmmio_read	0xb8a6d228	emictrl.ko
__tracepoint_rwmmio_read	0xb8a6d228	emiisu.ko
__tracepoint_rwmmio_read	0xb8a6d228	emimpu.ko
__tracepoint_rwmmio_read	0xb8a6d228	fhctl.ko
__tracepoint_rwmmio_read	0xb8a6d228	i2c-mt65xx.ko
__tracepoint_rwmmio_read	0xb8a6d228	mali_kbase_mt6768_r49.ko
__tracepoint_rwmmio_read	0xb8a6d228	mdp_drv_mt6768.ko
__tracepoint_rwmmio_read	0xb8a6d228	mediatek-drm.ko
__tracepoint_rwmmio_read	0xb8a6d228	met.ko
__tracepoint_rwmmio_read	0xb8a6d228	mmqos-common.ko
__tracepoint_rwmmio_read	0xb8a6d228	mt6577_auxadc.ko
__tracepoint_rwmmio_read	0xb8a6d228	mt6768_dcm.ko
__tracepoint_rwmmio_read	0xb8a6d228	mtk-cmdq-drv-ext.ko
__tracepoint_rwmmio_read	0xb8a6d228	mtk-cqdma.ko
__tracepoint_rwmmio_read	0xb8a6d228	mtk-dvfsrc-helper.ko
__tracepoint_rwmmio_read	0xb8a6d228	mtk-dvfsrc.ko
__tracepoint_rwmmio_read	0xb8a6d228	mtk-kpd.ko
__tracepoint_rwmmio_read	0xb8a6d228	mtk-mbox.ko
__tracepoint_rwmmio_read	0xb8a6d228	mtk-mmc-dbg.ko
__tracepoint_rwmmio_read	0xb8a6d228	mtk-mmc.ko
__tracepoint_rwmmio_read	0xb8a6d228	mtk-mmdvfs-debug.ko
__tracepoint_rwmmio_read	0xb8a6d228	mtk-mml.ko
__tracepoint_rwmmio_read	0xb8a6d228	mtk-pmic-wrap.ko
__tracepoint_rwmmio_read	0xb8a6d228	mtk-scpsys.ko
__tracepoint_rwmmio_read	0xb8a6d228	mtk-smi-dbg.ko
__tracepoint_rwmmio_read	0xb8a6d228	mtk-smi.ko
__tracepoint_rwmmio_read	0xb8a6d228	mtk-uart-apdma.ko
__tracepoint_rwmmio_read	0xb8a6d228	mtk-vcodec-common.ko
__tracepoint_rwmmio_read	0xb8a6d228	mtk-vcodec-dec-v1.ko
__tracepoint_rwmmio_read	0xb8a6d228	mtk-vcodec-enc-v1.ko
__tracepoint_rwmmio_read	0xb8a6d228	mtk_dramc.ko
__tracepoint_rwmmio_read	0xb8a6d228	mtk_gpu_qos.ko
__tracepoint_rwmmio_read	0xb8a6d228	mtk_gpufreq_mt6768.ko
__tracepoint_rwmmio_read	0xb8a6d228	mtk_gpufreq_wrapper_legacy.ko
__tracepoint_rwmmio_read	0xb8a6d228	mtk_iommu.ko
__tracepoint_rwmmio_read	0xb8a6d228	mtk_jpeg.ko
__tracepoint_rwmmio_read	0xb8a6d228	mtk_peak_power_budget.ko
__tracepoint_rwmmio_read	0xb8a6d228	mtk_power_gs_v1.ko
__tracepoint_rwmmio_read	0xb8a6d228	mtk_qos_legacy.ko
__tracepoint_rwmmio_read	0xb8a6d228	mtk_wdt.ko
__tracepoint_rwmmio_read	0xb8a6d228	musb_hdrc.ko
__tracepoint_rwmmio_read	0xb8a6d228	phy-mtk-tphy.ko
__tracepoint_rwmmio_read	0xb8a6d228	pinctrl-mtk-v2.ko
__tracepoint_rwmmio_read	0xb8a6d228	pwm-mtk-disp.ko
__tracepoint_rwmmio_read	0xb8a6d228	scp.ko
__tracepoint_rwmmio_read	0xb8a6d228	spi-mt65xx.ko
__tracepoint_rwmmio_read	0xb8a6d228	sspm_v1.ko
__tracepoint_rwmmio_read	0xb8a6d228	thermal_monitor.ko
__tracepoint_rwmmio_read	0xb8a6d228	ufs-mediatek-dbg.ko
__tracepoint_rwmmio_read	0xb8a6d228	ufs-mediatek-mod.ko
__tracepoint_rwmmio_read	0xb8a6d228	wlan_drv_gen4m_6768.ko
__tracepoint_rwmmio_read	0xb8a6d228	wmt_drv.ko
__tracepoint_rwmmio_write	0x0af02b93	8250_mtk.ko
__tracepoint_rwmmio_write	0x0af02b93	aee_aed.ko
__tracepoint_rwmmio_write	0x0af02b93	aee_hangdet.ko
__tracepoint_rwmmio_write	0x0af02b93	btif_drv.ko
__tracepoint_rwmmio_write	0x0af02b93	cache-parity.ko
__tracepoint_rwmmio_write	0x0af02b93	camera_dpe_isp40.ko
__tracepoint_rwmmio_write	0x0af02b93	camera_fdvt_isp40.ko
__tracepoint_rwmmio_write	0x0af02b93	camera_isp_4_t.ko
__tracepoint_rwmmio_write	0x0af02b93	ccci_ccif.ko
__tracepoint_rwmmio_write	0x0af02b93	ccci_cldma.ko
__tracepoint_rwmmio_write	0x0af02b93	ccci_fsm_scp.ko
__tracepoint_rwmmio_write	0x0af02b93	ccci_md_all.ko
__tracepoint_rwmmio_write	0x0af02b93	ccu_isp4.ko
__tracepoint_rwmmio_write	0x0af02b93	clk-common.ko
__tracepoint_rwmmio_write	0x0af02b93	clk-fmeter-mt6768.ko
__tracepoint_rwmmio_write	0x0af02b93	clkbuf.ko
__tracepoint_rwmmio_write	0x0af02b93	cmdq-test.ko
__tracepoint_rwmmio_write	0x0af02b93	cpufreq_sugov_ext.ko
__tracepoint_rwmmio_write	0x0af02b93	cqhci.ko
__tracepoint_rwmmio_write	0x0af02b93	device-apc-common-legacy.ko
__tracepoint_rwmmio_write	0x0af02b93	emictrl.ko
__tracepoint_rwmmio_write	0x0af02b93	emiisu.ko
__tracepoint_rwmmio_write	0x0af02b93	emimpu.ko
__tracepoint_rwmmio_write	0x0af02b93	fhctl.ko
__tracepoint_rwmmio_write	0x0af02b93	i2c-mt65xx.ko
__tracepoint_rwmmio_write	0x0af02b93	mali_kbase_mt6768_r49.ko
__tracepoint_rwmmio_write	0x0af02b93	mdp_drv_mt6768.ko
__tracepoint_rwmmio_write	0x0af02b93	mediatek-drm.ko
__tracepoint_rwmmio_write	0x0af02b93	met.ko
__tracepoint_rwmmio_write	0x0af02b93	mmqos-common.ko
__tracepoint_rwmmio_write	0x0af02b93	mt6577_auxadc.ko
__tracepoint_rwmmio_write	0x0af02b93	mt6768_dcm.ko
__tracepoint_rwmmio_write	0x0af02b93	mtk-cmdq-drv-ext.ko
__tracepoint_rwmmio_write	0x0af02b93	mtk-cqdma.ko
__tracepoint_rwmmio_write	0x0af02b93	mtk-dvfsrc-helper.ko
__tracepoint_rwmmio_write	0x0af02b93	mtk-dvfsrc.ko
__tracepoint_rwmmio_write	0x0af02b93	mtk-kpd.ko
__tracepoint_rwmmio_write	0x0af02b93	mtk-mbox.ko
__tracepoint_rwmmio_write	0x0af02b93	mtk-mmc-dbg.ko
__tracepoint_rwmmio_write	0x0af02b93	mtk-mmc.ko
__tracepoint_rwmmio_write	0x0af02b93	mtk-mml.ko
__tracepoint_rwmmio_write	0x0af02b93	mtk-pmic-wrap.ko
__tracepoint_rwmmio_write	0x0af02b93	mtk-scpsys.ko
__tracepoint_rwmmio_write	0x0af02b93	mtk-smi-bwc.ko
__tracepoint_rwmmio_write	0x0af02b93	mtk-smi-dbg.ko
__tracepoint_rwmmio_write	0x0af02b93	mtk-smi.ko
__tracepoint_rwmmio_write	0x0af02b93	mtk-uart-apdma.ko
__tracepoint_rwmmio_write	0x0af02b93	mtk-vcodec-common.ko
__tracepoint_rwmmio_write	0x0af02b93	mtk-vcodec-dec-v1.ko
__tracepoint_rwmmio_write	0x0af02b93	mtk-vcodec-enc-v1.ko
__tracepoint_rwmmio_write	0x0af02b93	mtk_gpufreq_mt6768.ko
__tracepoint_rwmmio_write	0x0af02b93	mtk_iommu.ko
__tracepoint_rwmmio_write	0x0af02b93	mtk_jpeg.ko
__tracepoint_rwmmio_write	0x0af02b93	mtk_peak_power_budget.ko
__tracepoint_rwmmio_write	0x0af02b93	mtk_power_gs_v1.ko
__tracepoint_rwmmio_write	0x0af02b93	mtk_qos_legacy.ko
__tracepoint_rwmmio_write	0x0af02b93	mtk_wdt.ko
__tracepoint_rwmmio_write	0x0af02b93	musb_hdrc.ko
__tracepoint_rwmmio_write	0x0af02b93	phy-mtk-tphy.ko
__tracepoint_rwmmio_write	0x0af02b93	pinctrl-mtk-v2.ko
__tracepoint_rwmmio_write	0x0af02b93	pwm-mtk-disp.ko
__tracepoint_rwmmio_write	0x0af02b93	scp.ko
__tracepoint_rwmmio_write	0x0af02b93	spi-mt65xx.ko
__tracepoint_rwmmio_write	0x0af02b93	sspm_v1.ko
__tracepoint_rwmmio_write	0x0af02b93	thermal_monitor.ko
__tracepoint_rwmmio_write	0x0af02b93	timer-mediatek.ko
__tracepoint_rwmmio_write	0x0af02b93	ufs-mediatek-mod.ko
__tracepoint_rwmmio_write	0x0af02b93	wlan_drv_gen4m_6768.ko
__tracepoint_rwmmio_write	0x0af02b93	wmt_drv.ko
__tracepoint_sched_util_est_cfs_tp	0x00745e59	scheduler.ko
__tracepoint_task_newtask	0xf4048646	scheduler.ko
__tty_insert_flip_string_flags	0x31a0d4fc	8250_mtk.ko
__udelay	0x9e7d6bd0	ccci_md_all.ko
__udelay	0x9e7d6bd0	fmradio_drv_mt6631.ko
__udelay	0x9e7d6bd0	icnl9916_spi.ko
__udelay	0x9e7d6bd0	mediatek-drm.ko
__udelay	0x9e7d6bd0	mtk_gpufreq_mt6768.ko
__udelay	0x9e7d6bd0	musb_hdrc.ko
__udelay	0x9e7d6bd0	sensorHub.ko
__udelay	0x9e7d6bd0	snd-soc-fs15xx.ko
__udelay	0x9e7d6bd0	wlan_drv_gen4m_6768.ko
__udelay	0x9e7d6bd0	wmt_drv.ko
__unregister_chrdev	0x6bc3fbc0	hwmon.ko
__unregister_chrdev	0x6bc3fbc0	sensorHub.ko
__unregister_chrdev	0x6bc3fbc0	sil_fingerprint.ko
__usecs_to_jiffies	0xf1969a8e	mac80211.ko
__v4l2_async_nf_add_fwnode	0xf021a064	mtk-composite.ko
__v4l2_ctrl_s_ctrl	0xc3556498	v4l2-flash-led-class.ko
__v4l2_device_register_subdev_nodes	0x67fd8634	mtk-composite.ko
__video_register_device	0x0cea54e3	mtk-vcodec-dec-v1.ko
__video_register_device	0x0cea54e3	mtk-vcodec-enc-v1.ko
__video_register_device	0x0cea54e3	mtk_jpeg.ko
__wake_up	0xe2964344	aee_aed.ko
__wake_up	0xe2964344	atf_logger.ko
__wake_up	0xe2964344	blocktag.ko
__wake_up	0xe2964344	bt_drv_connac1x.ko
__wake_up	0xe2964344	camera_dpe_isp40.ko
__wake_up	0xe2964344	camera_fdvt_isp40.ko
__wake_up	0xe2964344	camera_isp_4_t.ko
__wake_up	0xe2964344	ccci_cldma.ko
__wake_up	0xe2964344	ccci_md_all.ko
__wake_up	0xe2964344	ccci_util_lib.ko
__wake_up	0xe2964344	ccu_isp4.ko
__wake_up	0xe2964344	cfg80211.ko
__wake_up	0xe2964344	cqhci.ko
__wake_up	0xe2964344	drm_display_helper.ko
__wake_up	0xe2964344	fmradio_drv_mt6631.ko
__wake_up	0xe2964344	ft8057m_spi.ko
__wake_up	0xe2964344	ft8057p_spi.ko
__wake_up	0xe2964344	gps_drv_stp.ko
__wake_up	0xe2964344	gz_ipc_mod.ko
__wake_up	0xe2964344	gz_log_mod.ko
__wake_up	0xe2964344	hwmon.ko
__wake_up	0xe2964344	isee.ko
__wake_up	0xe2964344	lc_charger_sysfs.ko
__wake_up	0xe2964344	mali_kbase_mt6768_r49.ko
__wake_up	0xe2964344	mcDrvModule.ko
__wake_up	0xe2964344	mdp_drv_mt6768.ko
__wake_up	0xe2964344	mediatek-drm.ko
__wake_up	0xe2964344	mediatek_eem.ko
__wake_up	0xe2964344	miev.ko
__wake_up	0xe2964344	mmqos-common.ko
__wake_up	0xe2964344	monitor_hang.ko
__wake_up	0xe2964344	mt6358_battery.ko
__wake_up	0xe2964344	mt6370-charger.ko
__wake_up	0xe2964344	mtk-btcvsd.ko
__wake_up	0xe2964344	mtk-cmdq-drv-ext.ko
__wake_up	0xe2964344	mtk-mml.ko
__wake_up	0xe2964344	mtk-vcodec-common.ko
__wake_up	0xe2964344	mtk-vcodec-dec-v1.ko
__wake_up	0xe2964344	mtk-vcodec-enc-v1.ko
__wake_up	0xe2964344	mtk-vcu.ko
__wake_up	0xe2964344	mtk_battery_manager.ko
__wake_up	0xe2964344	mtk_bp_thl.ko
__wake_up	0xe2964344	mtk_charger_framework.ko
__wake_up	0xe2964344	mtk_chg_type_det.ko
__wake_up	0xe2964344	mtk_dynamic_loading_throttling.ko
__wake_up	0xe2964344	mtk_fpsgo.ko
__wake_up	0xe2964344	mtk_low_battery_throttling.ko
__wake_up	0xe2964344	nxp_i2c.ko
__wake_up	0xe2964344	sensorHub.ko
__wake_up	0xe2964344	sil_fingerprint.ko
__wake_up	0xe2964344	snd-soc-sipa-tuning.ko
__wake_up	0xe2964344	sspm_v1.ko
__wake_up	0xe2964344	system_heap.ko
__wake_up	0xe2964344	tcpc_class.ko
__wake_up	0xe2964344	touch_boost.ko
__wake_up	0xe2964344	ufs-mediatek-mod.ko
__wake_up	0xe2964344	wlan_drv_gen4m_6768.ko
__wake_up	0xe2964344	wmt_drv.ko
__wake_up	0xe2964344	xm_smart_chg.ko
__wake_up_locked	0x2773c485	ccci_md_all.ko
__wake_up_locked	0x2773c485	ccu_isp4.ko
__wake_up_sync	0xb8273d0b	sensorHub.ko
__warn_printk	0x56470118	8250_mtk.ko
__warn_printk	0x56470118	CPU_DVFS.ko
__warn_printk	0x56470118	blocktag.ko
__warn_printk	0x56470118	bt_drv_connac1x.ko
__warn_printk	0x56470118	btif_drv.ko
__warn_printk	0x56470118	ccci_cldma.ko
__warn_printk	0x56470118	ccci_md_all.ko
__warn_printk	0x56470118	cfg80211.ko
__warn_printk	0x56470118	cmdq-sec-drv.ko
__warn_printk	0x56470118	cqhci.ko
__warn_printk	0x56470118	drm_display_helper.ko
__warn_printk	0x56470118	fmradio_drv_mt6631.ko
__warn_printk	0x56470118	ft8057m_spi.ko
__warn_printk	0x56470118	ft8057p_spi.ko
__warn_printk	0x56470118	ged.ko
__warn_printk	0x56470118	gz_ipc_mod.ko
__warn_printk	0x56470118	gz_trusty_mod.ko
__warn_printk	0x56470118	i2c-mt65xx.ko
__warn_printk	0x56470118	icnl9916_spi.ko
__warn_printk	0x56470118	mac80211.ko
__warn_printk	0x56470118	mali_kbase_mt6768_r49.ko
__warn_printk	0x56470118	mali_prot_alloc_mt6768_r49.ko
__warn_printk	0x56470118	mcDrvModule.ko
__warn_printk	0x56470118	mdp_drv_mt6768.ko
__warn_printk	0x56470118	mrdump.ko
__warn_printk	0x56470118	mt6358_battery.ko
__warn_printk	0x56470118	mtk-cqdma.ko
__warn_printk	0x56470118	mtk-icc-core.ko
__warn_printk	0x56470118	mtk-vcodec-dec-v1.ko
__warn_printk	0x56470118	mtk-vcu.ko
__warn_printk	0x56470118	mtk_fpsgo.ko
__warn_printk	0x56470118	mtk_peak_power_budget.ko
__warn_printk	0x56470118	mtk_sec_heap.ko
__warn_printk	0x56470118	musb_hdrc.ko
__warn_printk	0x56470118	pd_dbg_info.ko
__warn_printk	0x56470118	powerhal_cpu_ctrl.ko
__warn_printk	0x56470118	scheduler.ko
__warn_printk	0x56470118	scp.ko
__warn_printk	0x56470118	spi-mt65xx.ko
__warn_printk	0x56470118	system_heap.ko
__warn_printk	0x56470118	tcpc_class.ko
__warn_printk	0x56470118	wlan_drv_gen4m_6768.ko
__warn_printk	0x56470118	wmt_drv.ko
__write_overflow_field	0x3402dc8b	wlan_drv_gen4m_6768.ko
_copy_from_iter	0x4188c66e	bt_drv_connac1x.ko
_copy_from_iter	0x4188c66e	gz_ipc_mod.ko
_copy_from_iter	0x4188c66e	mtk-btcvsd.ko
_copy_from_iter	0x4188c66e	snd-soc-mtk-common.ko
_copy_to_iter	0xc5acc049	gz_ipc_mod.ko
_copy_to_iter	0xc5acc049	mtk-btcvsd.ko
_copy_to_iter	0xc5acc049	snd-soc-mtk-common.ko
_ctype	0x11089ac7	cfg80211.ko
_ctype	0x11089ac7	fmradio_drv_mt6631.ko
_ctype	0x11089ac7	icnl9916_spi.ko
_ctype	0x11089ac7	mt6358_battery.ko
_ctype	0x11089ac7	wlan_drv_gen4m_6768.ko
_dev_emerg	0x92e30760	rtc-mt6397.ko
_dev_err	0x3b00ee3e	8250_mtk.ko
_dev_err	0x3b00ee3e	arm_dsu_pmu.ko
_dev_err	0x3b00ee3e	cache-parity.ko
_dev_err	0x3b00ee3e	ccu_isp4.ko
_dev_err	0x3b00ee3e	cfg80211.ko
_dev_err	0x3b00ee3e	clk-common.ko
_dev_err	0x3b00ee3e	clk-mt6768.ko
_dev_err	0x3b00ee3e	cqhci.ko
_dev_err	0x3b00ee3e	drm_display_helper.ko
_dev_err	0x3b00ee3e	dsi_panel_c3n_35_02_0h_dsc_vdo.ko
_dev_err	0x3b00ee3e	dsi_panel_c3n_35_0f_0e_dsc_vdo.ko
_dev_err	0x3b00ee3e	dsi_panel_c3n_35_0f_0l_dsc_vdo.ko
_dev_err	0x3b00ee3e	dsi_panel_c3n_37_02_0d_dsc_vdo.ko
_dev_err	0x3b00ee3e	dsi_panel_c3n_43_02_0a_dsc_vdo.ko
_dev_err	0x3b00ee3e	dsi_panel_c3n_43_02_0k_dsc_vdo.ko
_dev_err	0x3b00ee3e	dsi_panel_c3n_43_02_0n_dsc_vdo.ko
_dev_err	0x3b00ee3e	dsi_panel_c3n_44_03_0b_dsc_vdo.ko
_dev_err	0x3b00ee3e	dsi_panel_c3n_44_03_0j_dsc_vdo.ko
_dev_err	0x3b00ee3e	dsi_panel_c3n_46_03_0c_dsc_vdo.ko
_dev_err	0x3b00ee3e	dsi_panel_c3n_46_03_0f_dsc_vdo.ko
_dev_err	0x3b00ee3e	dsi_panel_c3n_46_03_0g_dsc_vdo.ko
_dev_err	0x3b00ee3e	dsi_panel_c3n_null_dsc_vdo.ko
_dev_err	0x3b00ee3e	extcon-mtk-usb.ko
_dev_err	0x3b00ee3e	gc_gc6133c_ii.ko
_dev_err	0x3b00ee3e	gf_fingerprint.ko
_dev_err	0x3b00ee3e	i2c-mt65xx.ko
_dev_err	0x3b00ee3e	iommu_gz.ko
_dev_err	0x3b00ee3e	leds-mt6370-flash.ko
_dev_err	0x3b00ee3e	mali_kbase_mt6768_r49.ko
_dev_err	0x3b00ee3e	mali_mgm_mt6768_r49.ko
_dev_err	0x3b00ee3e	mali_prot_alloc_mt6768_r49.ko
_dev_err	0x3b00ee3e	mcDrvModule.ko
_dev_err	0x3b00ee3e	mediatek-drm.ko
_dev_err	0x3b00ee3e	mt6358-regulator.ko
_dev_err	0x3b00ee3e	mt6358_battery.ko
_dev_err	0x3b00ee3e	mt635x-auxadc.ko
_dev_err	0x3b00ee3e	mt6370-adc.ko
_dev_err	0x3b00ee3e	mt6370-charger.ko
_dev_err	0x3b00ee3e	mt6370-regulator.ko
_dev_err	0x3b00ee3e	mt6370.ko
_dev_err	0x3b00ee3e	mt6397.ko
_dev_err	0x3b00ee3e	mt6577_auxadc.ko
_dev_err	0x3b00ee3e	mt6768-mt6358.ko
_dev_err	0x3b00ee3e	mtk-btcvsd.ko
_dev_err	0x3b00ee3e	mtk-cqdma.ko
_dev_err	0x3b00ee3e	mtk-dvfsrc-devfreq.ko
_dev_err	0x3b00ee3e	mtk-dvfsrc-regulator.ko
_dev_err	0x3b00ee3e	mtk-dvfsrc.ko
_dev_err	0x3b00ee3e	mtk-emi.ko
_dev_err	0x3b00ee3e	mtk-icc-core.ko
_dev_err	0x3b00ee3e	mtk-mmc.ko
_dev_err	0x3b00ee3e	mtk-mml.ko
_dev_err	0x3b00ee3e	mtk-pmic-keys.ko
_dev_err	0x3b00ee3e	mtk-pwm.ko
_dev_err	0x3b00ee3e	mtk-scpsys-bringup.ko
_dev_err	0x3b00ee3e	mtk-scpsys-mt6768.ko
_dev_err	0x3b00ee3e	mtk-scpsys.ko
_dev_err	0x3b00ee3e	mtk-smi.ko
_dev_err	0x3b00ee3e	mtk-sp-spk-amp.ko
_dev_err	0x3b00ee3e	mtk-uart-apdma.ko
_dev_err	0x3b00ee3e	mtk_battery_oc_throttling.ko
_dev_err	0x3b00ee3e	mtk_iommu.ko
_dev_err	0x3b00ee3e	mtk_irtx_pwm.ko
_dev_err	0x3b00ee3e	mtk_jpeg.ko
_dev_err	0x3b00ee3e	mtk_spi.ko
_dev_err	0x3b00ee3e	mtk_usb_f_rndis.ko
_dev_err	0x3b00ee3e	mtk_wdt.ko
_dev_err	0x3b00ee3e	nvmem-mt635x-efuse.ko
_dev_err	0x3b00ee3e	phy-generic.ko
_dev_err	0x3b00ee3e	phy-mtk-tphy.ko
_dev_err	0x3b00ee3e	pinctrl-mtk-v2.ko
_dev_err	0x3b00ee3e	pwm-mtk-disp.ko
_dev_err	0x3b00ee3e	reboot-mode.ko
_dev_err	0x3b00ee3e	rtc-mt6397.ko
_dev_err	0x3b00ee3e	sc_sc080cs_i.ko
_dev_err	0x3b00ee3e	scp.ko
_dev_err	0x3b00ee3e	sec-rng.ko
_dev_err	0x3b00ee3e	sensorHub.ko
_dev_err	0x3b00ee3e	sgm41543_charger.ko
_dev_err	0x3b00ee3e	simtray.ko
_dev_err	0x3b00ee3e	snd-soc-fs15xx.ko
_dev_err	0x3b00ee3e	snd-soc-mt6358.ko
_dev_err	0x3b00ee3e	snd-soc-mt6660.ko
_dev_err	0x3b00ee3e	snd-soc-mt6768-afe.ko
_dev_err	0x3b00ee3e	snd-soc-mtk-common.ko
_dev_err	0x3b00ee3e	sp_sp0821_iii.ko
_dev_err	0x3b00ee3e	spi-mt65xx.ko
_dev_err	0x3b00ee3e	syscon-reboot-mode.ko
_dev_err	0x3b00ee3e	t-base-tui.ko
_dev_err	0x3b00ee3e	tcpc_class.ko
_dev_err	0x3b00ee3e	tcpc_rt1711h.ko
_dev_err	0x3b00ee3e	tcpc_upm7610.ko
_dev_err	0x3b00ee3e	ufs-mediatek-dbg.ko
_dev_err	0x3b00ee3e	ufs-mediatek-mod.ko
_dev_err	0x3b00ee3e	upm6920_charger.ko
_dev_info	0x2137b691	8250_mtk.ko
_dev_info	0x2137b691	cache-parity.ko
_dev_info	0x2137b691	camera_dpe_isp40.ko
_dev_info	0x2137b691	camera_fdvt_isp40.ko
_dev_info	0x2137b691	dbg_error_flag.ko
_dev_info	0x2137b691	extcon-mtk-usb.ko
_dev_info	0x2137b691	flashlight.ko
_dev_info	0x2137b691	gz_ipc_mod.ko
_dev_info	0x2137b691	gz_irq_mod.ko
_dev_info	0x2137b691	gz_log_mod.ko
_dev_info	0x2137b691	gz_main_mod.ko
_dev_info	0x2137b691	gz_trusty_mod.ko
_dev_info	0x2137b691	gz_virtio_mod.ko
_dev_info	0x2137b691	i2c-mt65xx.ko
_dev_info	0x2137b691	leds-mt6370-flash.ko
_dev_info	0x2137b691	mac80211.ko
_dev_info	0x2137b691	mali_kbase_mt6768_r49.ko
_dev_info	0x2137b691	mali_mgm_mt6768_r49.ko
_dev_info	0x2137b691	mali_prot_alloc_mt6768_r49.ko
_dev_info	0x2137b691	mcDrvModule.ko
_dev_info	0x2137b691	mediatek-drm.ko
_dev_info	0x2137b691	mt6358-regulator.ko
_dev_info	0x2137b691	mt635x-auxadc.ko
_dev_info	0x2137b691	mt6370-charger.ko
_dev_info	0x2137b691	mt6397.ko
_dev_info	0x2137b691	mt6577_auxadc.ko
_dev_info	0x2137b691	mt6768-mt6358.ko
_dev_info	0x2137b691	mtk-btcvsd.ko
_dev_info	0x2137b691	mtk-cqdma.ko
_dev_info	0x2137b691	mtk-dvfsrc-helper.ko
_dev_info	0x2137b691	mtk-dvfsrc.ko
_dev_info	0x2137b691	mtk-mmc-dbg.ko
_dev_info	0x2137b691	mtk-mmc.ko
_dev_info	0x2137b691	mtk-mml.ko
_dev_info	0x2137b691	mtk-pmic-keys.ko
_dev_info	0x2137b691	mtk-smi-dbg.ko
_dev_info	0x2137b691	mtk-smi.ko
_dev_info	0x2137b691	mtk-sp-spk-amp.ko
_dev_info	0x2137b691	mtk-uart-apdma.ko
_dev_info	0x2137b691	mtk-vcodec-dec-v1.ko
_dev_info	0x2137b691	mtk-vcodec-enc-v1.ko
_dev_info	0x2137b691	mtk-vcu.ko
_dev_info	0x2137b691	mtk_battery_oc_throttling.ko
_dev_info	0x2137b691	mtk_bp_thl.ko
_dev_info	0x2137b691	mtk_charger_cooling.ko
_dev_info	0x2137b691	mtk_chg_type_det.ko
_dev_info	0x2137b691	mtk_cm_mgr_mt6768.ko
_dev_info	0x2137b691	mtk_fpsgo.ko
_dev_info	0x2137b691	mtk_iommu.ko
_dev_info	0x2137b691	mtk_jpeg.ko
_dev_info	0x2137b691	mtk_low_battery_throttling.ko
_dev_info	0x2137b691	mtk_pd_adapter.ko
_dev_info	0x2137b691	mtk_sec_heap.ko
_dev_info	0x2137b691	mtk_spi.ko
_dev_info	0x2137b691	mtk_u_ether.ko
_dev_info	0x2137b691	mtk_usb_f_rndis.ko
_dev_info	0x2137b691	mtk_wdt.ko
_dev_info	0x2137b691	musb_hdrc.ko
_dev_info	0x2137b691	phy-mtk-tphy.ko
_dev_info	0x2137b691	pinctrl-mtk-v2.ko
_dev_info	0x2137b691	pmic_lbat_service.ko
_dev_info	0x2137b691	pwm-mtk-disp.ko
_dev_info	0x2137b691	rt_pd_manager.ko
_dev_info	0x2137b691	rtc-mt6397.ko
_dev_info	0x2137b691	sgm41543_charger.ko
_dev_info	0x2137b691	snd-soc-fs15xx.ko
_dev_info	0x2137b691	snd-soc-mt6358.ko
_dev_info	0x2137b691	snd-soc-mt6660.ko
_dev_info	0x2137b691	snd-soc-mt6768-afe.ko
_dev_info	0x2137b691	snd-soc-mtk-common.ko
_dev_info	0x2137b691	spi-mt65xx.ko
_dev_info	0x2137b691	t-base-tui.ko
_dev_info	0x2137b691	tcpc_class.ko
_dev_info	0x2137b691	tcpc_rt1711h.ko
_dev_info	0x2137b691	tcpc_upm7610.ko
_dev_info	0x2137b691	ufs-mediatek-dbg.ko
_dev_info	0x2137b691	ufs-mediatek-mod.ko
_dev_info	0x2137b691	upm6920_charger.ko
_dev_notice	0x7c2f838b	cache-parity.ko
_dev_notice	0x7c2f838b	leds-mtk-disp.ko
_dev_notice	0x7c2f838b	leds-mtk-pwm.ko
_dev_notice	0x7c2f838b	mali_kbase_mt6768_r49.ko
_dev_notice	0x7c2f838b	mcDrvModule.ko
_dev_notice	0x7c2f838b	mmqos-common.ko
_dev_notice	0x7c2f838b	mt6358-regulator.ko
_dev_notice	0x7c2f838b	mt635x-auxadc.ko
_dev_notice	0x7c2f838b	mt6370-charger.ko
_dev_notice	0x7c2f838b	mt6577_auxadc.ko
_dev_notice	0x7c2f838b	mtk-cmdq-drv-ext.ko
_dev_notice	0x7c2f838b	mtk-mmdvfs.ko
_dev_notice	0x7c2f838b	mtk-mml.ko
_dev_notice	0x7c2f838b	mtk-pmic-wrap.ko
_dev_notice	0x7c2f838b	mtk-scpsys.ko
_dev_notice	0x7c2f838b	mtk-smi-dbg.ko
_dev_notice	0x7c2f838b	mtk-smi.ko
_dev_notice	0x7c2f838b	mtk_battery_oc_throttling.ko
_dev_notice	0x7c2f838b	mtk_bp_thl.ko
_dev_notice	0x7c2f838b	mtk_chg_type_det.ko
_dev_notice	0x7c2f838b	mtk_dynamic_loading_throttling.ko
_dev_notice	0x7c2f838b	mtk_low_battery_throttling.ko
_dev_notice	0x7c2f838b	mtk_pbm.ko
_dev_notice	0x7c2f838b	mtk_pd_adapter.ko
_dev_notice	0x7c2f838b	mtk_peak_power_budget.ko
_dev_notice	0x7c2f838b	mtk_power_gs_v1.ko
_dev_notice	0x7c2f838b	musb_hdrc.ko
_dev_notice	0x7c2f838b	nvmem-mt635x-efuse.ko
_dev_notice	0x7c2f838b	pinctrl-mtk-v2.ko
_dev_notice	0x7c2f838b	pmic_lbat_service.ko
_dev_notice	0x7c2f838b	pmic_lvsys_notify.ko
_dev_notice	0x7c2f838b	rpmb.ko
_dev_notice	0x7c2f838b	rt_pd_manager.ko
_dev_notice	0x7c2f838b	rtc-mt6397.ko
_dev_notice	0x7c2f838b	scp.ko
_dev_notice	0x7c2f838b	sgm41543_charger.ko
_dev_notice	0x7c2f838b	spi-mt65xx.ko
_dev_notice	0x7c2f838b	tcpc_class.ko
_dev_notice	0x7c2f838b	tcpc_rt1711h.ko
_dev_notice	0x7c2f838b	tcpc_upm7610.ko
_dev_notice	0x7c2f838b	ufs-mediatek-mod.ko
_dev_notice	0x7c2f838b	upm6920_charger.ko
_dev_printk	0x381fc1df	drm_display_helper.ko
_dev_printk	0x381fc1df	mac80211.ko
_dev_warn	0xa7b4ce54	8250_mtk.ko
_dev_warn	0xa7b4ce54	arm_dsu_pmu.ko
_dev_warn	0xa7b4ce54	drm_display_helper.ko
_dev_warn	0xa7b4ce54	mac80211.ko
_dev_warn	0xa7b4ce54	mali_kbase_mt6768_r49.ko
_dev_warn	0xa7b4ce54	mali_mgm_mt6768_r49.ko
_dev_warn	0xa7b4ce54	mali_prot_alloc_mt6768_r49.ko
_dev_warn	0xa7b4ce54	mcDrvModule.ko
_dev_warn	0xa7b4ce54	mediatek-drm.ko
_dev_warn	0xa7b4ce54	mt6370-charger.ko
_dev_warn	0xa7b4ce54	mt6370-regulator.ko
_dev_warn	0xa7b4ce54	mtk-btcvsd.ko
_dev_warn	0xa7b4ce54	mtk-cqdma.ko
_dev_warn	0xa7b4ce54	mtk-dvfsrc.ko
_dev_warn	0xa7b4ce54	mtk-mmc-dbg.ko
_dev_warn	0xa7b4ce54	mtk_iommu.ko
_dev_warn	0xa7b4ce54	phy-mtk-tphy.ko
_dev_warn	0xa7b4ce54	pinctrl-mtk-v2.ko
_dev_warn	0xa7b4ce54	snd-soc-mt6358.ko
_dev_warn	0xa7b4ce54	snd-soc-mt6768-afe.ko
_dev_warn	0xa7b4ce54	snd-soc-mtk-common.ko
_dev_warn	0xa7b4ce54	ufs-mediatek-mod.ko
_find_first_bit	0x8810754a	mac80211.ko
_find_first_bit	0x8810754a	mali_kbase_mt6768_r49.ko
_find_first_bit	0x8810754a	scheduler.ko
_find_first_zero_bit	0x7b37d4a7	arm_dsu_pmu.ko
_find_first_zero_bit	0x7b37d4a7	mali_kbase_mt6768_r49.ko
_find_next_bit	0x53a1e8d9	cqhci.ko
_find_next_bit	0x53a1e8d9	mac80211.ko
_find_next_bit	0x53a1e8d9	scheduler.ko
_find_next_zero_bit	0xdf521442	mali_kbase_mt6768_r49.ko
_find_next_zero_bit	0xdf521442	mtk-cmdq-drv-ext.ko
_find_next_zero_bit	0xdf521442	zram.ko
_golden_read_reg	0xc7c4a0c3	MTK_INTERNAL_SPM.ko
_map_user_pages	0x6e8b0474	gz_main_mod.ko
_printk	0x92997ed8	8250_mtk.ko
_printk	0x92997ed8	CPU_DVFS.ko
_printk	0x92997ed8	MTK_INTERNAL_SPM.ko
_printk	0x92997ed8	Upower.ko
_printk	0x92997ed8	accel_common.ko
_printk	0x92997ed8	accelhub.ko
_printk	0x92997ed8	adapter_class.ko
_printk	0x92997ed8	aee_aed.ko
_printk	0x92997ed8	aee_hangdet.ko
_printk	0x92997ed8	aee_rs.ko
_printk	0x92997ed8	alsps_common.ko
_printk	0x92997ed8	alspshub.ko
_printk	0x92997ed8	arm_dsu_pmu.ko
_printk	0x92997ed8	atf_logger.ko
_printk	0x92997ed8	baro_common.ko
_printk	0x92997ed8	barohub.ko
_printk	0x92997ed8	binder_gki.ko
_printk	0x92997ed8	binder_prio.ko
_printk	0x92997ed8	blocktag.ko
_printk	0x92997ed8	bootprof.ko
_printk	0x92997ed8	bt_drv_connac1x.ko
_printk	0x92997ed8	btif_drv.ko
_printk	0x92997ed8	c2k_usb.ko
_printk	0x92997ed8	cache-parity.ko
_printk	0x92997ed8	cam_qos_4.ko
_printk	0x92997ed8	camera_dpe_isp40.ko
_printk	0x92997ed8	camera_fdvt_isp40.ko
_printk	0x92997ed8	camera_isp_4_t.ko
_printk	0x92997ed8	camera_mem.ko
_printk	0x92997ed8	ccci_auxadc.ko
_printk	0x92997ed8	ccci_ccif.ko
_printk	0x92997ed8	ccci_cldma.ko
_printk	0x92997ed8	ccci_fsm_scp.ko
_printk	0x92997ed8	ccci_md_all.ko
_printk	0x92997ed8	ccci_util_lib.ko
_printk	0x92997ed8	ccmni.ko
_printk	0x92997ed8	ccu_isp4.ko
_printk	0x92997ed8	cfg80211.ko
_printk	0x92997ed8	charger_class.ko
_printk	0x92997ed8	clk-common.ko
_printk	0x92997ed8	clk-fmeter-mt6768.ko
_printk	0x92997ed8	clk-mt6768-pg.ko
_printk	0x92997ed8	clk-mt6768.ko
_printk	0x92997ed8	clkbuf.ko
_printk	0x92997ed8	clkchk-mt6768.ko
_printk	0x92997ed8	clkdbg-mt6768.ko
_printk	0x92997ed8	cmdq-bdg-mailbox.ko
_printk	0x92997ed8	cmdq-bdg-test.ko
_printk	0x92997ed8	cmdq-sec-drv.ko
_printk	0x92997ed8	cmdq-test.ko
_printk	0x92997ed8	cmdq_helper_inf.ko
_printk	0x92997ed8	conn_md_drv.ko
_printk	0x92997ed8	connadp.ko
_printk	0x92997ed8	cpufreq_sugov_ext.ko
_printk	0x92997ed8	cpumaxfreq.ko
_printk	0x92997ed8	cqhci.ko
_printk	0x92997ed8	dbg_error_flag.ko
_printk	0x92997ed8	device-apc-common-legacy.ko
_printk	0x92997ed8	device-apc-mt6768.ko
_printk	0x92997ed8	dsi_panel_c3n_35_02_0h_dsc_vdo.ko
_printk	0x92997ed8	dsi_panel_c3n_35_0f_0e_dsc_vdo.ko
_printk	0x92997ed8	dsi_panel_c3n_35_0f_0l_dsc_vdo.ko
_printk	0x92997ed8	dsi_panel_c3n_37_02_0d_dsc_vdo.ko
_printk	0x92997ed8	dsi_panel_c3n_43_02_0a_dsc_vdo.ko
_printk	0x92997ed8	dsi_panel_c3n_43_02_0k_dsc_vdo.ko
_printk	0x92997ed8	dsi_panel_c3n_43_02_0n_dsc_vdo.ko
_printk	0x92997ed8	dsi_panel_c3n_44_03_0b_dsc_vdo.ko
_printk	0x92997ed8	dsi_panel_c3n_44_03_0j_dsc_vdo.ko
_printk	0x92997ed8	dsi_panel_c3n_46_03_0c_dsc_vdo.ko
_printk	0x92997ed8	dsi_panel_c3n_46_03_0f_dsc_vdo.ko
_printk	0x92997ed8	dsi_panel_c3n_46_03_0g_dsc_vdo.ko
_printk	0x92997ed8	dsi_panel_c3n_bias.ko
_printk	0x92997ed8	dsi_panel_c3n_null_dsc_vdo.ko
_printk	0x92997ed8	dvfsrc-opp-mt6768.ko
_printk	0x92997ed8	eas_ext.ko
_printk	0x92997ed8	emi-dummy.ko
_printk	0x92997ed8	emicen.ko
_printk	0x92997ed8	emictrl.ko
_printk	0x92997ed8	emiisu.ko
_printk	0x92997ed8	emimpu.ko
_printk	0x92997ed8	extdev_io_class.ko
_printk	0x92997ed8	fhctl.ko
_printk	0x92997ed8	flashlight.ko
_printk	0x92997ed8	fmradio_drv_mt6631.ko
_printk	0x92997ed8	ft8057m_spi.ko
_printk	0x92997ed8	ft8057p_spi.ko
_printk	0x92997ed8	fusion.ko
_printk	0x92997ed8	gamerotvechub.ko
_printk	0x92997ed8	gc_gc6133c_ii.ko
_printk	0x92997ed8	ged.ko
_printk	0x92997ed8	gf_fingerprint.ko
_printk	0x92997ed8	gmagrotvechub.ko
_printk	0x92997ed8	gps_drv_stp.ko
_printk	0x92997ed8	gravityhub.ko
_printk	0x92997ed8	gyro_common.ko
_printk	0x92997ed8	gyrohub.ko
_printk	0x92997ed8	gz_ipc_mod.ko
_printk	0x92997ed8	gz_irq_mod.ko
_printk	0x92997ed8	gz_log_mod.ko
_printk	0x92997ed8	gz_main_mod.ko
_printk	0x92997ed8	gz_trusty_mod.ko
_printk	0x92997ed8	gz_tz_system.ko
_printk	0x92997ed8	gz_virtio_mod.ko
_printk	0x92997ed8	hwmon.ko
_printk	0x92997ed8	icnl9916_spi.ko
_printk	0x92997ed8	imgsensor_isp4_t.ko
_printk	0x92997ed8	iommu_debug.ko
_printk	0x92997ed8	iommu_gz.ko
_printk	0x92997ed8	iommu_secure.ko
_printk	0x92997ed8	irq-dbg.ko
_printk	0x92997ed8	isee.ko
_printk	0x92997ed8	lc_charger_sysfs.ko
_printk	0x92997ed8	lct_audio_info.ko
_printk	0x92997ed8	lct_tp.ko
_printk	0x92997ed8	leds-mt6370-flash.ko
_printk	0x92997ed8	leds-mtk-disp.ko
_printk	0x92997ed8	leds-mtk-pwm.ko
_printk	0x92997ed8	leds-mtk.ko
_printk	0x92997ed8	linearacchub.ko
_printk	0x92997ed8	log_store.ko
_printk	0x92997ed8	mac80211.ko
_printk	0x92997ed8	mag_common.ko
_printk	0x92997ed8	maghub.ko
_printk	0x92997ed8	main2af.ko
_printk	0x92997ed8	main3af.ko
_printk	0x92997ed8	mainaf.ko
_printk	0x92997ed8	mali_kbase_mt6768_r49.ko
_printk	0x92997ed8	mali_mgm_mt6768_r49.ko
_printk	0x92997ed8	mali_prot_alloc_mt6768_r49.ko
_printk	0x92997ed8	mcdi.ko
_printk	0x92997ed8	mdp_drv_mt6768.ko
_printk	0x92997ed8	mediatek-drm.ko
_printk	0x92997ed8	mediatek_eem.ko
_printk	0x92997ed8	mediatek_static_power.ko
_printk	0x92997ed8	memory-amms.ko
_printk	0x92997ed8	met.ko
_printk	0x92997ed8	mi_memory.ko
_printk	0x92997ed8	mi_rmap_efficiency.ko
_printk	0x92997ed8	miev.ko
_printk	0x92997ed8	millet_binder.ko
_printk	0x92997ed8	millet_core.ko
_printk	0x92997ed8	millet_hs.ko
_printk	0x92997ed8	millet_oem_cgroup.ko
_printk	0x92997ed8	millet_pkg.ko
_printk	0x92997ed8	millet_sig.ko
_printk	0x92997ed8	mme.ko
_printk	0x92997ed8	mmprofile.ko
_printk	0x92997ed8	mmqos-common.ko
_printk	0x92997ed8	monitor_hang.ko
_printk	0x92997ed8	mrdump.ko
_printk	0x92997ed8	mt6358-accdet.ko
_printk	0x92997ed8	mt6358_battery.ko
_printk	0x92997ed8	mt635x-auxadc.ko
_printk	0x92997ed8	mt6370-regulator.ko
_printk	0x92997ed8	mt6397.ko
_printk	0x92997ed8	mt63xx-debug.ko
_printk	0x92997ed8	mt6577_auxadc.ko
_printk	0x92997ed8	mt6768_dcm.ko
_printk	0x92997ed8	mtk-btcvsd.ko
_printk	0x92997ed8	mtk-cmdq-drv-ext.ko
_printk	0x92997ed8	mtk-composite.ko
_printk	0x92997ed8	mtk-dvfsrc-helper.ko
_printk	0x92997ed8	mtk-dvfsrc.ko
_printk	0x92997ed8	mtk-icc-core.ko
_printk	0x92997ed8	mtk-kpd.ko
_printk	0x92997ed8	mtk-mbox.ko
_printk	0x92997ed8	mtk-mmc-dbg.ko
_printk	0x92997ed8	mtk-mmc-wp.ko
_printk	0x92997ed8	mtk-mmc.ko
_printk	0x92997ed8	mtk-mmdvfs-debug.ko
_printk	0x92997ed8	mtk-mmdvfs.ko
_printk	0x92997ed8	mtk-mml.ko
_printk	0x92997ed8	mtk-pmic-keys.ko
_printk	0x92997ed8	mtk-pmic-wrap.ko
_printk	0x92997ed8	mtk-pwm.ko
_printk	0x92997ed8	mtk-scpsys-bringup.ko
_printk	0x92997ed8	mtk-scpsys.ko
_printk	0x92997ed8	mtk-smi-bwc.ko
_printk	0x92997ed8	mtk-smi-dbg.ko
_printk	0x92997ed8	mtk-smi.ko
_printk	0x92997ed8	mtk-socinfo.ko
_printk	0x92997ed8	mtk-uart-apdma.ko
_printk	0x92997ed8	mtk-vcodec-common.ko
_printk	0x92997ed8	mtk-vcodec-dec-v1.ko
_printk	0x92997ed8	mtk-vcodec-enc-v1.ko
_printk	0x92997ed8	mtk-vcu.ko
_printk	0x92997ed8	mtk_battery_manager.ko
_printk	0x92997ed8	mtk_battery_oc_throttling.ko
_printk	0x92997ed8	mtk_bp_thl.ko
_printk	0x92997ed8	mtk_charger_algorithm_class.ko
_printk	0x92997ed8	mtk_charger_cooling.ko
_printk	0x92997ed8	mtk_charger_framework.ko
_printk	0x92997ed8	mtk_cm_mgr.ko
_printk	0x92997ed8	mtk_cm_mgr_mt6768.ko
_printk	0x92997ed8	mtk_cpu_power_throttling.ko
_printk	0x92997ed8	mtk_cpuhp.ko
_printk	0x92997ed8	mtk_cpuidle.ko
_printk	0x92997ed8	mtk_dcm.ko
_printk	0x92997ed8	mtk_disp_notify.ko
_printk	0x92997ed8	mtk_disp_sec.ko
_printk	0x92997ed8	mtk_dramc.ko
_printk	0x92997ed8	mtk_dynamic_loading_throttling.ko
_printk	0x92997ed8	mtk_em.ko
_printk	0x92997ed8	mtk_fpsgo.ko
_printk	0x92997ed8	mtk_gpu_qos.ko
_printk	0x92997ed8	mtk_gpufreq_mt6768.ko
_printk	0x92997ed8	mtk_gpufreq_wrapper_legacy.ko
_printk	0x92997ed8	mtk_heap_debug.ko
_printk	0x92997ed8	mtk_iommu.ko
_printk	0x92997ed8	mtk_irtx_pwm.ko
_printk	0x92997ed8	mtk_jpeg.ko
_printk	0x92997ed8	mtk_low_battery_throttling.ko
_printk	0x92997ed8	mtk_md_power_throttling.ko
_printk	0x92997ed8	mtk_mdpm_v1.ko
_printk	0x92997ed8	mtk_pbm.ko
_printk	0x92997ed8	mtk_pd_charging.ko
_printk	0x92997ed8	mtk_peak_power_budget.ko
_printk	0x92997ed8	mtk_pep.ko
_printk	0x92997ed8	mtk_pep20.ko
_printk	0x92997ed8	mtk_pep40.ko
_printk	0x92997ed8	mtk_perf_common.ko
_printk	0x92997ed8	mtk_power_gs_v1.ko
_printk	0x92997ed8	mtk_ppm_v3.ko
_printk	0x92997ed8	mtk_printk_ctrl.ko
_printk	0x92997ed8	mtk_qos_legacy.ko
_printk	0x92997ed8	mtk_sec_heap.ko
_printk	0x92997ed8	mtk_spi.ko
_printk	0x92997ed8	mtk_tinysys_ipi.ko
_printk	0x92997ed8	mtk_u_ether.ko
_printk	0x92997ed8	mtk_usb_f_rndis.ko
_printk	0x92997ed8	mtk_wdt.ko
_printk	0x92997ed8	musb_boost.ko
_printk	0x92997ed8	musb_hdrc.ko
_printk	0x92997ed8	musb_main.ko
_printk	0x92997ed8	nt36528_spi.ko
_printk	0x92997ed8	nvmem-mt635x-efuse.ko
_printk	0x92997ed8	nvmem_mtk-devinfo.ko
_printk	0x92997ed8	nxp_i2c.ko
_printk	0x92997ed8	orienthub.ko
_printk	0x92997ed8	pd-chk-mt6768.ko
_printk	0x92997ed8	pd_dbg_info.ko
_printk	0x92997ed8	perf_helper.ko
_printk	0x92997ed8	perfhelper.ko
_printk	0x92997ed8	phy-mtk-tphy.ko
_printk	0x92997ed8	pidmap.ko
_printk	0x92997ed8	pinctrl-mtk-common-v2_debug.ko
_printk	0x92997ed8	pmic_lbat_service.ko
_printk	0x92997ed8	powerhal_cpu_ctrl.ko
_printk	0x92997ed8	pwm-mtk-disp.ko
_printk	0x92997ed8	regulator-vibrator.ko
_printk	0x92997ed8	rotatvechub.ko
_printk	0x92997ed8	rpmb-mtk.ko
_printk	0x92997ed8	rpmb.ko
_printk	0x92997ed8	rt_pd_manager.ko
_printk	0x92997ed8	rtc-mt6397.ko
_printk	0x92997ed8	sc_sc080cs_i.ko
_printk	0x92997ed8	scheduler.ko
_printk	0x92997ed8	scp.ko
_printk	0x92997ed8	sec-rng.ko
_printk	0x92997ed8	sec.ko
_printk	0x92997ed8	sensorHub.ko
_printk	0x92997ed8	sensor_list.ko
_printk	0x92997ed8	sensor_probe.ko
_printk	0x92997ed8	sgm41543_charger.ko
_printk	0x92997ed8	sil_fingerprint.ko
_printk	0x92997ed8	simtray.ko
_printk	0x92997ed8	situation.ko
_printk	0x92997ed8	situationhub.ko
_printk	0x92997ed8	snd-soc-fs15xx.ko
_printk	0x92997ed8	snd-soc-mt6358.ko
_printk	0x92997ed8	snd-soc-mtk-common.ko
_printk	0x92997ed8	snd-soc-sipa-tuning.ko
_printk	0x92997ed8	sp_sp0821_iii.ko
_printk	0x92997ed8	spi-mt65xx.ko
_printk	0x92997ed8	spi_slave.ko
_printk	0x92997ed8	sspm_v1.ko
_printk	0x92997ed8	step_counter.ko
_printk	0x92997ed8	stepsignhub.ko
_printk	0x92997ed8	sub2af.ko
_printk	0x92997ed8	subaf.ko
_printk	0x92997ed8	system_heap.ko
_printk	0x92997ed8	t-base-tui.ko
_printk	0x92997ed8	tcpc_class.ko
_printk	0x92997ed8	tcpc_rt1711h.ko
_printk	0x92997ed8	tcpc_upm7610.ko
_printk	0x92997ed8	tcpci_late_sync.ko
_printk	0x92997ed8	teeperf.ko
_printk	0x92997ed8	thermal_monitor.ko
_printk	0x92997ed8	touch_boost.ko
_printk	0x92997ed8	trace_mmstat.ko
_printk	0x92997ed8	trusted_mem.ko
_printk	0x92997ed8	tui-common.ko
_printk	0x92997ed8	ufs-mediatek-dbg.ko
_printk	0x92997ed8	ufs-mediatek-mod.ko
_printk	0x92997ed8	uncali_acchub.ko
_printk	0x92997ed8	uncali_gyrohub.ko
_printk	0x92997ed8	uncali_maghub.ko
_printk	0x92997ed8	upm6920_charger.ko
_printk	0x92997ed8	usb_meta.ko
_printk	0x92997ed8	widevine_driver.ko
_printk	0x92997ed8	wifi_ant_check.ko
_printk	0x92997ed8	wlan_drv_gen4m_6768.ko
_printk	0x92997ed8	wmt_chrdev_wifi.ko
_printk	0x92997ed8	wmt_drv.ko
_printk	0x92997ed8	xiaomi_touch.ko
_printk	0x92997ed8	xm_smart_chg.ko
_printk	0x92997ed8	zram.ko
_printk	0x92997ed8	zsmalloc.ko
_printk_deferred	0x1e19eb6c	MTK_INTERNAL_SPM.ko
_printk_deferred	0x1e19eb6c	mcdi.ko
_printk_deferred	0x1e19eb6c	mtk-mbox.ko
_printk_deferred	0x1e19eb6c	scheduler.ko
_printk_deferred	0x1e19eb6c	scp.ko
_raw_read_lock	0xfe8c61f0	perf_helper.ko
_raw_read_lock	0xfe8c61f0	perfhelper.ko
_raw_read_lock	0xfe8c61f0	scheduler.ko
_raw_read_lock	0xfe8c61f0	zsmalloc.ko
_raw_read_lock_bh	0x8dee722d	ged.ko
_raw_read_lock_bh	0x8dee722d	millet_pkg.ko
_raw_read_trylock	0x889b1370	aee_hangdet.ko
_raw_read_trylock	0x889b1370	thermal_monitor.ko
_raw_read_unlock	0xdd4d55b6	perf_helper.ko
_raw_read_unlock	0xdd4d55b6	perfhelper.ko
_raw_read_unlock	0xdd4d55b6	scheduler.ko
_raw_read_unlock	0xdd4d55b6	thermal_monitor.ko
_raw_read_unlock	0xdd4d55b6	zsmalloc.ko
_raw_read_unlock_bh	0xaeb082ad	ged.ko
_raw_read_unlock_bh	0xaeb082ad	millet_pkg.ko
_raw_spin_lock	0xba8fbd64	accelhub.ko
_raw_spin_lock	0xba8fbd64	aee_aed.ko
_raw_spin_lock	0xba8fbd64	aee_hangdet.ko
_raw_spin_lock	0xba8fbd64	alspshub.ko
_raw_spin_lock	0xba8fbd64	archcounter_timesync.ko
_raw_spin_lock	0xba8fbd64	binder_gki.ko
_raw_spin_lock	0xba8fbd64	bootprof.ko
_raw_spin_lock	0xba8fbd64	c2k_usb.ko
_raw_spin_lock	0xba8fbd64	cache-parity.ko
_raw_spin_lock	0xba8fbd64	camera_dpe_isp40.ko
_raw_spin_lock	0xba8fbd64	camera_eeprom_isp4_t.ko
_raw_spin_lock	0xba8fbd64	camera_fdvt_isp40.ko
_raw_spin_lock	0xba8fbd64	camera_isp_4_t.ko
_raw_spin_lock	0xba8fbd64	camera_mem.ko
_raw_spin_lock	0xba8fbd64	ccci_cldma.ko
_raw_spin_lock	0xba8fbd64	ccci_md_all.ko
_raw_spin_lock	0xba8fbd64	ccci_util_lib.ko
_raw_spin_lock	0xba8fbd64	ccmni.ko
_raw_spin_lock	0xba8fbd64	ccu_isp4.ko
_raw_spin_lock	0xba8fbd64	cfg80211.ko
_raw_spin_lock	0xba8fbd64	cpufreq_sugov_ext.ko
_raw_spin_lock	0xba8fbd64	cqhci.ko
_raw_spin_lock	0xba8fbd64	dbg_error_flag.ko
_raw_spin_lock	0xba8fbd64	ged.ko
_raw_spin_lock	0xba8fbd64	gyrohub.ko
_raw_spin_lock	0xba8fbd64	gz_irq_mod.ko
_raw_spin_lock	0xba8fbd64	hwmon.ko
_raw_spin_lock	0xba8fbd64	imgsensor_isp4_t.ko
_raw_spin_lock	0xba8fbd64	iommu_debug.ko
_raw_spin_lock	0xba8fbd64	isee.ko
_raw_spin_lock	0xba8fbd64	mac80211.ko
_raw_spin_lock	0xba8fbd64	maghub.ko
_raw_spin_lock	0xba8fbd64	main2af.ko
_raw_spin_lock	0xba8fbd64	main3af.ko
_raw_spin_lock	0xba8fbd64	mainaf.ko
_raw_spin_lock	0xba8fbd64	mali_kbase_mt6768_r49.ko
_raw_spin_lock	0xba8fbd64	mali_mgm_mt6768_r49.ko
_raw_spin_lock	0xba8fbd64	mali_prot_alloc_mt6768_r49.ko
_raw_spin_lock	0xba8fbd64	mediatek-drm.ko
_raw_spin_lock	0xba8fbd64	monitor_hang.ko
_raw_spin_lock	0xba8fbd64	mtk-cqdma.ko
_raw_spin_lock	0xba8fbd64	mtk-dvfsrc.ko
_raw_spin_lock	0xba8fbd64	mtk-mmc.ko
_raw_spin_lock	0xba8fbd64	mtk-uart-apdma.ko
_raw_spin_lock	0xba8fbd64	mtk_heap_debug.ko
_raw_spin_lock	0xba8fbd64	mtk_perf_ioctl.ko
_raw_spin_lock	0xba8fbd64	mtk_sec_heap.ko
_raw_spin_lock	0xba8fbd64	mtk_u_ether.ko
_raw_spin_lock	0xba8fbd64	mtk_usb_f_rndis.ko
_raw_spin_lock	0xba8fbd64	musb_hdrc.ko
_raw_spin_lock	0xba8fbd64	perfhelper.ko
_raw_spin_lock	0xba8fbd64	scheduler.ko
_raw_spin_lock	0xba8fbd64	sensorHub.ko
_raw_spin_lock	0xba8fbd64	sensor_list.ko
_raw_spin_lock	0xba8fbd64	situationhub.ko
_raw_spin_lock	0xba8fbd64	snd-soc-mtk-common.ko
_raw_spin_lock	0xba8fbd64	spi-mt65xx.ko
_raw_spin_lock	0xba8fbd64	sspm_v1.ko
_raw_spin_lock	0xba8fbd64	sub2af.ko
_raw_spin_lock	0xba8fbd64	subaf.ko
_raw_spin_lock	0xba8fbd64	system_heap.ko
_raw_spin_lock	0xba8fbd64	thermal_monitor.ko
_raw_spin_lock	0xba8fbd64	trace_mmstat.ko
_raw_spin_lock	0xba8fbd64	ufs-mediatek-mod.ko
_raw_spin_lock	0xba8fbd64	wlan_drv_gen4m_6768.ko
_raw_spin_lock	0xba8fbd64	zram.ko
_raw_spin_lock	0xba8fbd64	zsmalloc.ko
_raw_spin_lock_bh	0x0c3690fc	aee_hangdet.ko
_raw_spin_lock_bh	0x0c3690fc	ccmni.ko
_raw_spin_lock_bh	0x0c3690fc	cfg80211.ko
_raw_spin_lock_bh	0x0c3690fc	fmradio_drv_mt6631.ko
_raw_spin_lock_bh	0x0c3690fc	mac80211.ko
_raw_spin_lock_bh	0x0c3690fc	wlan_drv_gen4m_6768.ko
_raw_spin_lock_bh	0x0c3690fc	wmt_drv.ko
_raw_spin_lock_irq	0x8427cc7b	ccci_md_all.ko
_raw_spin_lock_irq	0x8427cc7b	cfg80211.ko
_raw_spin_lock_irq	0x8427cc7b	ged.ko
_raw_spin_lock_irq	0x8427cc7b	gf_fingerprint.ko
_raw_spin_lock_irq	0x8427cc7b	mdp_drv_mt6768.ko
_raw_spin_lock_irq	0x8427cc7b	mediatek-drm.ko
_raw_spin_lock_irq	0x8427cc7b	mtk-uart-apdma.ko
_raw_spin_lock_irq	0x8427cc7b	mtk_sync.ko
_raw_spin_lock_irq	0x8427cc7b	mtk_u_ether.ko
_raw_spin_lock_irq	0x8427cc7b	sensorHub.ko
_raw_spin_lock_irq	0x8427cc7b	sil_fingerprint.ko
_raw_spin_lock_irqsave	0x34db050b	8250_mtk.ko
_raw_spin_lock_irqsave	0x34db050b	CPU_DVFS.ko
_raw_spin_lock_irqsave	0x34db050b	MTK_INTERNAL_SPM.ko
_raw_spin_lock_irqsave	0x34db050b	aee_aed.ko
_raw_spin_lock_irqsave	0x34db050b	aee_hangdet.ko
_raw_spin_lock_irqsave	0x34db050b	arm_dsu_pmu.ko
_raw_spin_lock_irqsave	0x34db050b	blocktag.ko
_raw_spin_lock_irqsave	0x34db050b	btif_drv.ko
_raw_spin_lock_irqsave	0x34db050b	c2k_usb.ko
_raw_spin_lock_irqsave	0x34db050b	camera_dpe_isp40.ko
_raw_spin_lock_irqsave	0x34db050b	camera_isp_4_t.ko
_raw_spin_lock_irqsave	0x34db050b	ccci_ccif.ko
_raw_spin_lock_irqsave	0x34db050b	ccci_cldma.ko
_raw_spin_lock_irqsave	0x34db050b	ccci_md_all.ko
_raw_spin_lock_irqsave	0x34db050b	ccci_util_lib.ko
_raw_spin_lock_irqsave	0x34db050b	ccmni.ko
_raw_spin_lock_irqsave	0x34db050b	cfg80211.ko
_raw_spin_lock_irqsave	0x34db050b	clk-common.ko
_raw_spin_lock_irqsave	0x34db050b	clk-mt6768-pg.ko
_raw_spin_lock_irqsave	0x34db050b	clkbuf.ko
_raw_spin_lock_irqsave	0x34db050b	cmdq-bdg-mailbox.ko
_raw_spin_lock_irqsave	0x34db050b	cmdq-sec-drv.ko
_raw_spin_lock_irqsave	0x34db050b	connadp.ko
_raw_spin_lock_irqsave	0x34db050b	cpufreq_sugov_ext.ko
_raw_spin_lock_irqsave	0x34db050b	cqhci.ko
_raw_spin_lock_irqsave	0x34db050b	emicen.ko
_raw_spin_lock_irqsave	0x34db050b	fhctl.ko
_raw_spin_lock_irqsave	0x34db050b	ft8057m_spi.ko
_raw_spin_lock_irqsave	0x34db050b	ft8057p_spi.ko
_raw_spin_lock_irqsave	0x34db050b	ged.ko
_raw_spin_lock_irqsave	0x34db050b	gz_irq_mod.ko
_raw_spin_lock_irqsave	0x34db050b	gz_trusty_mod.ko
_raw_spin_lock_irqsave	0x34db050b	i2c-mt65xx.ko
_raw_spin_lock_irqsave	0x34db050b	icnl9916_spi.ko
_raw_spin_lock_irqsave	0x34db050b	imgsensor_isp4_t.ko
_raw_spin_lock_irqsave	0x34db050b	iommu_debug.ko
_raw_spin_lock_irqsave	0x34db050b	mac80211.ko
_raw_spin_lock_irqsave	0x34db050b	mali_kbase_mt6768_r49.ko
_raw_spin_lock_irqsave	0x34db050b	mcdi.ko
_raw_spin_lock_irqsave	0x34db050b	mdp_drv_mt6768.ko
_raw_spin_lock_irqsave	0x34db050b	mediatek-drm.ko
_raw_spin_lock_irqsave	0x34db050b	mediatek_eem.ko
_raw_spin_lock_irqsave	0x34db050b	met.ko
_raw_spin_lock_irqsave	0x34db050b	miev.ko
_raw_spin_lock_irqsave	0x34db050b	millet_core.ko
_raw_spin_lock_irqsave	0x34db050b	mme.ko
_raw_spin_lock_irqsave	0x34db050b	mrdump.ko
_raw_spin_lock_irqsave	0x34db050b	mt6358_battery.ko
_raw_spin_lock_irqsave	0x34db050b	mtk-btcvsd.ko
_raw_spin_lock_irqsave	0x34db050b	mtk-cmdq-drv-ext.ko
_raw_spin_lock_irqsave	0x34db050b	mtk-cqdma.ko
_raw_spin_lock_irqsave	0x34db050b	mtk-dvfsrc.ko
_raw_spin_lock_irqsave	0x34db050b	mtk-mbox.ko
_raw_spin_lock_irqsave	0x34db050b	mtk-mmc-dbg.ko
_raw_spin_lock_irqsave	0x34db050b	mtk-mmc.ko
_raw_spin_lock_irqsave	0x34db050b	mtk-mmdvfs-debug.ko
_raw_spin_lock_irqsave	0x34db050b	mtk-mml.ko
_raw_spin_lock_irqsave	0x34db050b	mtk-pwm.ko
_raw_spin_lock_irqsave	0x34db050b	mtk-scpsys.ko
_raw_spin_lock_irqsave	0x34db050b	mtk-smi-dbg.ko
_raw_spin_lock_irqsave	0x34db050b	mtk-smi.ko
_raw_spin_lock_irqsave	0x34db050b	mtk-uart-apdma.ko
_raw_spin_lock_irqsave	0x34db050b	mtk-vcodec-common.ko
_raw_spin_lock_irqsave	0x34db050b	mtk-vcodec-dec-v1.ko
_raw_spin_lock_irqsave	0x34db050b	mtk-vcodec-enc-v1.ko
_raw_spin_lock_irqsave	0x34db050b	mtk-vcu.ko
_raw_spin_lock_irqsave	0x34db050b	mtk_battery_manager.ko
_raw_spin_lock_irqsave	0x34db050b	mtk_charger_framework.ko
_raw_spin_lock_irqsave	0x34db050b	mtk_cm_mgr.ko
_raw_spin_lock_irqsave	0x34db050b	mtk_fpsgo.ko
_raw_spin_lock_irqsave	0x34db050b	mtk_gpufreq_wrapper_legacy.ko
_raw_spin_lock_irqsave	0x34db050b	mtk_heap_debug.ko
_raw_spin_lock_irqsave	0x34db050b	mtk_iommu.ko
_raw_spin_lock_irqsave	0x34db050b	mtk_jpeg.ko
_raw_spin_lock_irqsave	0x34db050b	mtk_peak_power_budget.ko
_raw_spin_lock_irqsave	0x34db050b	mtk_perf_common.ko
_raw_spin_lock_irqsave	0x34db050b	mtk_rpmsg_mbox.ko
_raw_spin_lock_irqsave	0x34db050b	mtk_sync.ko
_raw_spin_lock_irqsave	0x34db050b	mtk_tinysys_ipi.ko
_raw_spin_lock_irqsave	0x34db050b	mtk_u_ether.ko
_raw_spin_lock_irqsave	0x34db050b	mtk_usb_f_rndis.ko
_raw_spin_lock_irqsave	0x34db050b	mtk_wdt.ko
_raw_spin_lock_irqsave	0x34db050b	musb_hdrc.ko
_raw_spin_lock_irqsave	0x34db050b	nxp_i2c.ko
_raw_spin_lock_irqsave	0x34db050b	pinctrl-mtk-v2.ko
_raw_spin_lock_irqsave	0x34db050b	scheduler.ko
_raw_spin_lock_irqsave	0x34db050b	scp.ko
_raw_spin_lock_irqsave	0x34db050b	sensorHub.ko
_raw_spin_lock_irqsave	0x34db050b	sil_fingerprint.ko
_raw_spin_lock_irqsave	0x34db050b	snd-soc-fs15xx.ko
_raw_spin_lock_irqsave	0x34db050b	spi-mt65xx.ko
_raw_spin_lock_irqsave	0x34db050b	sspm_v1.ko
_raw_spin_lock_irqsave	0x34db050b	system_heap.ko
_raw_spin_lock_irqsave	0x34db050b	t-base-tui.ko
_raw_spin_lock_irqsave	0x34db050b	tcpc_class.ko
_raw_spin_lock_irqsave	0x34db050b	thermal_monitor.ko
_raw_spin_lock_irqsave	0x34db050b	touch_boost.ko
_raw_spin_lock_irqsave	0x34db050b	trace_mmstat.ko
_raw_spin_lock_irqsave	0x34db050b	trusted_mem.ko
_raw_spin_lock_irqsave	0x34db050b	ufs-mediatek-dbg.ko
_raw_spin_lock_irqsave	0x34db050b	ufs-mediatek-mod.ko
_raw_spin_lock_irqsave	0x34db050b	usb_meta.ko
_raw_spin_lock_irqsave	0x34db050b	wlan_drv_gen4m_6768.ko
_raw_spin_lock_irqsave	0x34db050b	wmt_drv.ko
_raw_spin_trylock	0xfef216eb	aee_hangdet.ko
_raw_spin_trylock	0xfef216eb	btif_drv.ko
_raw_spin_trylock	0xfef216eb	cpufreq_sugov_ext.ko
_raw_spin_trylock	0xfef216eb	mali_kbase_mt6768_r49.ko
_raw_spin_trylock	0xfef216eb	mediatek-drm.ko
_raw_spin_trylock	0xfef216eb	met.ko
_raw_spin_trylock	0xfef216eb	mtk_perf_ioctl.ko
_raw_spin_trylock	0xfef216eb	perfhelper.ko
_raw_spin_trylock	0xfef216eb	sspm_v1.ko
_raw_spin_trylock	0xfef216eb	wmt_drv.ko
_raw_spin_trylock_bh	0x8518a4a6	wlan_drv_gen4m_6768.ko
_raw_spin_unlock	0xb5b54b34	accelhub.ko
_raw_spin_unlock	0xb5b54b34	aee_aed.ko
_raw_spin_unlock	0xb5b54b34	aee_hangdet.ko
_raw_spin_unlock	0xb5b54b34	alspshub.ko
_raw_spin_unlock	0xb5b54b34	archcounter_timesync.ko
_raw_spin_unlock	0xb5b54b34	binder_gki.ko
_raw_spin_unlock	0xb5b54b34	bootprof.ko
_raw_spin_unlock	0xb5b54b34	c2k_usb.ko
_raw_spin_unlock	0xb5b54b34	cache-parity.ko
_raw_spin_unlock	0xb5b54b34	camera_dpe_isp40.ko
_raw_spin_unlock	0xb5b54b34	camera_eeprom_isp4_t.ko
_raw_spin_unlock	0xb5b54b34	camera_fdvt_isp40.ko
_raw_spin_unlock	0xb5b54b34	camera_isp_4_t.ko
_raw_spin_unlock	0xb5b54b34	camera_mem.ko
_raw_spin_unlock	0xb5b54b34	ccci_cldma.ko
_raw_spin_unlock	0xb5b54b34	ccci_md_all.ko
_raw_spin_unlock	0xb5b54b34	ccci_util_lib.ko
_raw_spin_unlock	0xb5b54b34	ccmni.ko
_raw_spin_unlock	0xb5b54b34	ccu_isp4.ko
_raw_spin_unlock	0xb5b54b34	cfg80211.ko
_raw_spin_unlock	0xb5b54b34	cpufreq_sugov_ext.ko
_raw_spin_unlock	0xb5b54b34	cqhci.ko
_raw_spin_unlock	0xb5b54b34	dbg_error_flag.ko
_raw_spin_unlock	0xb5b54b34	ged.ko
_raw_spin_unlock	0xb5b54b34	gyrohub.ko
_raw_spin_unlock	0xb5b54b34	gz_irq_mod.ko
_raw_spin_unlock	0xb5b54b34	hwmon.ko
_raw_spin_unlock	0xb5b54b34	imgsensor_isp4_t.ko
_raw_spin_unlock	0xb5b54b34	iommu_debug.ko
_raw_spin_unlock	0xb5b54b34	isee.ko
_raw_spin_unlock	0xb5b54b34	mac80211.ko
_raw_spin_unlock	0xb5b54b34	maghub.ko
_raw_spin_unlock	0xb5b54b34	main2af.ko
_raw_spin_unlock	0xb5b54b34	main3af.ko
_raw_spin_unlock	0xb5b54b34	mainaf.ko
_raw_spin_unlock	0xb5b54b34	mali_kbase_mt6768_r49.ko
_raw_spin_unlock	0xb5b54b34	mali_mgm_mt6768_r49.ko
_raw_spin_unlock	0xb5b54b34	mali_prot_alloc_mt6768_r49.ko
_raw_spin_unlock	0xb5b54b34	mediatek-drm.ko
_raw_spin_unlock	0xb5b54b34	met.ko
_raw_spin_unlock	0xb5b54b34	monitor_hang.ko
_raw_spin_unlock	0xb5b54b34	mtk-cqdma.ko
_raw_spin_unlock	0xb5b54b34	mtk-dvfsrc.ko
_raw_spin_unlock	0xb5b54b34	mtk-mmc.ko
_raw_spin_unlock	0xb5b54b34	mtk-uart-apdma.ko
_raw_spin_unlock	0xb5b54b34	mtk_heap_debug.ko
_raw_spin_unlock	0xb5b54b34	mtk_perf_ioctl.ko
_raw_spin_unlock	0xb5b54b34	mtk_sec_heap.ko
_raw_spin_unlock	0xb5b54b34	mtk_u_ether.ko
_raw_spin_unlock	0xb5b54b34	mtk_usb_f_rndis.ko
_raw_spin_unlock	0xb5b54b34	musb_hdrc.ko
_raw_spin_unlock	0xb5b54b34	perfhelper.ko
_raw_spin_unlock	0xb5b54b34	scheduler.ko
_raw_spin_unlock	0xb5b54b34	sensorHub.ko
_raw_spin_unlock	0xb5b54b34	sensor_list.ko
_raw_spin_unlock	0xb5b54b34	situationhub.ko
_raw_spin_unlock	0xb5b54b34	snd-soc-mtk-common.ko
_raw_spin_unlock	0xb5b54b34	spi-mt65xx.ko
_raw_spin_unlock	0xb5b54b34	sspm_v1.ko
_raw_spin_unlock	0xb5b54b34	sub2af.ko
_raw_spin_unlock	0xb5b54b34	subaf.ko
_raw_spin_unlock	0xb5b54b34	system_heap.ko
_raw_spin_unlock	0xb5b54b34	thermal_monitor.ko
_raw_spin_unlock	0xb5b54b34	trace_mmstat.ko
_raw_spin_unlock	0xb5b54b34	ufs-mediatek-mod.ko
_raw_spin_unlock	0xb5b54b34	wlan_drv_gen4m_6768.ko
_raw_spin_unlock	0xb5b54b34	zram.ko
_raw_spin_unlock	0xb5b54b34	zsmalloc.ko
_raw_spin_unlock_bh	0xe46021ca	aee_hangdet.ko
_raw_spin_unlock_bh	0xe46021ca	ccmni.ko
_raw_spin_unlock_bh	0xe46021ca	cfg80211.ko
_raw_spin_unlock_bh	0xe46021ca	fmradio_drv_mt6631.ko
_raw_spin_unlock_bh	0xe46021ca	mac80211.ko
_raw_spin_unlock_bh	0xe46021ca	wlan_drv_gen4m_6768.ko
_raw_spin_unlock_bh	0xe46021ca	wmt_drv.ko
_raw_spin_unlock_irq	0x4b750f53	ccci_md_all.ko
_raw_spin_unlock_irq	0x4b750f53	cfg80211.ko
_raw_spin_unlock_irq	0x4b750f53	ged.ko
_raw_spin_unlock_irq	0x4b750f53	gf_fingerprint.ko
_raw_spin_unlock_irq	0x4b750f53	mdp_drv_mt6768.ko
_raw_spin_unlock_irq	0x4b750f53	mediatek-drm.ko
_raw_spin_unlock_irq	0x4b750f53	mtk-uart-apdma.ko
_raw_spin_unlock_irq	0x4b750f53	mtk_sync.ko
_raw_spin_unlock_irq	0x4b750f53	mtk_u_ether.ko
_raw_spin_unlock_irq	0x4b750f53	sensorHub.ko
_raw_spin_unlock_irq	0x4b750f53	sil_fingerprint.ko
_raw_spin_unlock_irqrestore	0xd35cce70	8250_mtk.ko
_raw_spin_unlock_irqrestore	0xd35cce70	CPU_DVFS.ko
_raw_spin_unlock_irqrestore	0xd35cce70	MTK_INTERNAL_SPM.ko
_raw_spin_unlock_irqrestore	0xd35cce70	aee_aed.ko
_raw_spin_unlock_irqrestore	0xd35cce70	aee_hangdet.ko
_raw_spin_unlock_irqrestore	0xd35cce70	arm_dsu_pmu.ko
_raw_spin_unlock_irqrestore	0xd35cce70	blocktag.ko
_raw_spin_unlock_irqrestore	0xd35cce70	btif_drv.ko
_raw_spin_unlock_irqrestore	0xd35cce70	c2k_usb.ko
_raw_spin_unlock_irqrestore	0xd35cce70	camera_dpe_isp40.ko
_raw_spin_unlock_irqrestore	0xd35cce70	camera_isp_4_t.ko
_raw_spin_unlock_irqrestore	0xd35cce70	ccci_ccif.ko
_raw_spin_unlock_irqrestore	0xd35cce70	ccci_cldma.ko
_raw_spin_unlock_irqrestore	0xd35cce70	ccci_md_all.ko
_raw_spin_unlock_irqrestore	0xd35cce70	ccci_util_lib.ko
_raw_spin_unlock_irqrestore	0xd35cce70	ccmni.ko
_raw_spin_unlock_irqrestore	0xd35cce70	cfg80211.ko
_raw_spin_unlock_irqrestore	0xd35cce70	clk-common.ko
_raw_spin_unlock_irqrestore	0xd35cce70	clk-mt6768-pg.ko
_raw_spin_unlock_irqrestore	0xd35cce70	clkbuf.ko
_raw_spin_unlock_irqrestore	0xd35cce70	cmdq-bdg-mailbox.ko
_raw_spin_unlock_irqrestore	0xd35cce70	cmdq-sec-drv.ko
_raw_spin_unlock_irqrestore	0xd35cce70	connadp.ko
_raw_spin_unlock_irqrestore	0xd35cce70	cpufreq_sugov_ext.ko
_raw_spin_unlock_irqrestore	0xd35cce70	cqhci.ko
_raw_spin_unlock_irqrestore	0xd35cce70	emicen.ko
_raw_spin_unlock_irqrestore	0xd35cce70	fhctl.ko
_raw_spin_unlock_irqrestore	0xd35cce70	ft8057m_spi.ko
_raw_spin_unlock_irqrestore	0xd35cce70	ft8057p_spi.ko
_raw_spin_unlock_irqrestore	0xd35cce70	ged.ko
_raw_spin_unlock_irqrestore	0xd35cce70	gz_irq_mod.ko
_raw_spin_unlock_irqrestore	0xd35cce70	gz_trusty_mod.ko
_raw_spin_unlock_irqrestore	0xd35cce70	i2c-mt65xx.ko
_raw_spin_unlock_irqrestore	0xd35cce70	icnl9916_spi.ko
_raw_spin_unlock_irqrestore	0xd35cce70	imgsensor_isp4_t.ko
_raw_spin_unlock_irqrestore	0xd35cce70	iommu_debug.ko
_raw_spin_unlock_irqrestore	0xd35cce70	mac80211.ko
_raw_spin_unlock_irqrestore	0xd35cce70	mali_kbase_mt6768_r49.ko
_raw_spin_unlock_irqrestore	0xd35cce70	mcdi.ko
_raw_spin_unlock_irqrestore	0xd35cce70	mdp_drv_mt6768.ko
_raw_spin_unlock_irqrestore	0xd35cce70	mediatek-drm.ko
_raw_spin_unlock_irqrestore	0xd35cce70	mediatek_eem.ko
_raw_spin_unlock_irqrestore	0xd35cce70	met.ko
_raw_spin_unlock_irqrestore	0xd35cce70	miev.ko
_raw_spin_unlock_irqrestore	0xd35cce70	millet_core.ko
_raw_spin_unlock_irqrestore	0xd35cce70	mme.ko
_raw_spin_unlock_irqrestore	0xd35cce70	mrdump.ko
_raw_spin_unlock_irqrestore	0xd35cce70	mt6358_battery.ko
_raw_spin_unlock_irqrestore	0xd35cce70	mtk-btcvsd.ko
_raw_spin_unlock_irqrestore	0xd35cce70	mtk-cmdq-drv-ext.ko
_raw_spin_unlock_irqrestore	0xd35cce70	mtk-cqdma.ko
_raw_spin_unlock_irqrestore	0xd35cce70	mtk-dvfsrc.ko
_raw_spin_unlock_irqrestore	0xd35cce70	mtk-mbox.ko
_raw_spin_unlock_irqrestore	0xd35cce70	mtk-mmc-dbg.ko
_raw_spin_unlock_irqrestore	0xd35cce70	mtk-mmc.ko
_raw_spin_unlock_irqrestore	0xd35cce70	mtk-mmdvfs-debug.ko
_raw_spin_unlock_irqrestore	0xd35cce70	mtk-mml.ko
_raw_spin_unlock_irqrestore	0xd35cce70	mtk-pwm.ko
_raw_spin_unlock_irqrestore	0xd35cce70	mtk-scpsys.ko
_raw_spin_unlock_irqrestore	0xd35cce70	mtk-smi-dbg.ko
_raw_spin_unlock_irqrestore	0xd35cce70	mtk-smi.ko
_raw_spin_unlock_irqrestore	0xd35cce70	mtk-uart-apdma.ko
_raw_spin_unlock_irqrestore	0xd35cce70	mtk-vcodec-common.ko
_raw_spin_unlock_irqrestore	0xd35cce70	mtk-vcodec-dec-v1.ko
_raw_spin_unlock_irqrestore	0xd35cce70	mtk-vcodec-enc-v1.ko
_raw_spin_unlock_irqrestore	0xd35cce70	mtk-vcu.ko
_raw_spin_unlock_irqrestore	0xd35cce70	mtk_battery_manager.ko
_raw_spin_unlock_irqrestore	0xd35cce70	mtk_charger_framework.ko
_raw_spin_unlock_irqrestore	0xd35cce70	mtk_cm_mgr.ko
_raw_spin_unlock_irqrestore	0xd35cce70	mtk_fpsgo.ko
_raw_spin_unlock_irqrestore	0xd35cce70	mtk_gpufreq_wrapper_legacy.ko
_raw_spin_unlock_irqrestore	0xd35cce70	mtk_heap_debug.ko
_raw_spin_unlock_irqrestore	0xd35cce70	mtk_iommu.ko
_raw_spin_unlock_irqrestore	0xd35cce70	mtk_jpeg.ko
_raw_spin_unlock_irqrestore	0xd35cce70	mtk_peak_power_budget.ko
_raw_spin_unlock_irqrestore	0xd35cce70	mtk_perf_common.ko
_raw_spin_unlock_irqrestore	0xd35cce70	mtk_rpmsg_mbox.ko
_raw_spin_unlock_irqrestore	0xd35cce70	mtk_sync.ko
_raw_spin_unlock_irqrestore	0xd35cce70	mtk_tinysys_ipi.ko
_raw_spin_unlock_irqrestore	0xd35cce70	mtk_u_ether.ko
_raw_spin_unlock_irqrestore	0xd35cce70	mtk_usb_f_rndis.ko
_raw_spin_unlock_irqrestore	0xd35cce70	mtk_wdt.ko
_raw_spin_unlock_irqrestore	0xd35cce70	musb_hdrc.ko
_raw_spin_unlock_irqrestore	0xd35cce70	nxp_i2c.ko
_raw_spin_unlock_irqrestore	0xd35cce70	pinctrl-mtk-v2.ko
_raw_spin_unlock_irqrestore	0xd35cce70	scheduler.ko
_raw_spin_unlock_irqrestore	0xd35cce70	scp.ko
_raw_spin_unlock_irqrestore	0xd35cce70	sensorHub.ko
_raw_spin_unlock_irqrestore	0xd35cce70	sil_fingerprint.ko
_raw_spin_unlock_irqrestore	0xd35cce70	snd-soc-fs15xx.ko
_raw_spin_unlock_irqrestore	0xd35cce70	spi-mt65xx.ko
_raw_spin_unlock_irqrestore	0xd35cce70	sspm_v1.ko
_raw_spin_unlock_irqrestore	0xd35cce70	system_heap.ko
_raw_spin_unlock_irqrestore	0xd35cce70	t-base-tui.ko
_raw_spin_unlock_irqrestore	0xd35cce70	tcpc_class.ko
_raw_spin_unlock_irqrestore	0xd35cce70	thermal_monitor.ko
_raw_spin_unlock_irqrestore	0xd35cce70	touch_boost.ko
_raw_spin_unlock_irqrestore	0xd35cce70	trace_mmstat.ko
_raw_spin_unlock_irqrestore	0xd35cce70	trusted_mem.ko
_raw_spin_unlock_irqrestore	0xd35cce70	ufs-mediatek-dbg.ko
_raw_spin_unlock_irqrestore	0xd35cce70	ufs-mediatek-mod.ko
_raw_spin_unlock_irqrestore	0xd35cce70	usb_meta.ko
_raw_spin_unlock_irqrestore	0xd35cce70	wlan_drv_gen4m_6768.ko
_raw_spin_unlock_irqrestore	0xd35cce70	wmt_drv.ko
_raw_write_lock	0xe68efe41	zsmalloc.ko
_raw_write_lock_bh	0x51a511eb	ged.ko
_raw_write_unlock	0x40235c98	zsmalloc.ko
_raw_write_unlock_bh	0xe7ab1ecc	ged.ko
_totalram_pages	0x944375db	mali_kbase_mt6768_r49.ko
_totalram_pages	0x944375db	mtk_heap_debug.ko
_totalram_pages	0x944375db	mtk_sec_heap.ko
_totalram_pages	0x944375db	system_heap.ko
_totalram_pages	0x944375db	trace_mmstat.ko
acc_bias_report	0xf36c21ae	accelhub.ko
acc_cali_report	0x6d829ca0	accelhub.ko
acc_data_report	0x2b9e07e9	accelhub.ko
acc_driver_add	0xb85e9ed3	accelhub.ko
acc_flush_report	0x2dc9e72e	accelhub.ko
acc_probe	0xcf2e28a7	sensor_probe.ko
acc_register_control_path	0x8f465c1e	accelhub.ko
acc_register_data_path	0xad47ddc4	accelhub.ko
acc_remove	0xaea5e5d2	sensor_probe.ko
accel_factory_device_deregister	0x0c8def08	accelhub.ko
accel_factory_device_register	0x5bde3c5f	accelhub.ko
access_process_vm	0xa5cd174b	aee_aed.ko
access_process_vm	0xa5cd174b	monitor_hang.ko
activate_task	0xe0d71e20	scheduler.ko
adapter_dev_exit_mode	0x6df26a1f	mtk_pep40.ko
adapter_dev_get_cap	0x61715233	mtk_charger_framework.ko
adapter_dev_get_cap	0x61715233	mtk_pd_charging.ko
adapter_dev_get_cap	0x61715233	mtk_pep40.ko
adapter_dev_get_output	0x8551b7e7	mtk_pep40.ko
adapter_dev_get_property	0xf645f6be	mtk_charger_framework.ko
adapter_dev_get_status	0x8d7d5207	mtk_pep40.ko
adapter_dev_set_cap	0xc4cea662	mtk_charger_framework.ko
adapter_dev_set_cap	0xc4cea662	mtk_pd_charging.ko
adapter_dev_set_cap	0xc4cea662	mtk_pep40.ko
adapter_device_register	0x19ca4a32	mtk_pd_adapter.ko
adapter_device_unregister	0x60d4891f	mtk_pd_adapter.ko
add_cpu	0x7eb808d0	mtk_cpuhp.ko
add_timer	0x65744673	aee_hangdet.ko
add_timer	0x65744673	fmradio_drv_mt6631.ko
add_timer	0x65744673	mtk-vcodec-common.ko
add_timer	0x65744673	mtk_iommu.ko
add_timer	0x65744673	musb_hdrc.ko
add_timer	0x65744673	scp.ko
add_timer	0x65744673	sspm_v1.ko
add_timer	0x65744673	thermal_monitor.ko
add_timer	0x65744673	wlan_drv_gen4m_6768.ko
add_timer	0x65744673	wmt_drv.ko
add_wait_queue	0x4afb2238	ccu_isp4.ko
add_wait_queue	0x4afb2238	gz_ipc_mod.ko
adjust_managed_page_count	0x7f85195d	ccci_util_lib.ko
adjust_managed_page_count	0x7f85195d	mediatek-drm.ko
adjust_managed_page_count	0x7f85195d	memory-amms.ko
adpf_register_callback	0xc51c6960	mtk_fpsgo.ko
adpf_register_callback	0xc51c6960	scheduler.ko
aed_combo_exception_api	0x4af93671	wmt_drv.ko
aed_common_exception_api	0x97680f44	scp.ko
aed_md_exception_api	0x6961e6ba	ccci_md_all.ko
aed_md_exception_api	0x6961e6ba	ccci_util_lib.ko
aee_get_mode	0xa2aed337	aee_rs.ko
aee_get_mode	0xa2aed337	cache-parity.ko
aee_is_printk_too_much	0x29c37d82	clk-common.ko
aee_is_printk_too_much	0x29c37d82	iommu_debug.ko
aee_is_printk_too_much	0x29c37d82	mdp_drv_mt6768.ko
aee_is_printk_too_much	0x29c37d82	mediatek-drm.ko
aee_is_printk_too_much	0x29c37d82	mmprofile.ko
aee_is_printk_too_much	0x29c37d82	mtk-cmdq-drv-ext.ko
aee_is_printk_too_much	0x29c37d82	mtk-mml.ko
aee_is_printk_too_much	0x29c37d82	mtk-vcu.ko
aee_is_printk_too_much	0x29c37d82	thermal_monitor.ko
aee_is_printk_too_much	0x29c37d82	ufs-mediatek-dbg.ko
aee_is_printk_too_much	0x29c37d82	wmt_drv.ko
aee_kernel_exception_api_func	0x45b60059	CPU_DVFS.ko
aee_kernel_exception_api_func	0x45b60059	cache-parity.ko
aee_kernel_exception_api_func	0x45b60059	device-apc-common-legacy.ko
aee_kernel_exception_api_func	0x45b60059	emimpu.ko
aee_kernel_exception_api_func	0x45b60059	mtk-cmdq-drv-ext.ko
aee_kernel_exception_api_func	0x45b60059	mtk-smi.ko
aee_kernel_exception_api_func	0x45b60059	snd-soc-mt6768-afe.ko
aee_kernel_exception_api_func	0x45b60059	snd-soc-mtk-common.ko
aee_kernel_fatal_api_func	0xd2db42b8	mediatek-drm.ko
aee_kernel_fatal_api_func	0xd2db42b8	mtk-mml.ko
aee_kernel_warning_api_func	0xdb976d85	MTK_INTERNAL_SPM.ko
aee_kernel_warning_api_func	0xdb976d85	clk-common.ko
aee_kernel_warning_api_func	0xdb976d85	fhctl.ko
aee_kernel_warning_api_func	0xdb976d85	imgsensor_isp4_t.ko
aee_kernel_warning_api_func	0xdb976d85	iommu_debug.ko
aee_kernel_warning_api_func	0xdb976d85	mdp_drv_mt6768.ko
aee_kernel_warning_api_func	0xdb976d85	mediatek-drm.ko
aee_kernel_warning_api_func	0xdb976d85	mediatek_eem.ko
aee_kernel_warning_api_func	0xdb976d85	mmprofile.ko
aee_kernel_warning_api_func	0xdb976d85	mt6358_battery.ko
aee_kernel_warning_api_func	0xdb976d85	mtk-cmdq-drv-ext.ko
aee_kernel_warning_api_func	0xdb976d85	mtk-dvfsrc-helper.ko
aee_kernel_warning_api_func	0xdb976d85	mtk-mml.ko
aee_kernel_warning_api_func	0xdb976d85	mtk-pmic-wrap.ko
aee_kernel_warning_api_func	0xdb976d85	mtk-vcu.ko
aee_kernel_warning_api_func	0xdb976d85	musb_hdrc.ko
aee_kernel_warning_api_func	0xdb976d85	thermal_monitor.ko
aee_kernel_warning_api_func	0xdb976d85	ufs-mediatek-dbg.ko
aee_kernel_warning_api_func	0xdb976d85	wlan_drv_gen4m_6768.ko
aee_kernel_warning_api_func	0xdb976d85	wmt_drv.ko
aee_rr_curr_gpu_dvfs_status	0x35806b02	mali_kbase_mt6768_r49.ko
aee_rr_rec_check	0x2ae9361a	aee_hangdet.ko
aee_rr_rec_gpu_dvfs_oppidx	0x871376ec	mtk_gpufreq_mt6768.ko
aee_rr_rec_gpu_dvfs_power_count	0xdb39008d	mtk_gpufreq_mt6768.ko
aee_rr_rec_gpu_dvfs_status	0xbc5ce545	mali_kbase_mt6768_r49.ko
aee_rr_rec_gpu_dvfs_vgpu	0x214dd646	mtk_gpufreq_mt6768.ko
aee_rr_rec_hang_detect_timeout_count	0xbe8c4b26	monitor_hang.ko
aee_rr_rec_kick	0xfdfa56a8	aee_hangdet.ko
aee_rr_rec_wdk_ktime	0x47fc61bb	aee_hangdet.ko
aee_rr_rec_wdk_systimer_cnt	0x1042fbe5	aee_hangdet.ko
aee_sram_fiq_log	0x17fa4179	aee_hangdet.ko
aee_sram_printk	0xc9dddfcd	MTK_INTERNAL_SPM.ko
aee_sram_printk	0xc9dddfcd	cache-parity.ko
aee_sram_printk	0xc9dddfcd	dbg_error_flag.ko
alarm_cancel	0xc5a30c05	mt6358_battery.ko
alarm_cancel	0xc5a30c05	wmt_drv.ko
alarm_init	0xc8fa2735	mt6358_battery.ko
alarm_init	0xc8fa2735	mtk_battery_manager.ko
alarm_init	0xc8fa2735	mtk_charger_framework.ko
alarm_init	0xc8fa2735	tcpc_class.ko
alarm_init	0xc8fa2735	wmt_drv.ko
alarm_start	0x46ad8e29	mt6358_battery.ko
alarm_start	0x46ad8e29	mtk_battery_manager.ko
alarm_start	0x46ad8e29	mtk_charger_framework.ko
alarm_start_relative	0x8c7afe6a	tcpc_class.ko
alarm_start_relative	0x8c7afe6a	wmt_drv.ko
alarm_try_to_cancel	0x2df480d1	mtk_charger_framework.ko
alarm_try_to_cancel	0x2df480d1	tcpc_class.ko
all_vm_events	0x7278d328	met.ko
alloc_chrdev_region	0xe3ec2f2b	bt_drv_connac1x.ko
alloc_chrdev_region	0xe3ec2f2b	camera_dpe_isp40.ko
alloc_chrdev_region	0xe3ec2f2b	camera_eeprom_isp4_t.ko
alloc_chrdev_region	0xe3ec2f2b	camera_fdvt_isp40.ko
alloc_chrdev_region	0xe3ec2f2b	camera_isp_4_t.ko
alloc_chrdev_region	0xe3ec2f2b	camera_mem.ko
alloc_chrdev_region	0xe3ec2f2b	ccci_md_all.ko
alloc_chrdev_region	0xe3ec2f2b	ccci_util_lib.ko
alloc_chrdev_region	0xe3ec2f2b	ccu_isp4.ko
alloc_chrdev_region	0xe3ec2f2b	flashlight.ko
alloc_chrdev_region	0xe3ec2f2b	fmradio_drv_mt6631.ko
alloc_chrdev_region	0xe3ec2f2b	gf_fingerprint.ko
alloc_chrdev_region	0xe3ec2f2b	gps_drv_stp.ko
alloc_chrdev_region	0xe3ec2f2b	gz_ipc_mod.ko
alloc_chrdev_region	0xe3ec2f2b	icnl9916_spi.ko
alloc_chrdev_region	0xe3ec2f2b	imgsensor_isp4_t.ko
alloc_chrdev_region	0xe3ec2f2b	isee.ko
alloc_chrdev_region	0xe3ec2f2b	main2af.ko
alloc_chrdev_region	0xe3ec2f2b	main3af.ko
alloc_chrdev_region	0xe3ec2f2b	mainaf.ko
alloc_chrdev_region	0xe3ec2f2b	mcDrvModule.ko
alloc_chrdev_region	0xe3ec2f2b	mdp_drv_mt6768.ko
alloc_chrdev_region	0xe3ec2f2b	mediatek-drm.ko
alloc_chrdev_region	0xe3ec2f2b	mi_memory.ko
alloc_chrdev_region	0xe3ec2f2b	miev.ko
alloc_chrdev_region	0xe3ec2f2b	mt6358-accdet.ko
alloc_chrdev_region	0xe3ec2f2b	mt6358_battery.ko
alloc_chrdev_region	0xe3ec2f2b	mtk-smi-bwc.ko
alloc_chrdev_region	0xe3ec2f2b	mtk-vcu.ko
alloc_chrdev_region	0xe3ec2f2b	nxp_i2c.ko
alloc_chrdev_region	0xe3ec2f2b	rpmb-mtk.ko
alloc_chrdev_region	0xe3ec2f2b	sil_fingerprint.ko
alloc_chrdev_region	0xe3ec2f2b	sub2af.ko
alloc_chrdev_region	0xe3ec2f2b	subaf.ko
alloc_chrdev_region	0xe3ec2f2b	t-base-tui.ko
alloc_chrdev_region	0xe3ec2f2b	teeperf.ko
alloc_chrdev_region	0xe3ec2f2b	widevine_driver.ko
alloc_chrdev_region	0xe3ec2f2b	wlan_drv_gen4m_6768.ko
alloc_chrdev_region	0xe3ec2f2b	wmt_chrdev_wifi.ko
alloc_chrdev_region	0xe3ec2f2b	wmt_drv.ko
alloc_etherdev_mqs	0x31160c44	ccmni.ko
alloc_etherdev_mqs	0x31160c44	mtk_u_ether.ko
alloc_inst_rawbulk	0x4afb5159	c2k_usb_f_via_atc.ko
alloc_inst_rawbulk	0x4afb5159	c2k_usb_f_via_ets.ko
alloc_inst_rawbulk	0x4afb5159	c2k_usb_f_via_modem.ko
alloc_io_pgtable_ops	0x9e1ae2b2	mtk_iommu.ko
alloc_netdev_mqs	0xaa2e39f9	mac80211.ko
alloc_netdev_mqs	0xaa2e39f9	wlan_drv_gen4m_6768.ko
alloc_pages_exact	0x5fc72f0e	gz_ipc_mod.ko
alloc_pages_exact	0x5fc72f0e	gz_virtio_mod.ko
alloc_workqueue	0x49cd25ed	8250_mtk.ko
alloc_workqueue	0x49cd25ed	accel_common.ko
alloc_workqueue	0x49cd25ed	aee_hangdet.ko
alloc_workqueue	0x49cd25ed	baro_common.ko
alloc_workqueue	0x49cd25ed	blocktag.ko
alloc_workqueue	0x49cd25ed	bt_drv_connac1x.ko
alloc_workqueue	0x49cd25ed	btif_drv.ko
alloc_workqueue	0x49cd25ed	c2k_usb.ko
alloc_workqueue	0x49cd25ed	ccci_ccif.ko
alloc_workqueue	0x49cd25ed	ccci_cldma.ko
alloc_workqueue	0x49cd25ed	ccci_md_all.ko
alloc_workqueue	0x49cd25ed	ccmni.ko
alloc_workqueue	0x49cd25ed	cfg80211.ko
alloc_workqueue	0x49cd25ed	cmdq-bdg-mailbox.ko
alloc_workqueue	0x49cd25ed	cmdq-sec-drv.ko
alloc_workqueue	0x49cd25ed	drm_display_helper.ko
alloc_workqueue	0x49cd25ed	extcon-mtk-usb.ko
alloc_workqueue	0x49cd25ed	fmradio_drv_mt6631.ko
alloc_workqueue	0x49cd25ed	ft8057m_spi.ko
alloc_workqueue	0x49cd25ed	ft8057p_spi.ko
alloc_workqueue	0x49cd25ed	ged.ko
alloc_workqueue	0x49cd25ed	gyro_common.ko
alloc_workqueue	0x49cd25ed	icnl9916_spi.ko
alloc_workqueue	0x49cd25ed	isee.ko
alloc_workqueue	0x49cd25ed	load_track.ko
alloc_workqueue	0x49cd25ed	mac80211.ko
alloc_workqueue	0x49cd25ed	mag_common.ko
alloc_workqueue	0x49cd25ed	mali_kbase_mt6768_r49.ko
alloc_workqueue	0x49cd25ed	mdp_drv_mt6768.ko
alloc_workqueue	0x49cd25ed	mediatek-drm.ko
alloc_workqueue	0x49cd25ed	miev.ko
alloc_workqueue	0x49cd25ed	mt6358-accdet.ko
alloc_workqueue	0x49cd25ed	mt6370-charger.ko
alloc_workqueue	0x49cd25ed	mtk-cmdq-drv-ext.ko
alloc_workqueue	0x49cd25ed	mtk-mmdvfs-debug.ko
alloc_workqueue	0x49cd25ed	mtk-mml.ko
alloc_workqueue	0x49cd25ed	mtk-vcodec-dec-v1.ko
alloc_workqueue	0x49cd25ed	mtk-vcodec-enc-v1.ko
alloc_workqueue	0x49cd25ed	mtk_fpsgo.ko
alloc_workqueue	0x49cd25ed	mtk_u_ether.ko
alloc_workqueue	0x49cd25ed	musb_boost.ko
alloc_workqueue	0x49cd25ed	musb_hdrc.ko
alloc_workqueue	0x49cd25ed	nt36528_spi.ko
alloc_workqueue	0x49cd25ed	pmic_lbat_service.ko
alloc_workqueue	0x49cd25ed	regulator-vibrator.ko
alloc_workqueue	0x49cd25ed	scp.ko
alloc_workqueue	0x49cd25ed	sensorHub.ko
alloc_workqueue	0x49cd25ed	sil_fingerprint.ko
alloc_workqueue	0x49cd25ed	snd-soc-fs15xx.ko
alloc_workqueue	0x49cd25ed	sspm_v1.ko
alloc_workqueue	0x49cd25ed	tcpc_class.ko
alloc_workqueue	0x49cd25ed	touch_boost.ko
alloc_workqueue	0x49cd25ed	trusted_mem.ko
alloc_workqueue	0x49cd25ed	ufs-mediatek-mod.ko
alloc_workqueue	0x49cd25ed	wlan_drv_gen4m_6768.ko
als_cali_report	0x8ee33b2e	alspshub.ko
als_data_report_t	0x465d60ac	alspshub.ko
als_flush_report	0xb0f9f70c	alspshub.ko
als_register_control_path	0x4e1b3696	alspshub.ko
als_register_data_path	0xa5eb9c31	alspshub.ko
alsps_driver_add	0x74197156	alspshub.ko
alsps_factory_device_deregister	0x109facdc	alspshub.ko
alsps_factory_device_register	0xfebd1975	alspshub.ko
alsps_probe	0x636b4273	sensor_probe.ko
alsps_remove	0x2fb7b675	sensor_probe.ko
alt_cb_patch_nops	0xa65c6def	8250_mtk.ko
alt_cb_patch_nops	0xa65c6def	CPU_DVFS.ko
alt_cb_patch_nops	0xa65c6def	MTK_INTERNAL_SPM.ko
alt_cb_patch_nops	0xa65c6def	accel_common.ko
alt_cb_patch_nops	0xa65c6def	aee_aed.ko
alt_cb_patch_nops	0xa65c6def	aee_hangdet.ko
alt_cb_patch_nops	0xa65c6def	aee_rs.ko
alt_cb_patch_nops	0xa65c6def	alsps_common.ko
alt_cb_patch_nops	0xa65c6def	alspshub.ko
alt_cb_patch_nops	0xa65c6def	arm_dsu_pmu.ko
alt_cb_patch_nops	0xa65c6def	atf_logger.ko
alt_cb_patch_nops	0xa65c6def	baro_common.ko
alt_cb_patch_nops	0xa65c6def	binder_gki.ko
alt_cb_patch_nops	0xa65c6def	blocktag.ko
alt_cb_patch_nops	0xa65c6def	bootprof.ko
alt_cb_patch_nops	0xa65c6def	bt_drv_connac1x.ko
alt_cb_patch_nops	0xa65c6def	btif_drv.ko
alt_cb_patch_nops	0xa65c6def	cache-parity.ko
alt_cb_patch_nops	0xa65c6def	camera_dpe_isp40.ko
alt_cb_patch_nops	0xa65c6def	camera_eeprom_isp4_t.ko
alt_cb_patch_nops	0xa65c6def	camera_fdvt_isp40.ko
alt_cb_patch_nops	0xa65c6def	camera_isp_4_t.ko
alt_cb_patch_nops	0xa65c6def	camera_mem.ko
alt_cb_patch_nops	0xa65c6def	ccci_ccif.ko
alt_cb_patch_nops	0xa65c6def	ccci_cldma.ko
alt_cb_patch_nops	0xa65c6def	ccci_md_all.ko
alt_cb_patch_nops	0xa65c6def	ccci_util_lib.ko
alt_cb_patch_nops	0xa65c6def	ccmni.ko
alt_cb_patch_nops	0xa65c6def	ccu_isp4.ko
alt_cb_patch_nops	0xa65c6def	cfg80211.ko
alt_cb_patch_nops	0xa65c6def	clk-common.ko
alt_cb_patch_nops	0xa65c6def	cmdq-bdg-mailbox.ko
alt_cb_patch_nops	0xa65c6def	cmdq-bdg-test.ko
alt_cb_patch_nops	0xa65c6def	cmdq-sec-drv.ko
alt_cb_patch_nops	0xa65c6def	cmdq-test.ko
alt_cb_patch_nops	0xa65c6def	conn_md_drv.ko
alt_cb_patch_nops	0xa65c6def	cpufreq_sugov_ext.ko
alt_cb_patch_nops	0xa65c6def	device-apc-common-legacy.ko
alt_cb_patch_nops	0xa65c6def	drm_display_helper.ko
alt_cb_patch_nops	0xa65c6def	drm_dma_helper.ko
alt_cb_patch_nops	0xa65c6def	emiisu.ko
alt_cb_patch_nops	0xa65c6def	fhctl.ko
alt_cb_patch_nops	0xa65c6def	flashlight.ko
alt_cb_patch_nops	0xa65c6def	fmradio_drv_mt6631.ko
alt_cb_patch_nops	0xa65c6def	ft8057m_spi.ko
alt_cb_patch_nops	0xa65c6def	ft8057p_spi.ko
alt_cb_patch_nops	0xa65c6def	ged.ko
alt_cb_patch_nops	0xa65c6def	gf_fingerprint.ko
alt_cb_patch_nops	0xa65c6def	gps_drv_stp.ko
alt_cb_patch_nops	0xa65c6def	gyro_common.ko
alt_cb_patch_nops	0xa65c6def	gz_ipc_mod.ko
alt_cb_patch_nops	0xa65c6def	gz_log_mod.ko
alt_cb_patch_nops	0xa65c6def	gz_main_mod.ko
alt_cb_patch_nops	0xa65c6def	gz_trusty_mod.ko
alt_cb_patch_nops	0xa65c6def	gz_tz_system.ko
alt_cb_patch_nops	0xa65c6def	gz_virtio_mod.ko
alt_cb_patch_nops	0xa65c6def	hwmon.ko
alt_cb_patch_nops	0xa65c6def	i2c-mt65xx.ko
alt_cb_patch_nops	0xa65c6def	icnl9916_spi.ko
alt_cb_patch_nops	0xa65c6def	imgsensor_isp4_t.ko
alt_cb_patch_nops	0xa65c6def	iommu_debug.ko
alt_cb_patch_nops	0xa65c6def	iommu_gz.ko
alt_cb_patch_nops	0xa65c6def	isee.ko
alt_cb_patch_nops	0xa65c6def	lct_tp.ko
alt_cb_patch_nops	0xa65c6def	log_store.ko
alt_cb_patch_nops	0xa65c6def	mac80211.ko
alt_cb_patch_nops	0xa65c6def	mag_common.ko
alt_cb_patch_nops	0xa65c6def	main2af.ko
alt_cb_patch_nops	0xa65c6def	main3af.ko
alt_cb_patch_nops	0xa65c6def	mainaf.ko
alt_cb_patch_nops	0xa65c6def	mali_kbase_mt6768_r49.ko
alt_cb_patch_nops	0xa65c6def	mali_mgm_mt6768_r49.ko
alt_cb_patch_nops	0xa65c6def	mcDrvModule.ko
alt_cb_patch_nops	0xa65c6def	mcdi.ko
alt_cb_patch_nops	0xa65c6def	mdp_drv_mt6768.ko
alt_cb_patch_nops	0xa65c6def	mediatek-drm.ko
alt_cb_patch_nops	0xa65c6def	mediatek_eem.ko
alt_cb_patch_nops	0xa65c6def	memory-amms.ko
alt_cb_patch_nops	0xa65c6def	miev.ko
alt_cb_patch_nops	0xa65c6def	millet_binder.ko
alt_cb_patch_nops	0xa65c6def	millet_core.ko
alt_cb_patch_nops	0xa65c6def	millet_pkg.ko
alt_cb_patch_nops	0xa65c6def	millet_sig.ko
alt_cb_patch_nops	0xa65c6def	mme.ko
alt_cb_patch_nops	0xa65c6def	mmprofile.ko
alt_cb_patch_nops	0xa65c6def	mmqos-common.ko
alt_cb_patch_nops	0xa65c6def	monitor_hang.ko
alt_cb_patch_nops	0xa65c6def	mrdump.ko
alt_cb_patch_nops	0xa65c6def	mt6358-accdet.ko
alt_cb_patch_nops	0xa65c6def	mt6358_battery.ko
alt_cb_patch_nops	0xa65c6def	mt6370-charger.ko
alt_cb_patch_nops	0xa65c6def	mtk-btcvsd.ko
alt_cb_patch_nops	0xa65c6def	mtk-cmdq-drv-ext.ko
alt_cb_patch_nops	0xa65c6def	mtk-cqdma.ko
alt_cb_patch_nops	0xa65c6def	mtk-dvfsrc-helper.ko
alt_cb_patch_nops	0xa65c6def	mtk-dvfsrc-start.ko
alt_cb_patch_nops	0xa65c6def	mtk-kpd.ko
alt_cb_patch_nops	0xa65c6def	mtk-mmc-dbg.ko
alt_cb_patch_nops	0xa65c6def	mtk-mmc.ko
alt_cb_patch_nops	0xa65c6def	mtk-mml.ko
alt_cb_patch_nops	0xa65c6def	mtk-pwm.ko
alt_cb_patch_nops	0xa65c6def	mtk-smi-bwc.ko
alt_cb_patch_nops	0xa65c6def	mtk-smi-dbg.ko
alt_cb_patch_nops	0xa65c6def	mtk-smi.ko
alt_cb_patch_nops	0xa65c6def	mtk-uart-apdma.ko
alt_cb_patch_nops	0xa65c6def	mtk-vcodec-common.ko
alt_cb_patch_nops	0xa65c6def	mtk-vcodec-dec-v1.ko
alt_cb_patch_nops	0xa65c6def	mtk-vcodec-enc-v1.ko
alt_cb_patch_nops	0xa65c6def	mtk-vcu.ko
alt_cb_patch_nops	0xa65c6def	mtk_charger_framework.ko
alt_cb_patch_nops	0xa65c6def	mtk_chg_type_det.ko
alt_cb_patch_nops	0xa65c6def	mtk_cpuhp.ko
alt_cb_patch_nops	0xa65c6def	mtk_em.ko
alt_cb_patch_nops	0xa65c6def	mtk_fpsgo.ko
alt_cb_patch_nops	0xa65c6def	mtk_gpu_qos.ko
alt_cb_patch_nops	0xa65c6def	mtk_gpufreq_wrapper_legacy.ko
alt_cb_patch_nops	0xa65c6def	mtk_heap_debug.ko
alt_cb_patch_nops	0xa65c6def	mtk_ioctl_powerhal.ko
alt_cb_patch_nops	0xa65c6def	mtk_ioctl_touch_boost.ko
alt_cb_patch_nops	0xa65c6def	mtk_iommu.ko
alt_cb_patch_nops	0xa65c6def	mtk_jpeg.ko
alt_cb_patch_nops	0xa65c6def	mtk_mdpm_v1.ko
alt_cb_patch_nops	0xa65c6def	mtk_pbm.ko
alt_cb_patch_nops	0xa65c6def	mtk_peak_power_budget.ko
alt_cb_patch_nops	0xa65c6def	mtk_perf_common.ko
alt_cb_patch_nops	0xa65c6def	mtk_perf_ioctl.ko
alt_cb_patch_nops	0xa65c6def	mtk_ppm_v3.ko
alt_cb_patch_nops	0xa65c6def	mtk_printk_ctrl.ko
alt_cb_patch_nops	0xa65c6def	mtk_rpmsg_mbox.ko
alt_cb_patch_nops	0xa65c6def	mtk_sec_heap.ko
alt_cb_patch_nops	0xa65c6def	mtk_sync.ko
alt_cb_patch_nops	0xa65c6def	mtk_tinysys_ipi.ko
alt_cb_patch_nops	0xa65c6def	mtk_u_ether.ko
alt_cb_patch_nops	0xa65c6def	mtk_usb_f_rndis.ko
alt_cb_patch_nops	0xa65c6def	mtk_wdt.ko
alt_cb_patch_nops	0xa65c6def	musb_hdrc.ko
alt_cb_patch_nops	0xa65c6def	nt36528_spi.ko
alt_cb_patch_nops	0xa65c6def	nxp_i2c.ko
alt_cb_patch_nops	0xa65c6def	perf_helper.ko
alt_cb_patch_nops	0xa65c6def	perfhelper.ko
alt_cb_patch_nops	0xa65c6def	phy-mtk-tphy.ko
alt_cb_patch_nops	0xa65c6def	pidmap.ko
alt_cb_patch_nops	0xa65c6def	pinctrl-mtk-common-v2_debug.ko
alt_cb_patch_nops	0xa65c6def	powerhal_cpu_ctrl.ko
alt_cb_patch_nops	0xa65c6def	rpmb-mtk.ko
alt_cb_patch_nops	0xa65c6def	rtc-mt6397.ko
alt_cb_patch_nops	0xa65c6def	scheduler.ko
alt_cb_patch_nops	0xa65c6def	scp.ko
alt_cb_patch_nops	0xa65c6def	sec.ko
alt_cb_patch_nops	0xa65c6def	sensorHub.ko
alt_cb_patch_nops	0xa65c6def	sensor_list.ko
alt_cb_patch_nops	0xa65c6def	sil_fingerprint.ko
alt_cb_patch_nops	0xa65c6def	situationhub.ko
alt_cb_patch_nops	0xa65c6def	snd-soc-fs15xx.ko
alt_cb_patch_nops	0xa65c6def	snd-soc-mt6358.ko
alt_cb_patch_nops	0xa65c6def	snd-soc-mtk-common.ko
alt_cb_patch_nops	0xa65c6def	snd-soc-sipa-tuning.ko
alt_cb_patch_nops	0xa65c6def	sspm_v1.ko
alt_cb_patch_nops	0xa65c6def	sub2af.ko
alt_cb_patch_nops	0xa65c6def	subaf.ko
alt_cb_patch_nops	0xa65c6def	system_heap.ko
alt_cb_patch_nops	0xa65c6def	t-base-tui.ko
alt_cb_patch_nops	0xa65c6def	tcpc_class.ko
alt_cb_patch_nops	0xa65c6def	teeperf.ko
alt_cb_patch_nops	0xa65c6def	thermal_monitor.ko
alt_cb_patch_nops	0xa65c6def	touch_boost.ko
alt_cb_patch_nops	0xa65c6def	trusted_mem.ko
alt_cb_patch_nops	0xa65c6def	ufs-mediatek-dbg.ko
alt_cb_patch_nops	0xa65c6def	ufs-mediatek-mod.ko
alt_cb_patch_nops	0xa65c6def	uload_ind.ko
alt_cb_patch_nops	0xa65c6def	widevine_driver.ko
alt_cb_patch_nops	0xa65c6def	wifi_ant_check.ko
alt_cb_patch_nops	0xa65c6def	wlan_drv_gen4m_6768.ko
alt_cb_patch_nops	0xa65c6def	wmt_chrdev_wifi.ko
alt_cb_patch_nops	0xa65c6def	wmt_drv.ko
alt_cb_patch_nops	0xa65c6def	xiaomi_touch.ko
alt_cb_patch_nops	0xa65c6def	xm_smart_chg.ko
alt_cb_patch_nops	0xa65c6def	zram.ko
alt_cb_patch_nops	0xa65c6def	zsmalloc.ko
android_rvh_probe_register	0xc046d25b	cpufreq_sugov_ext.ko
android_rvh_probe_register	0xc046d25b	iommu_debug.ko
android_rvh_probe_register	0xc046d25b	scheduler.ko
anon_inode_getfd	0x7f30c886	ged.ko
anon_inode_getfd	0x7f30c886	mali_kbase_mt6768_r49.ko
anon_inode_getfile	0x0aa89945	ged.ko
ao_secure_dbg_switch_by_atf	0xcda97337	mtk_iommu.ko
arc4_crypt	0xcd47fcc4	mac80211.ko
arc4_setkey	0x2bb32ad1	mac80211.ko
arch_timer_read_counter	0x75fb9062	aee_aed.ko
arch_timer_read_counter	0x75fb9062	ccci_md_all.ko
arch_timer_read_counter	0x75fb9062	mediatek-drm.ko
arch_timer_read_counter	0x75fb9062	sspm_v1.ko
archcounter_timesync_to_boot	0x3ac59078	camera_isp_4_t.ko
arm64_use_ng_mappings	0xaf56600a	8250_mtk.ko
arm64_use_ng_mappings	0xaf56600a	CPU_DVFS.ko
arm64_use_ng_mappings	0xaf56600a	aee_aed.ko
arm64_use_ng_mappings	0xaf56600a	atf_logger.ko
arm64_use_ng_mappings	0xaf56600a	ccci_md_all.ko
arm64_use_ng_mappings	0xaf56600a	ccci_util_lib.ko
arm64_use_ng_mappings	0xaf56600a	clk-mt6768-pg.ko
arm64_use_ng_mappings	0xaf56600a	clkchk-mt6768.ko
arm64_use_ng_mappings	0xaf56600a	clkdbg-mt6768.ko
arm64_use_ng_mappings	0xaf56600a	cmdq-sec-drv.ko
arm64_use_ng_mappings	0xaf56600a	cmdq-test.ko
arm64_use_ng_mappings	0xaf56600a	cpufreq_sugov_ext.ko
arm64_use_ng_mappings	0xaf56600a	emiisu.ko
arm64_use_ng_mappings	0xaf56600a	ged.ko
arm64_use_ng_mappings	0xaf56600a	gps_drv_stp.ko
arm64_use_ng_mappings	0xaf56600a	gz_virtio_mod.ko
arm64_use_ng_mappings	0xaf56600a	i2c-mt65xx.ko
arm64_use_ng_mappings	0xaf56600a	isee.ko
arm64_use_ng_mappings	0xaf56600a	log_store.ko
arm64_use_ng_mappings	0xaf56600a	mali_kbase_mt6768_r49.ko
arm64_use_ng_mappings	0xaf56600a	mediatek-drm.ko
arm64_use_ng_mappings	0xaf56600a	met.ko
arm64_use_ng_mappings	0xaf56600a	mmqos-common.ko
arm64_use_ng_mappings	0xaf56600a	mrdump.ko
arm64_use_ng_mappings	0xaf56600a	mtk-btcvsd.ko
arm64_use_ng_mappings	0xaf56600a	mtk-cmdq-drv-ext.ko
arm64_use_ng_mappings	0xaf56600a	mtk-mmc.ko
arm64_use_ng_mappings	0xaf56600a	mtk-mmdvfs-debug.ko
arm64_use_ng_mappings	0xaf56600a	mtk-smi-dbg.ko
arm64_use_ng_mappings	0xaf56600a	mtk-smi.ko
arm64_use_ng_mappings	0xaf56600a	mtk-uart-apdma.ko
arm64_use_ng_mappings	0xaf56600a	mtk_perf_common.ko
arm64_use_ng_mappings	0xaf56600a	mtk_power_gs_v1.ko
arm64_use_ng_mappings	0xaf56600a	scheduler.ko
arm64_use_ng_mappings	0xaf56600a	scp.ko
arm64_use_ng_mappings	0xaf56600a	sspm_v1.ko
arm64_use_ng_mappings	0xaf56600a	system_heap.ko
arm64_use_ng_mappings	0xaf56600a	wlan_drv_gen4m_6768.ko
arm64_use_ng_mappings	0xaf56600a	wmt_drv.ko
async_schedule_node	0xf5f370e0	ufs-mediatek-mod.ko
atomic_notifier_call_chain	0xfba03a3f	clk-common.ko
atomic_notifier_call_chain	0xfba03a3f	gz_trusty_mod.ko
atomic_notifier_call_chain	0xfba03a3f	mtk-afe-external.ko
atomic_notifier_call_chain	0xfba03a3f	phy-generic.ko
atomic_notifier_chain_register	0x83b96232	aee_aed.ko
atomic_notifier_chain_register	0x83b96232	clk-common.ko
atomic_notifier_chain_register	0x83b96232	gz_log_mod.ko
atomic_notifier_chain_register	0x83b96232	gz_trusty_mod.ko
atomic_notifier_chain_register	0x83b96232	isee.ko
atomic_notifier_chain_register	0x83b96232	mrdump.ko
atomic_notifier_chain_register	0x83b96232	mtk-afe-external.ko
atomic_notifier_chain_register	0x83b96232	mtk-dvfsrc-start.ko
atomic_notifier_chain_unregister	0xc866487b	clk-common.ko
atomic_notifier_chain_unregister	0xc866487b	gz_log_mod.ko
atomic_notifier_chain_unregister	0xc866487b	gz_trusty_mod.ko
atomic_notifier_chain_unregister	0xc866487b	isee.ko
atomic_notifier_chain_unregister	0xc866487b	mrdump.ko
atomic_notifier_chain_unregister	0xc866487b	mtk-afe-external.ko
aud_intbus_mux_sel	0x3b7755b9	snd-soc-mt6768-afe.ko
autoremove_wake_function	0xad73041f	ccci_md_all.ko
available_idle_cpu	0x2088e082	cpufreq_sugov_ext.ko
available_idle_cpu	0x2088e082	scheduler.ko
balance_push_callback	0x26a9e025	scheduler.ko
baro_data_report	0x03e635c1	barohub.ko
baro_driver_add	0x650823e3	barohub.ko
baro_factory_device_deregister	0x38e7e761	barohub.ko
baro_factory_device_register	0xfd558eb6	barohub.ko
baro_flush_report	0x276a46f4	barohub.ko
baro_probe	0xdb13a96e	sensor_probe.ko
baro_register_control_path	0xe50e1981	barohub.ko
baro_register_data_path	0x62355ac8	barohub.ko
baro_remove	0x4c09a247	sensor_probe.ko
bat_oc_set_ppb_mode	0xc75c6ea7	mtk_peak_power_budget.ko
bcmp	0x263c3152	ccmni.ko
bcmp	0x263c3152	cfg80211.ko
bcmp	0x263c3152	icnl9916_spi.ko
bcmp	0x263c3152	mac80211.ko
bcmp	0x263c3152	mt6370-charger.ko
bcmp	0x263c3152	mtk-mml.ko
bcmp	0x263c3152	mtk_ppm_v3.ko
bcmp	0x263c3152	wlan_drv_gen4m_6768.ko
bio_alloc_bioset	0xcfecab4e	zram.ko
bio_chain	0x9c966b47	zram.ko
bio_end_io_acct_remapped	0xad35a602	zram.ko
bio_endio	0xbae75c7e	zram.ko
bio_init	0x278231db	zram.ko
bio_start_io_acct	0x8f915313	zram.ko
bitmap_free	0xca21ebd3	mac80211.ko
bitmap_from_arr32	0xf8d07858	arm_dsu_pmu.ko
bitmap_parse	0xb97220ff	ufs-mediatek-mod.ko
bitmap_print_to_pagebuf	0xf474c21c	arm_dsu_pmu.ko
bitmap_zalloc	0x2688ec10	mac80211.ko
blk_mq_unique_tag	0x16a62d13	ufs-mediatek-mod.ko
blk_queue_flag_set	0x05b74048	mtk-mmc.ko
blk_queue_flag_set	0x05b74048	ufs-mediatek-mod.ko
blk_queue_flag_set	0x05b74048	zram.ko
blk_queue_io_min	0x82eb2cc7	zram.ko
blk_queue_io_opt	0x05117037	zram.ko
blk_queue_logical_block_size	0x34d99d89	zram.ko
blk_queue_max_discard_sectors	0xcd1e8fa6	zram.ko
blk_queue_max_write_zeroes_sectors	0x5f30d71a	zram.ko
blk_queue_physical_block_size	0x05a72f44	zram.ko
blk_queue_write_cache	0x6adae5d5	mtk-mmc.ko
blkdev_get_by_dev	0x7091a8fe	mtk-mmc-wp.ko
blkdev_get_by_dev	0x7091a8fe	zram.ko
blkdev_put	0x31ece098	mtk-mmc-wp.ko
blkdev_put	0x31ece098	zram.ko
blocking_notifier_call_chain	0x482d47c8	connadp.ko
blocking_notifier_call_chain	0x482d47c8	dbg_error_flag.ko
blocking_notifier_call_chain	0x482d47c8	gz_trusty_mod.ko
blocking_notifier_call_chain	0x482d47c8	leds-mtk.ko
blocking_notifier_call_chain	0x482d47c8	mcDrvModule.ko
blocking_notifier_call_chain	0x482d47c8	mdp_drv_mt6768.ko
blocking_notifier_call_chain	0x482d47c8	mediatek-drm.ko
blocking_notifier_call_chain	0x482d47c8	mmqos-common.ko
blocking_notifier_call_chain	0x482d47c8	mtk-dvfsrc.ko
blocking_notifier_call_chain	0x482d47c8	mtk-mmdvfs.ko
blocking_notifier_call_chain	0x482d47c8	mtk-scpsys.ko
blocking_notifier_call_chain	0x482d47c8	mtk_disp_notify.ko
blocking_notifier_call_chain	0x482d47c8	mtk_qos_legacy.ko
blocking_notifier_call_chain	0x482d47c8	pmic_lvsys_notify.ko
blocking_notifier_call_chain	0x482d47c8	scp.ko
blocking_notifier_chain_register	0xd9051672	connadp.ko
blocking_notifier_chain_register	0xd9051672	dbg_error_flag.ko
blocking_notifier_chain_register	0xd9051672	gz_trusty_mod.ko
blocking_notifier_chain_register	0xd9051672	leds-mtk.ko
blocking_notifier_chain_register	0xd9051672	mcDrvModule.ko
blocking_notifier_chain_register	0xd9051672	mdp_drv_mt6768.ko
blocking_notifier_chain_register	0xd9051672	mediatek-drm.ko
blocking_notifier_chain_register	0xd9051672	mmqos-common.ko
blocking_notifier_chain_register	0xd9051672	mtk-dvfsrc.ko
blocking_notifier_chain_register	0xd9051672	mtk-mmdvfs.ko
blocking_notifier_chain_register	0xd9051672	mtk-scpsys.ko
blocking_notifier_chain_register	0xd9051672	mtk_disp_notify.ko
blocking_notifier_chain_register	0xd9051672	mtk_qos_legacy.ko
blocking_notifier_chain_register	0xd9051672	pmic_lvsys_notify.ko
blocking_notifier_chain_register	0xd9051672	scp.ko
blocking_notifier_chain_unregister	0x3e54ac69	connadp.ko
blocking_notifier_chain_unregister	0x3e54ac69	gz_trusty_mod.ko
blocking_notifier_chain_unregister	0x3e54ac69	leds-mtk.ko
blocking_notifier_chain_unregister	0x3e54ac69	mcDrvModule.ko
blocking_notifier_chain_unregister	0x3e54ac69	mdp_drv_mt6768.ko
blocking_notifier_chain_unregister	0x3e54ac69	mediatek-drm.ko
blocking_notifier_chain_unregister	0x3e54ac69	mmqos-common.ko
blocking_notifier_chain_unregister	0x3e54ac69	mtk-dvfsrc.ko
blocking_notifier_chain_unregister	0x3e54ac69	mtk-mmdvfs.ko
blocking_notifier_chain_unregister	0x3e54ac69	mtk-scpsys.ko
blocking_notifier_chain_unregister	0x3e54ac69	mtk_disp_notify.ko
blocking_notifier_chain_unregister	0x3e54ac69	mtk_qos_legacy.ko
blocking_notifier_chain_unregister	0x3e54ac69	pmic_lvsys_notify.ko
blocking_notifier_chain_unregister	0x3e54ac69	scp.ko
bootprof_log_boot	0xafc9bb32	isee.ko
bootprof_log_boot	0xafc9bb32	usb_meta.ko
bpf_trace_run1	0x10919295	MTK_INTERNAL_SPM.ko
bpf_trace_run1	0x10919295	aee_aed.ko
bpf_trace_run1	0x10919295	binder_prio.ko
bpf_trace_run1	0x10919295	cfg80211.ko
bpf_trace_run1	0x10919295	ged.ko
bpf_trace_run1	0x10919295	mac80211.ko
bpf_trace_run1	0x10919295	mali_kbase_mt6768_r49.ko
bpf_trace_run1	0x10919295	mediatek-drm.ko
bpf_trace_run1	0x10919295	mmqos-common.ko
bpf_trace_run1	0x10919295	mtk_cpu_power_throttling.ko
bpf_trace_run1	0x10919295	mtk_fpsgo.ko
bpf_trace_run1	0x10919295	mtk_low_battery_throttling.ko
bpf_trace_run1	0x10919295	mtk_peak_power_budget.ko
bpf_trace_run1	0x10919295	musb_hdrc.ko
bpf_trace_run1	0x10919295	powerhal_cpu_ctrl.ko
bpf_trace_run1	0x10919295	scheduler.ko
bpf_trace_run1	0x10919295	system_heap.ko
bpf_trace_run1	0x10919295	timer-mediatek.ko
bpf_trace_run1	0x10919295	touch_boost.ko
bpf_trace_run10	0x23807c0c	cpufreq_sugov_ext.ko
bpf_trace_run10	0x23807c0c	scheduler.ko
bpf_trace_run10	0x23807c0c	thermal_monitor.ko
bpf_trace_run11	0xb7e6dca9	cfg80211.ko
bpf_trace_run11	0xb7e6dca9	cpufreq_sugov_ext.ko
bpf_trace_run11	0xb7e6dca9	scheduler.ko
bpf_trace_run12	0xcb4b4de0	cpufreq_sugov_ext.ko
bpf_trace_run12	0xcb4b4de0	scheduler.ko
bpf_trace_run2	0x796741f7	MTK_INTERNAL_SPM.ko
bpf_trace_run2	0x796741f7	blocktag.ko
bpf_trace_run2	0x796741f7	cfg80211.ko
bpf_trace_run2	0x796741f7	cpufreq_sugov_ext.ko
bpf_trace_run2	0x796741f7	ged.ko
bpf_trace_run2	0x796741f7	mac80211.ko
bpf_trace_run2	0x796741f7	mali_kbase_mt6768_r49.ko
bpf_trace_run2	0x796741f7	mmqos-common.ko
bpf_trace_run2	0x796741f7	mtk-icc-core.ko
bpf_trace_run2	0x796741f7	mtk-mbox.ko
bpf_trace_run2	0x796741f7	mtk-mmdvfs-ftrace.ko
bpf_trace_run2	0x796741f7	mtk_cm_mgr_mt6768.ko
bpf_trace_run2	0x796741f7	mtk_cpu_power_throttling.ko
bpf_trace_run2	0x796741f7	mtk_low_battery_throttling.ko
bpf_trace_run2	0x796741f7	mtk_perf_common.ko
bpf_trace_run2	0x796741f7	musb_hdrc.ko
bpf_trace_run2	0x796741f7	scheduler.ko
bpf_trace_run2	0x796741f7	ufs-mediatek-mod.ko
bpf_trace_run2	0x796741f7	uload_ind.ko
bpf_trace_run3	0x5126ee93	MTK_INTERNAL_SPM.ko
bpf_trace_run3	0x5126ee93	blocktag.ko
bpf_trace_run3	0x5126ee93	cfg80211.ko
bpf_trace_run3	0x5126ee93	cpufreq_sugov_ext.ko
bpf_trace_run3	0x5126ee93	ged.ko
bpf_trace_run3	0x5126ee93	mac80211.ko
bpf_trace_run3	0x5126ee93	mali_kbase_mt6768_r49.ko
bpf_trace_run3	0x5126ee93	mmqos-common.ko
bpf_trace_run3	0x5126ee93	mtk-dvfsrc.ko
bpf_trace_run3	0x5126ee93	mtk-mbox.ko
bpf_trace_run3	0x5126ee93	mtk_perf_common.ko
bpf_trace_run3	0x5126ee93	scheduler.ko
bpf_trace_run3	0x5126ee93	trace_mmstat.ko
bpf_trace_run3	0x5126ee93	ufs-mediatek-mod.ko
bpf_trace_run4	0x2741938c	bt_drv_connac1x.ko
bpf_trace_run4	0x2741938c	cfg80211.ko
bpf_trace_run4	0x2741938c	cpufreq_sugov_ext.ko
bpf_trace_run4	0x2741938c	ged.ko
bpf_trace_run4	0x2741938c	mac80211.ko
bpf_trace_run4	0x2741938c	mali_kbase_mt6768_r49.ko
bpf_trace_run4	0x2741938c	mtk_perf_common.ko
bpf_trace_run4	0x2741938c	mtk_ppm_v3.ko
bpf_trace_run4	0x2741938c	musb_hdrc.ko
bpf_trace_run4	0x2741938c	scheduler.ko
bpf_trace_run5	0x0d7d55b6	blocktag.ko
bpf_trace_run5	0x0d7d55b6	cfg80211.ko
bpf_trace_run5	0x0d7d55b6	cpufreq_sugov_ext.ko
bpf_trace_run5	0x0d7d55b6	ged.ko
bpf_trace_run5	0x0d7d55b6	mac80211.ko
bpf_trace_run5	0x0d7d55b6	mali_kbase_mt6768_r49.ko
bpf_trace_run5	0x0d7d55b6	mmqos-common.ko
bpf_trace_run5	0x0d7d55b6	mtk-icc-core.ko
bpf_trace_run5	0x0d7d55b6	mtk_perf_common.ko
bpf_trace_run5	0x0d7d55b6	scheduler.ko
bpf_trace_run6	0xea6ba00b	cfg80211.ko
bpf_trace_run6	0xea6ba00b	cpufreq_sugov_ext.ko
bpf_trace_run6	0xea6ba00b	ged.ko
bpf_trace_run6	0xea6ba00b	mac80211.ko
bpf_trace_run6	0xea6ba00b	scheduler.ko
bpf_trace_run7	0xa047cd65	cfg80211.ko
bpf_trace_run7	0xa047cd65	cpufreq_sugov_ext.ko
bpf_trace_run7	0xa047cd65	ged.ko
bpf_trace_run7	0xa047cd65	mmqos-common.ko
bpf_trace_run7	0xa047cd65	scheduler.ko
bpf_trace_run8	0x17995035	cfg80211.ko
bpf_trace_run8	0x17995035	cpufreq_sugov_ext.ko
bpf_trace_run8	0x17995035	ged.ko
bpf_trace_run8	0x17995035	mtk_perf_common.ko
bpf_trace_run8	0x17995035	scheduler.ko
bpf_trace_run9	0xdb6f6170	cpufreq_sugov_ext.ko
bpf_trace_run9	0xdb6f6170	scheduler.ko
bpf_trace_run9	0xdb6f6170	thermal_monitor.ko
bridge_tunnel_header	0x1879fcbd	mac80211.ko
build_skb	0xfd0e4450	wlan_drv_gen4m_6768.ko
bus_get_dev_root	0x9327516a	mtk_perf_common.ko
bus_get_dev_root	0x9327516a	scheduler.ko
cache_line_size	0x605d5bfa	mali_kbase_mt6768_r49.ko
cache_line_size	0x605d5bfa	met.ko
calc_eff_hook	0xc054ce22	mtk_em.ko
call_rcu	0x28aa6a67	mac80211.ko
call_rcu	0x28aa6a67	zram.ko
cancel_delayed_work	0xda571594	bt_drv_connac1x.ko
cancel_delayed_work	0xda571594	c2k_usb.ko
cancel_delayed_work	0xda571594	ccmni.ko
cancel_delayed_work	0xda571594	cfg80211.ko
cancel_delayed_work	0xda571594	icnl9916_spi.ko
cancel_delayed_work	0xda571594	mac80211.ko
cancel_delayed_work	0xda571594	mdp_drv_mt6768.ko
cancel_delayed_work	0xda571594	mtk-mmc.ko
cancel_delayed_work	0xda571594	mtk-vcodec-dec-v1.ko
cancel_delayed_work	0xda571594	mtk_jpeg.ko
cancel_delayed_work	0xda571594	mtk_pbm.ko
cancel_delayed_work	0xda571594	sgm41543_charger.ko
cancel_delayed_work	0xda571594	tcpc_class.ko
cancel_delayed_work	0xda571594	thermal_monitor.ko
cancel_delayed_work	0xda571594	upm6920_charger.ko
cancel_delayed_work_sync	0xf8beca97	cfg80211.ko
cancel_delayed_work_sync	0xf8beca97	ft8057m_spi.ko
cancel_delayed_work_sync	0xf8beca97	ft8057p_spi.ko
cancel_delayed_work_sync	0xf8beca97	icnl9916_spi.ko
cancel_delayed_work_sync	0xf8beca97	mac80211.ko
cancel_delayed_work_sync	0xf8beca97	mali_kbase_mt6768_r49.ko
cancel_delayed_work_sync	0xf8beca97	mediatek-drm.ko
cancel_delayed_work_sync	0xf8beca97	met.ko
cancel_delayed_work_sync	0xf8beca97	mmqos-common.ko
cancel_delayed_work_sync	0xf8beca97	mt6370-charger.ko
cancel_delayed_work_sync	0xf8beca97	mtk_pbm.ko
cancel_delayed_work_sync	0xf8beca97	nt36528_spi.ko
cancel_delayed_work_sync	0xf8beca97	sgm41543_charger.ko
cancel_delayed_work_sync	0xf8beca97	snd-soc-fs15xx.ko
cancel_delayed_work_sync	0xf8beca97	tcpc_class.ko
cancel_delayed_work_sync	0xf8beca97	trace_mmstat.ko
cancel_delayed_work_sync	0xf8beca97	trusted_mem.ko
cancel_delayed_work_sync	0xf8beca97	wifi_ant_check.ko
cancel_delayed_work_sync	0xf8beca97	wlan_drv_gen4m_6768.ko
cancel_work	0x4032a312	mali_kbase_mt6768_r49.ko
cancel_work_sync	0xd969d6f4	alsps_common.ko
cancel_work_sync	0xd969d6f4	btif_drv.ko
cancel_work_sync	0xd969d6f4	cfg80211.ko
cancel_work_sync	0xd969d6f4	ft8057m_spi.ko
cancel_work_sync	0xd969d6f4	ft8057p_spi.ko
cancel_work_sync	0xd969d6f4	mac80211.ko
cancel_work_sync	0xd969d6f4	mali_kbase_mt6768_r49.ko
cancel_work_sync	0xd969d6f4	mediatek-drm.ko
cancel_work_sync	0xd969d6f4	musb_hdrc.ko
cancel_work_sync	0xd969d6f4	nt36528_spi.ko
cancel_work_sync	0xd969d6f4	regulator-vibrator.ko
cancel_work_sync	0xd969d6f4	step_counter.ko
cancel_work_sync	0xd969d6f4	usb_meta.ko
cancel_work_sync	0xd969d6f4	wlan_drv_gen4m_6768.ko
capable	0xc6cbbc89	mali_kbase_mt6768_r49.ko
capable	0xc6cbbc89	millet_oem_cgroup.ko
ccci_alloc_skb	0x945dd823	ccci_ccif.ko
ccci_alloc_skb	0x945dd823	ccci_cldma.ko
ccci_alloc_skb	0x945dd823	ccci_fsm_scp.ko
ccci_c2k_buffer_push	0x3c3ef6ed	c2k_usb.ko
ccci_c2k_rawbulk_intercept	0x9ba9b917	c2k_usb.ko
ccci_c2k_set_usb_callback	0x1761953f	c2k_usb.ko
ccci_dump_skb_pool_usage	0x9d81d651	ccci_cldma.ko
ccci_dump_write	0xba637490	ccci_auxadc.ko
ccci_dump_write	0xba637490	ccci_ccif.ko
ccci_dump_write	0xba637490	ccci_cldma.ko
ccci_dump_write	0xba637490	ccci_fsm_scp.ko
ccci_dump_write	0xba637490	ccci_md_all.ko
ccci_event_log	0xe8837d03	ccci_md_all.ko
ccci_free_skb	0x7c6aed58	ccci_ccif.ko
ccci_free_skb	0x7c6aed58	ccci_cldma.ko
ccci_free_skb	0x7c6aed58	ccci_fsm_scp.ko
ccci_fsm_get_md_state	0x3b31bb5b	ccci_ccif.ko
ccci_fsm_get_md_state	0x3b31bb5b	ccci_cldma.ko
ccci_fsm_get_md_state	0x3b31bb5b	ccci_fsm_scp.ko
ccci_fsm_get_md_state_for_user	0xbf79e3c4	ccci_fsm_scp.ko
ccci_get_adc_mV	0xa7eee324	ccci_md_all.ko
ccci_get_adc_num	0x37dd5de9	ccci_md_all.ko
ccci_get_adc_val	0x1749211d	ccci_md_all.ko
ccci_get_md_check_hdr_inf	0x7d606fd7	ccci_md_all.ko
ccci_get_md_info_str	0x4b922029	ccci_md_all.ko
ccci_get_per_md_data	0xa0e7e691	ccci_ccif.ko
ccci_get_per_md_data	0xa0e7e691	ccci_cldma.ko
ccci_get_per_md_data	0xa0e7e691	ccci_fsm_scp.ko
ccci_hif_register	0x3f625f3c	ccci_ccif.ko
ccci_hif_register	0x3f625f3c	ccci_cldma.ko
ccci_map_phy_addr	0xa122b79a	ccci_md_all.ko
ccci_md_add_log_history	0xe1117e71	ccci_ccif.ko
ccci_md_add_log_history	0xe1117e71	ccci_cldma.ko
ccci_md_dump_log_history	0xc50a8c37	ccci_ccif.ko
ccci_md_dump_log_history	0xc50a8c37	ccci_cldma.ko
ccci_md_force_assert	0x809ca784	ccci_ccif.ko
ccci_md_get_smem_by_user_id	0x3212d1fe	ccci_ccif.ko
ccci_md_get_smem_by_user_id	0x3212d1fe	ccci_cldma.ko
ccci_md_get_smem_by_user_id	0x3212d1fe	ccci_fsm_scp.ko
ccci_port_dump_status	0x8bdc5822	ccci_ccif.ko
ccci_port_dump_status	0x8bdc5822	ccci_cldma.ko
ccci_port_get_dev_name	0xaa217d98	ccci_ccif.ko
ccci_port_queue_status_notify	0x98264bb3	ccci_ccif.ko
ccci_port_recv_skb	0x4ea3341b	ccci_ccif.ko
ccci_port_send_msg_to_md	0xa398699b	ccci_fsm_scp.ko
ccci_register_md_state_receiver	0xac93498d	ccci_fsm_scp.ko
ccci_set_spm_md_sleep_cb	0xa6fd251e	MTK_INTERNAL_SPM.ko
ccci_set_spm_mdsrc_cb	0xcf5e6b70	MTK_INTERNAL_SPM.ko
ccci_skb_dequeue	0x7a6fd01c	ccci_cldma.ko
ccci_skb_dequeue	0x7a6fd01c	ccci_fsm_scp.ko
ccci_skb_enqueue	0xa6cdea97	ccci_cldma.ko
ccci_skb_enqueue	0xa6cdea97	ccci_fsm_scp.ko
ccci_skb_queue_init	0x84647f5e	ccci_cldma.ko
ccci_skb_queue_init	0x84647f5e	ccci_fsm_scp.ko
ccci_sysfs_add_modem	0xbe8f1358	ccci_md_all.ko
ccci_util_cmpt_mem_dump	0x8b76fae3	ccci_md_all.ko
ccci_util_mem_dump	0x1966c223	ccci_ccif.ko
ccci_util_mem_dump	0x1966c223	ccci_cldma.ko
ccci_util_mem_dump	0x1966c223	ccci_md_all.ko
ccmni_ops	0xec6117f6	ccci_cldma.ko
ccmni_ops	0xec6117f6	ccci_md_all.ko
ccu_get_timestamp	0x030bec6e	camera_isp_4_t.ko
cdev_add	0xe0da49dc	bt_drv_connac1x.ko
cdev_add	0xe0da49dc	camera_dpe_isp40.ko
cdev_add	0xe0da49dc	camera_eeprom_isp4_t.ko
cdev_add	0xe0da49dc	camera_fdvt_isp40.ko
cdev_add	0xe0da49dc	camera_isp_4_t.ko
cdev_add	0xe0da49dc	camera_mem.ko
cdev_add	0xe0da49dc	ccci_md_all.ko
cdev_add	0xe0da49dc	ccci_util_lib.ko
cdev_add	0xe0da49dc	ccu_isp4.ko
cdev_add	0xe0da49dc	connadp.ko
cdev_add	0xe0da49dc	flashlight.ko
cdev_add	0xe0da49dc	fmradio_drv_mt6631.ko
cdev_add	0xe0da49dc	gf_fingerprint.ko
cdev_add	0xe0da49dc	gps_drv_stp.ko
cdev_add	0xe0da49dc	gz_ipc_mod.ko
cdev_add	0xe0da49dc	imgsensor_isp4_t.ko
cdev_add	0xe0da49dc	isee.ko
cdev_add	0xe0da49dc	main2af.ko
cdev_add	0xe0da49dc	main3af.ko
cdev_add	0xe0da49dc	mainaf.ko
cdev_add	0xe0da49dc	mcDrvModule.ko
cdev_add	0xe0da49dc	mdp_drv_mt6768.ko
cdev_add	0xe0da49dc	mediatek-drm.ko
cdev_add	0xe0da49dc	mi_memory.ko
cdev_add	0xe0da49dc	miev.ko
cdev_add	0xe0da49dc	mt6358_battery.ko
cdev_add	0xe0da49dc	mtk-smi-bwc.ko
cdev_add	0xe0da49dc	mtk-vcu.ko
cdev_add	0xe0da49dc	nxp_i2c.ko
cdev_add	0xe0da49dc	rpmb-mtk.ko
cdev_add	0xe0da49dc	sec.ko
cdev_add	0xe0da49dc	sil_fingerprint.ko
cdev_add	0xe0da49dc	sub2af.ko
cdev_add	0xe0da49dc	subaf.ko
cdev_add	0xe0da49dc	t-base-tui.ko
cdev_add	0xe0da49dc	teeperf.ko
cdev_add	0xe0da49dc	widevine_driver.ko
cdev_add	0xe0da49dc	wlan_drv_gen4m_6768.ko
cdev_add	0xe0da49dc	wmt_chrdev_wifi.ko
cdev_add	0xe0da49dc	wmt_drv.ko
cdev_alloc	0x6698ef4e	camera_dpe_isp40.ko
cdev_alloc	0x6698ef4e	camera_eeprom_isp4_t.ko
cdev_alloc	0x6698ef4e	camera_fdvt_isp40.ko
cdev_alloc	0x6698ef4e	camera_isp_4_t.ko
cdev_alloc	0x6698ef4e	camera_mem.ko
cdev_alloc	0x6698ef4e	ccu_isp4.ko
cdev_alloc	0x6698ef4e	flashlight.ko
cdev_alloc	0x6698ef4e	imgsensor_isp4_t.ko
cdev_alloc	0x6698ef4e	main2af.ko
cdev_alloc	0x6698ef4e	main3af.ko
cdev_alloc	0x6698ef4e	mainaf.ko
cdev_alloc	0x6698ef4e	mdp_drv_mt6768.ko
cdev_alloc	0x6698ef4e	mediatek-drm.ko
cdev_alloc	0x6698ef4e	mt6358_battery.ko
cdev_alloc	0x6698ef4e	mtk-smi-bwc.ko
cdev_alloc	0x6698ef4e	mtk-vcu.ko
cdev_alloc	0x6698ef4e	sub2af.ko
cdev_alloc	0x6698ef4e	subaf.ko
cdev_alloc	0x6698ef4e	widevine_driver.ko
cdev_del	0x58491dc1	bt_drv_connac1x.ko
cdev_del	0x58491dc1	camera_dpe_isp40.ko
cdev_del	0x58491dc1	camera_eeprom_isp4_t.ko
cdev_del	0x58491dc1	camera_fdvt_isp40.ko
cdev_del	0x58491dc1	camera_isp_4_t.ko
cdev_del	0x58491dc1	camera_mem.ko
cdev_del	0x58491dc1	ccci_md_all.ko
cdev_del	0x58491dc1	ccci_util_lib.ko
cdev_del	0x58491dc1	ccu_isp4.ko
cdev_del	0x58491dc1	connadp.ko
cdev_del	0x58491dc1	flashlight.ko
cdev_del	0x58491dc1	fmradio_drv_mt6631.ko
cdev_del	0x58491dc1	gf_fingerprint.ko
cdev_del	0x58491dc1	gps_drv_stp.ko
cdev_del	0x58491dc1	gz_ipc_mod.ko
cdev_del	0x58491dc1	imgsensor_isp4_t.ko
cdev_del	0x58491dc1	isee.ko
cdev_del	0x58491dc1	main2af.ko
cdev_del	0x58491dc1	main3af.ko
cdev_del	0x58491dc1	mainaf.ko
cdev_del	0x58491dc1	mcDrvModule.ko
cdev_del	0x58491dc1	mdp_drv_mt6768.ko
cdev_del	0x58491dc1	mediatek-drm.ko
cdev_del	0x58491dc1	mi_memory.ko
cdev_del	0x58491dc1	miev.ko
cdev_del	0x58491dc1	mt6358_battery.ko
cdev_del	0x58491dc1	mtk-vcu.ko
cdev_del	0x58491dc1	nxp_i2c.ko
cdev_del	0x58491dc1	rpmb-mtk.ko
cdev_del	0x58491dc1	sec.ko
cdev_del	0x58491dc1	sil_fingerprint.ko
cdev_del	0x58491dc1	sub2af.ko
cdev_del	0x58491dc1	subaf.ko
cdev_del	0x58491dc1	t-base-tui.ko
cdev_del	0x58491dc1	teeperf.ko
cdev_del	0x58491dc1	widevine_driver.ko
cdev_del	0x58491dc1	wlan_drv_gen4m_6768.ko
cdev_del	0x58491dc1	wmt_chrdev_wifi.ko
cdev_del	0x58491dc1	wmt_drv.ko
cdev_init	0x9089cd36	bt_drv_connac1x.ko
cdev_init	0x9089cd36	camera_dpe_isp40.ko
cdev_init	0x9089cd36	camera_eeprom_isp4_t.ko
cdev_init	0x9089cd36	camera_fdvt_isp40.ko
cdev_init	0x9089cd36	camera_isp_4_t.ko
cdev_init	0x9089cd36	camera_mem.ko
cdev_init	0x9089cd36	ccci_md_all.ko
cdev_init	0x9089cd36	ccci_util_lib.ko
cdev_init	0x9089cd36	ccu_isp4.ko
cdev_init	0x9089cd36	connadp.ko
cdev_init	0x9089cd36	fmradio_drv_mt6631.ko
cdev_init	0x9089cd36	gf_fingerprint.ko
cdev_init	0x9089cd36	gps_drv_stp.ko
cdev_init	0x9089cd36	gz_ipc_mod.ko
cdev_init	0x9089cd36	imgsensor_isp4_t.ko
cdev_init	0x9089cd36	isee.ko
cdev_init	0x9089cd36	main2af.ko
cdev_init	0x9089cd36	main3af.ko
cdev_init	0x9089cd36	mainaf.ko
cdev_init	0x9089cd36	mcDrvModule.ko
cdev_init	0x9089cd36	mi_memory.ko
cdev_init	0x9089cd36	miev.ko
cdev_init	0x9089cd36	mtk-smi-bwc.ko
cdev_init	0x9089cd36	nxp_i2c.ko
cdev_init	0x9089cd36	rpmb-mtk.ko
cdev_init	0x9089cd36	sec.ko
cdev_init	0x9089cd36	sil_fingerprint.ko
cdev_init	0x9089cd36	sub2af.ko
cdev_init	0x9089cd36	subaf.ko
cdev_init	0x9089cd36	t-base-tui.ko
cdev_init	0x9089cd36	teeperf.ko
cdev_init	0x9089cd36	widevine_driver.ko
cdev_init	0x9089cd36	wlan_drv_gen4m_6768.ko
cdev_init	0x9089cd36	wmt_chrdev_wifi.ko
cdev_init	0x9089cd36	wmt_drv.ko
cdev_tevent_add_int	0x4adf70c8	mediatek-drm.ko
cdev_tevent_add_int	0x4adf70c8	mt6768-mt6358.ko
cdev_tevent_add_int	0x4adf70c8	xiaomi_touch.ko
cdev_tevent_add_int	0x4adf70c8	xm_smart_chg.ko
cdev_tevent_add_str	0x65d7dc25	mediatek-drm.ko
cdev_tevent_add_str	0x65d7dc25	mt6768-mt6358.ko
cdev_tevent_add_str	0x65d7dc25	xiaomi_touch.ko
cdev_tevent_add_str	0x65d7dc25	xm_smart_chg.ko
cdev_tevent_alloc	0x04071551	mediatek-drm.ko
cdev_tevent_alloc	0x04071551	mt6768-mt6358.ko
cdev_tevent_alloc	0x04071551	xiaomi_touch.ko
cdev_tevent_alloc	0x04071551	xm_smart_chg.ko
cdev_tevent_destroy	0x2efdafc8	mediatek-drm.ko
cdev_tevent_destroy	0x2efdafc8	mt6768-mt6358.ko
cdev_tevent_destroy	0x2efdafc8	xiaomi_touch.ko
cdev_tevent_destroy	0x2efdafc8	xm_smart_chg.ko
cdev_tevent_write	0x74b3b77c	mediatek-drm.ko
cdev_tevent_write	0x74b3b77c	mt6768-mt6358.ko
cdev_tevent_write	0x74b3b77c	xiaomi_touch.ko
cdev_tevent_write	0x74b3b77c	xm_smart_chg.ko
cfg80211_any_usable_channels	0xfec39976	mac80211.ko
cfg80211_assoc_comeback	0xc611ce13	mac80211.ko
cfg80211_assoc_failure	0xef017526	mac80211.ko
cfg80211_auth_timeout	0x6d4a58c9	mac80211.ko
cfg80211_bss_color_notify	0xb3ce29bc	mac80211.ko
cfg80211_cac_event	0xb499be12	mac80211.ko
cfg80211_calculate_bitrate	0x3c744e95	mac80211.ko
cfg80211_ch_switch_notify	0x8fd0ec9e	mac80211.ko
cfg80211_ch_switch_notify	0x8fd0ec9e	wlan_drv_gen4m_6768.ko
cfg80211_ch_switch_started_notify	0x4823f8f5	mac80211.ko
cfg80211_ch_switch_started_notify	0x4823f8f5	wlan_drv_gen4m_6768.ko
cfg80211_chandef_compatible	0xa6147877	mac80211.ko
cfg80211_chandef_create	0x46ae4ebf	mac80211.ko
cfg80211_chandef_create	0x46ae4ebf	wlan_drv_gen4m_6768.ko
cfg80211_chandef_dfs_required	0xc22a44db	mac80211.ko
cfg80211_chandef_usable	0xa2c94a25	mac80211.ko
cfg80211_chandef_valid	0x731c2423	mac80211.ko
cfg80211_check_combinations	0x78472b7d	mac80211.ko
cfg80211_check_station_change	0xd8d79e51	mac80211.ko
cfg80211_classify8021d	0x4f0f1157	mac80211.ko
cfg80211_classify8021d	0x4f0f1157	wlan_drv_gen4m_6768.ko
cfg80211_connect_done	0xf34f1643	wlan_drv_gen4m_6768.ko
cfg80211_control_port_tx_status	0x1b6ddc9b	mac80211.ko
cfg80211_cqm_beacon_loss_notify	0x8aaf6e0e	mac80211.ko
cfg80211_cqm_pktloss_notify	0x4c75eed4	mac80211.ko
cfg80211_cqm_rssi_notify	0xad39a4b1	mac80211.ko
cfg80211_defragment_element	0xd6c87a05	mac80211.ko
cfg80211_del_sta_sinfo	0x9ee3e881	mac80211.ko
cfg80211_del_sta_sinfo	0x9ee3e881	wlan_drv_gen4m_6768.ko
cfg80211_disconnected	0x2a918de3	wlan_drv_gen4m_6768.ko
cfg80211_external_auth_request	0x3a7bdcb9	wlan_drv_gen4m_6768.ko
cfg80211_find_elem_match	0x9d6cba30	mac80211.ko
cfg80211_find_elem_match	0x9d6cba30	wlan_drv_gen4m_6768.ko
cfg80211_free_nan_func	0xeadfe024	mac80211.ko
cfg80211_ft_event	0x42fc8a8e	wlan_drv_gen4m_6768.ko
cfg80211_get_drvinfo	0xc01c6ff9	mac80211.ko
cfg80211_get_iftype_ext_capa	0xb34bb24f	mac80211.ko
cfg80211_get_p2p_attr	0xf5596d89	mac80211.ko
cfg80211_gtk_rekey_notify	0x443552cc	mac80211.ko
cfg80211_ibss_joined	0x301995e5	mac80211.ko
cfg80211_iftype_allowed	0xddb836c9	mac80211.ko
cfg80211_inform_bss_data	0x608c68e7	wlan_drv_gen4m_6768.ko
cfg80211_inform_bss_frame_data	0x1ab0b265	mac80211.ko
cfg80211_inform_bss_frame_data	0x1ab0b265	wlan_drv_gen4m_6768.ko
cfg80211_is_element_inherited	0xcc1a7c48	mac80211.ko
cfg80211_iter_combinations	0xcc87568f	mac80211.ko
cfg80211_links_removed	0xe35013a2	mac80211.ko
cfg80211_merge_profile	0x117aca91	mac80211.ko
cfg80211_mgmt_tx_status_ext	0xf74527ef	mac80211.ko
cfg80211_mgmt_tx_status_ext	0xf74527ef	wlan_drv_gen4m_6768.ko
cfg80211_michael_mic_failure	0x45b8ddc4	mac80211.ko
cfg80211_michael_mic_failure	0x45b8ddc4	wlan_drv_gen4m_6768.ko
cfg80211_nan_func_terminated	0x5b13dd13	mac80211.ko
cfg80211_nan_match	0x90519d71	mac80211.ko
cfg80211_new_sta	0x2f99ffb0	mac80211.ko
cfg80211_new_sta	0x2f99ffb0	wlan_drv_gen4m_6768.ko
cfg80211_pmksa_candidate_notify	0x1744b591	wlan_drv_gen4m_6768.ko
cfg80211_port_authorized	0x36fe3503	wlan_drv_gen4m_6768.ko
cfg80211_probe_status	0x486623b2	mac80211.ko
cfg80211_put_bss	0x80083495	mac80211.ko
cfg80211_put_bss	0x80083495	wlan_drv_gen4m_6768.ko
cfg80211_ready_on_channel	0x4f58dca9	mac80211.ko
cfg80211_ready_on_channel	0x4f58dca9	wlan_drv_gen4m_6768.ko
cfg80211_ref_bss	0x6a8836f6	mac80211.ko
cfg80211_reg_can_beacon	0xdd1812bb	mac80211.ko
cfg80211_reg_can_beacon_relax	0x7845cfbc	mac80211.ko
cfg80211_register_netdevice	0x28ef6805	mac80211.ko
cfg80211_register_netdevice	0x28ef6805	wlan_drv_gen4m_6768.ko
cfg80211_remain_on_channel_expired	0x404f7f16	mac80211.ko
cfg80211_remain_on_channel_expired	0x404f7f16	wlan_drv_gen4m_6768.ko
cfg80211_report_obss_beacon_khz	0xf12acb67	mac80211.ko
cfg80211_report_wowlan_wakeup	0x58acc2e8	mac80211.ko
cfg80211_roamed	0x5dc30400	wlan_drv_gen4m_6768.ko
cfg80211_rx_assoc_resp	0xcc355699	mac80211.ko
cfg80211_rx_control_port	0x26238a0d	mac80211.ko
cfg80211_rx_mgmt_ext	0xb92370a6	mac80211.ko
cfg80211_rx_mgmt_ext	0xb92370a6	wlan_drv_gen4m_6768.ko
cfg80211_rx_mlme_mgmt	0xfe8e17a3	mac80211.ko
cfg80211_rx_spurious_frame	0x30fc0afc	mac80211.ko
cfg80211_rx_unexpected_4addr_frame	0xe3ea8db2	mac80211.ko
cfg80211_rx_unprot_mlme_mgmt	0x805e3a55	mac80211.ko
cfg80211_scan_done	0x467b6b8f	mac80211.ko
cfg80211_scan_done	0x467b6b8f	wlan_drv_gen4m_6768.ko
cfg80211_sched_scan_results	0x01b92a15	mac80211.ko
cfg80211_sched_scan_results	0x01b92a15	wlan_drv_gen4m_6768.ko
cfg80211_sched_scan_stopped	0x5086412f	wlan_drv_gen4m_6768.ko
cfg80211_sched_scan_stopped_locked	0xf55c2245	mac80211.ko
cfg80211_send_layer2_update	0x08a911c2	mac80211.ko
cfg80211_shutdown_all_interfaces	0x6d4834e7	mac80211.ko
cfg80211_sinfo_alloc_tid_stats	0x99986bca	mac80211.ko
cfg80211_sta_opmode_change_notify	0x3d21e2b4	mac80211.ko
cfg80211_stop_iface	0x55ccf5f2	mac80211.ko
cfg80211_stop_iface	0x55ccf5f2	wlan_drv_gen4m_6768.ko
cfg80211_tdls_oper_request	0x02729a81	mac80211.ko
cfg80211_tdls_oper_request	0x02729a81	wlan_drv_gen4m_6768.ko
cfg80211_tx_mgmt_expired	0xd01bb23d	mac80211.ko
cfg80211_tx_mlme_mgmt	0x1e4055bc	mac80211.ko
cfg80211_unlink_bss	0x28e7a019	mac80211.ko
cfg80211_unlink_bss	0x28e7a019	wlan_drv_gen4m_6768.ko
cfg80211_unregister_wdev	0xd9907864	mac80211.ko
cfg80211_unregister_wdev	0xd9907864	wlan_drv_gen4m_6768.ko
cfg80211_valid_disable_subchannel_bitmap	0x0faecde5	mac80211.ko
cfg80211_vendor_cmd_reply	0x11c425e3	wlan_drv_gen4m_6768.ko
cgroup_add_legacy_cftypes	0xb060f9f7	perfhelper.ko
cgroup_taskset_first	0x3eac0313	millet_oem_cgroup.ko
cgroup_taskset_next	0xa2e025b3	millet_oem_cgroup.ko
change_dpt_support_driver_hook	0xd3df5b5c	mtk_em.ko
change_dpt_support_driver_hook	0xd3df5b5c	mtk_fpsgo.ko
charger_cs_enable_lowpower	0xeb287d14	mtk_charger_framework.ko
charger_cs_get_ibat	0x42f7b59f	mtk_charger_framework.ko
charger_cs_init_setting	0x4a56fe68	mtk_charger_framework.ko
charger_cs_status_control	0xbf2a776e	mtk_charger_framework.ko
charger_dev_do_event	0xd1dd0cd3	lc_charger_sysfs.ko
charger_dev_do_event	0xd1dd0cd3	mtk_charger_framework.ko
charger_dev_dump_registers	0x20fc1311	mtk_charger_framework.ko
charger_dev_dump_registers	0x20fc1311	mtk_pep40.ko
charger_dev_enable	0xa17d9405	lc_charger_sysfs.ko
charger_dev_enable	0xa17d9405	mtk_charger_framework.ko
charger_dev_enable	0xa17d9405	mtk_pd_charging.ko
charger_dev_enable	0xa17d9405	mtk_pep.ko
charger_dev_enable	0xa17d9405	mtk_pep20.ko
charger_dev_enable	0xa17d9405	mtk_pep40.ko
charger_dev_enable_6pin_battery_charging	0x4e4bc64c	mtk_charger_framework.ko
charger_dev_enable_6pin_battery_charging	0x4e4bc64c	mtk_pd_charging.ko
charger_dev_enable_6pin_battery_charging	0x4e4bc64c	mtk_pep20.ko
charger_dev_enable_6pin_battery_charging	0x4e4bc64c	mtk_pep40.ko
charger_dev_enable_cable_drop_comp	0x77e5ab83	mtk_pep20.ko
charger_dev_enable_cable_drop_comp	0x77e5ab83	mtk_pep40.ko
charger_dev_enable_chip	0x29cf7007	mtk_pd_charging.ko
charger_dev_enable_chip	0x29cf7007	mtk_pep.ko
charger_dev_enable_chip	0x29cf7007	mtk_pep20.ko
charger_dev_enable_chip	0x29cf7007	mtk_pep40.ko
charger_dev_enable_discharge	0x0a12be72	mtk_chg_type_det.ko
charger_dev_enable_hz	0x212e391f	tcpc_class.ko
charger_dev_enable_otg	0xdeef4ac9	rt_pd_manager.ko
charger_dev_enable_powerpath	0x234bdcf1	mtk_charger_framework.ko
charger_dev_enable_powerpath	0x234bdcf1	mtk_pep40.ko
charger_dev_enable_safety_timer	0xb9da0fcd	mtk_charger_framework.ko
charger_dev_enable_termination	0xb80b14d0	mtk_pd_charging.ko
charger_dev_enable_termination	0xb80b14d0	mtk_pep20.ko
charger_dev_enable_termination	0xb80b14d0	mtk_pep40.ko
charger_dev_get_adc	0x2d739125	mtk_charger_framework.ko
charger_dev_get_charging_current	0xfb282b85	mtk_charger_framework.ko
charger_dev_get_charging_current	0xfb282b85	mtk_pd_charging.ko
charger_dev_get_charging_current	0xfb282b85	mtk_pep.ko
charger_dev_get_charging_current	0xfb282b85	mtk_pep20.ko
charger_dev_get_charging_current	0xfb282b85	mtk_pep40.ko
charger_dev_get_constant_voltage	0x9b0750d9	mtk_charger_framework.ko
charger_dev_get_ibat	0x0b220815	mtk_charger_framework.ko
charger_dev_get_ibus	0x9d58cc17	mtk_charger_framework.ko
charger_dev_get_ibus	0x9d58cc17	mtk_pd_charging.ko
charger_dev_get_ibus	0x9d58cc17	mtk_pep40.ko
charger_dev_get_input_current	0x985db37e	mtk_charger_framework.ko
charger_dev_get_input_current	0x985db37e	mtk_pd_charging.ko
charger_dev_get_input_current	0x985db37e	mtk_pep40.ko
charger_dev_get_min_charging_current	0x07868337	mtk_charger_framework.ko
charger_dev_get_min_charging_current	0x07868337	mtk_pd_charging.ko
charger_dev_get_min_charging_current	0x07868337	mtk_pep20.ko
charger_dev_get_min_charging_current	0x07868337	mtk_pep40.ko
charger_dev_get_min_input_current	0x3a9ca575	mtk_charger_framework.ko
charger_dev_get_min_input_current	0x3a9ca575	mtk_pd_charging.ko
charger_dev_get_min_input_current	0x3a9ca575	mtk_pep20.ko
charger_dev_get_min_input_current	0x3a9ca575	mtk_pep40.ko
charger_dev_get_mivr	0xa9b84035	mtk_pd_charging.ko
charger_dev_get_mivr	0xa9b84035	mtk_pep40.ko
charger_dev_get_mivr_state	0x66d84c47	mtk_pd_charging.ko
charger_dev_get_mivr_state	0x66d84c47	mtk_pep20.ko
charger_dev_get_mivr_state	0x66d84c47	mtk_pep40.ko
charger_dev_get_temperature	0xb54f93ea	mtk_charger_framework.ko
charger_dev_get_vbat	0x96f4d089	mtk_charger_framework.ko
charger_dev_get_vbus	0x008e148b	mtk_charger_framework.ko
charger_dev_get_vbus	0x008e148b	mtk_pd_charging.ko
charger_dev_get_vbus	0x008e148b	mtk_pep.ko
charger_dev_get_vbus	0x008e148b	mtk_pep20.ko
charger_dev_get_vbus	0x008e148b	mtk_pep40.ko
charger_dev_get_zcv	0x9b7720fc	mtk_charger_framework.ko
charger_dev_is_charging_done	0x024ca7df	mtk_charger_framework.ko
charger_dev_is_chip_enabled	0x7707cbfb	mtk_pd_charging.ko
charger_dev_is_chip_enabled	0x7707cbfb	mtk_pep.ko
charger_dev_is_chip_enabled	0x7707cbfb	mtk_pep20.ko
charger_dev_is_chip_enabled	0x7707cbfb	mtk_pep40.ko
charger_dev_is_enabled	0x9f21bb2b	mtk_charger_framework.ko
charger_dev_is_enabled	0x9f21bb2b	mtk_pd_charging.ko
charger_dev_is_enabled	0x9f21bb2b	mtk_pep20.ko
charger_dev_is_enabled	0x9f21bb2b	mtk_pep40.ko
charger_dev_is_enabled	0x9f21bb2b	xm_smart_chg.ko
charger_dev_is_powerpath_enabled	0x4c6934ec	mtk_charger_framework.ko
charger_dev_is_safety_timer_enabled	0x489a62dc	mtk_charger_framework.ko
charger_dev_kick_wdt	0x0f5a5514	mtk_charger_framework.ko
charger_dev_notify	0xa26a5067	mt6370-charger.ko
charger_dev_plug_in	0x99570e6e	mtk_charger_framework.ko
charger_dev_plug_out	0x157e6b2f	mtk_charger_framework.ko
charger_dev_reset_eoc_state	0x5a46b465	mtk_pep40.ko
charger_dev_reset_ta	0x595e8061	mtk_pep.ko
charger_dev_reset_ta	0x595e8061	mtk_pep20.ko
charger_dev_reset_ta	0x595e8061	mtk_pep40.ko
charger_dev_run_aicl	0x5d05c1e1	mtk_charger_framework.ko
charger_dev_safety_check	0x35efac8c	mtk_pd_charging.ko
charger_dev_safety_check	0x35efac8c	mtk_pep20.ko
charger_dev_safety_check	0x35efac8c	mtk_pep40.ko
charger_dev_send_ta20_current_pattern	0xae31b0bb	mtk_pep20.ko
charger_dev_send_ta_current_pattern	0xe44395ff	mtk_pep.ko
charger_dev_set_boot_volt_times	0x642691ea	mtk_charger_framework.ko
charger_dev_set_charging_current	0x87e32f78	mtk_charger_framework.ko
charger_dev_set_charging_current	0x87e32f78	mtk_pd_charging.ko
charger_dev_set_charging_current	0x87e32f78	mtk_pep.ko
charger_dev_set_charging_current	0x87e32f78	mtk_pep20.ko
charger_dev_set_charging_current	0x87e32f78	mtk_pep40.ko
charger_dev_set_constant_voltage	0xcd8e153e	mtk_charger_framework.ko
charger_dev_set_constant_voltage	0xcd8e153e	mtk_pd_charging.ko
charger_dev_set_constant_voltage	0xcd8e153e	mtk_pep.ko
charger_dev_set_constant_voltage	0xcd8e153e	mtk_pep20.ko
charger_dev_set_constant_voltage	0xcd8e153e	mtk_pep40.ko
charger_dev_set_eoc_current	0xdd9d8d6d	mtk_pd_charging.ko
charger_dev_set_eoc_current	0xdd9d8d6d	mtk_pep20.ko
charger_dev_set_eoc_current	0xdd9d8d6d	mtk_pep40.ko
charger_dev_set_input_current	0x3c5f5467	lc_charger_sysfs.ko
charger_dev_set_input_current	0x3c5f5467	mtk_charger_framework.ko
charger_dev_set_input_current	0x3c5f5467	mtk_pd_charging.ko
charger_dev_set_input_current	0x3c5f5467	mtk_pep.ko
charger_dev_set_input_current	0x3c5f5467	mtk_pep20.ko
charger_dev_set_input_current	0x3c5f5467	mtk_pep40.ko
charger_dev_set_mivr	0x0ba188a8	lc_charger_sysfs.ko
charger_dev_set_mivr	0x0ba188a8	mtk_charger_framework.ko
charger_dev_set_mivr	0x0ba188a8	mtk_pd_charging.ko
charger_dev_set_mivr	0x0ba188a8	mtk_pep.ko
charger_dev_set_mivr	0x0ba188a8	mtk_pep20.ko
charger_dev_set_mivr	0x0ba188a8	mtk_pep40.ko
charger_dev_set_mivr	0x0ba188a8	tcpc_class.ko
charger_dev_set_pe20_efficiency_table	0xd474f42b	mtk_pep20.ko
charger_dev_set_recharge	0xcaa9ecf4	mtk_charger_framework.ko
charger_device_register	0xd590f1b9	mt6370-charger.ko
charger_device_register	0xd590f1b9	sgm41543_charger.ko
charger_device_register	0xd590f1b9	upm6920_charger.ko
charger_device_unregister	0x88bdb425	mt6370-charger.ko
charger_device_unregister	0x88bdb425	upm6920_charger.ko
check_preempt_curr	0x57a10baf	scheduler.ko
check_rat_at_md_img	0x6cc60406	ccci_md_all.ko
check_rat_at_rt_setting	0xa4f4d318	ccci_md_all.ko
chg_alg_device_register	0x0a17460f	mtk_pd_charging.ko
chg_alg_device_register	0x0a17460f	mtk_pep.ko
chg_alg_device_register	0x0a17460f	mtk_pep20.ko
chg_alg_device_register	0x0a17460f	mtk_pep40.ko
chg_alg_get_prop	0x0a72ed65	mtk_charger_framework.ko
chg_alg_init_algo	0x068667e3	mtk_charger_framework.ko
chg_alg_is_algo_ready	0x28def567	mtk_charger_framework.ko
chg_alg_is_algo_running	0x07c5a9cd	mtk_charger_framework.ko
chg_alg_notifier_call	0xb879a78e	mtk_charger_framework.ko
chg_alg_plugout_reset	0x91dfad84	mtk_charger_framework.ko
chg_alg_set_current_limit	0x39dd0ade	mtk_charger_framework.ko
chg_alg_set_prop	0x48e2816c	mtk_charger_framework.ko
chg_alg_start_algo	0x584480ea	mtk_charger_framework.ko
chg_alg_state_to_str	0x9f0fef1e	mtk_charger_framework.ko
chg_alg_stop_algo	0xf438346b	mtk_charger_framework.ko
chr_get_debug_level	0x12f940e0	mtk_pep40.ko
class_create	0x126112c8	adapter_class.ko
class_create	0x126112c8	bt_drv_connac1x.ko
class_create	0x126112c8	c2k_usb.ko
class_create	0x126112c8	camera_dpe_isp40.ko
class_create	0x126112c8	camera_eeprom_isp4_t.ko
class_create	0x126112c8	camera_fdvt_isp40.ko
class_create	0x126112c8	camera_isp_4_t.ko
class_create	0x126112c8	camera_mem.ko
class_create	0x126112c8	ccci_md_all.ko
class_create	0x126112c8	ccci_util_lib.ko
class_create	0x126112c8	ccu_isp4.ko
class_create	0x126112c8	charger_class.ko
class_create	0x126112c8	connadp.ko
class_create	0x126112c8	extdev_io_class.ko
class_create	0x126112c8	flashlight.ko
class_create	0x126112c8	fmradio_drv_mt6631.ko
class_create	0x126112c8	gc_gc6133c_ii.ko
class_create	0x126112c8	gf_fingerprint.ko
class_create	0x126112c8	gps_drv_stp.ko
class_create	0x126112c8	gz_ipc_mod.ko
class_create	0x126112c8	hwmon.ko
class_create	0x126112c8	icnl9916_spi.ko
class_create	0x126112c8	imgsensor_isp4_t.ko
class_create	0x126112c8	isee.ko
class_create	0x126112c8	main2af.ko
class_create	0x126112c8	main3af.ko
class_create	0x126112c8	mainaf.ko
class_create	0x126112c8	mcDrvModule.ko
class_create	0x126112c8	mdp_drv_mt6768.ko
class_create	0x126112c8	mediatek-drm.ko
class_create	0x126112c8	mi_memory.ko
class_create	0x126112c8	miev.ko
class_create	0x126112c8	mt6358-accdet.ko
class_create	0x126112c8	mt6358_battery.ko
class_create	0x126112c8	mtk-smi-bwc.ko
class_create	0x126112c8	mtk-vcu.ko
class_create	0x126112c8	mtk_charger_algorithm_class.ko
class_create	0x126112c8	musb_boost.ko
class_create	0x126112c8	nxp_i2c.ko
class_create	0x126112c8	rpmb-mtk.ko
class_create	0x126112c8	sc_sc080cs_i.ko
class_create	0x126112c8	sec.ko
class_create	0x126112c8	sensorHub.ko
class_create	0x126112c8	sil_fingerprint.ko
class_create	0x126112c8	sp_sp0821_iii.ko
class_create	0x126112c8	sub2af.ko
class_create	0x126112c8	subaf.ko
class_create	0x126112c8	t-base-tui.ko
class_create	0x126112c8	tcpc_class.ko
class_create	0x126112c8	teeperf.ko
class_create	0x126112c8	usb_meta.ko
class_create	0x126112c8	widevine_driver.ko
class_create	0x126112c8	wifi_ant_check.ko
class_create	0x126112c8	wlan_drv_gen4m_6768.ko
class_create	0x126112c8	wmt_chrdev_wifi.ko
class_create	0x126112c8	wmt_drv.ko
class_create	0x126112c8	xiaomi_touch.ko
class_destroy	0xa9bff1c6	adapter_class.ko
class_destroy	0xa9bff1c6	bt_drv_connac1x.ko
class_destroy	0xa9bff1c6	c2k_usb.ko
class_destroy	0xa9bff1c6	camera_dpe_isp40.ko
class_destroy	0xa9bff1c6	camera_eeprom_isp4_t.ko
class_destroy	0xa9bff1c6	camera_fdvt_isp40.ko
class_destroy	0xa9bff1c6	camera_isp_4_t.ko
class_destroy	0xa9bff1c6	camera_mem.ko
class_destroy	0xa9bff1c6	ccu_isp4.ko
class_destroy	0xa9bff1c6	charger_class.ko
class_destroy	0xa9bff1c6	connadp.ko
class_destroy	0xa9bff1c6	extdev_io_class.ko
class_destroy	0xa9bff1c6	flashlight.ko
class_destroy	0xa9bff1c6	fmradio_drv_mt6631.ko
class_destroy	0xa9bff1c6	gf_fingerprint.ko
class_destroy	0xa9bff1c6	gps_drv_stp.ko
class_destroy	0xa9bff1c6	gz_ipc_mod.ko
class_destroy	0xa9bff1c6	hwmon.ko
class_destroy	0xa9bff1c6	imgsensor_isp4_t.ko
class_destroy	0xa9bff1c6	isee.ko
class_destroy	0xa9bff1c6	main2af.ko
class_destroy	0xa9bff1c6	main3af.ko
class_destroy	0xa9bff1c6	mainaf.ko
class_destroy	0xa9bff1c6	mcDrvModule.ko
class_destroy	0xa9bff1c6	mdp_drv_mt6768.ko
class_destroy	0xa9bff1c6	mediatek-drm.ko
class_destroy	0xa9bff1c6	mi_memory.ko
class_destroy	0xa9bff1c6	miev.ko
class_destroy	0xa9bff1c6	mt6358-accdet.ko
class_destroy	0xa9bff1c6	mtk-vcu.ko
class_destroy	0xa9bff1c6	mtk_charger_algorithm_class.ko
class_destroy	0xa9bff1c6	nxp_i2c.ko
class_destroy	0xa9bff1c6	rpmb-mtk.ko
class_destroy	0xa9bff1c6	sec.ko
class_destroy	0xa9bff1c6	sensorHub.ko
class_destroy	0xa9bff1c6	sil_fingerprint.ko
class_destroy	0xa9bff1c6	sub2af.ko
class_destroy	0xa9bff1c6	subaf.ko
class_destroy	0xa9bff1c6	tcpc_class.ko
class_destroy	0xa9bff1c6	teeperf.ko
class_destroy	0xa9bff1c6	usb_meta.ko
class_destroy	0xa9bff1c6	widevine_driver.ko
class_destroy	0xa9bff1c6	wifi_ant_check.ko
class_destroy	0xa9bff1c6	wlan_drv_gen4m_6768.ko
class_destroy	0xa9bff1c6	wmt_chrdev_wifi.ko
class_destroy	0xa9bff1c6	wmt_drv.ko
class_destroy	0xa9bff1c6	xiaomi_touch.ko
class_find_device	0xc41b4306	adapter_class.ko
class_find_device	0xc41b4306	charger_class.ko
class_find_device	0xc41b4306	isee.ko
class_find_device	0xc41b4306	mtk_charger_algorithm_class.ko
class_find_device	0xc41b4306	rpmb.ko
class_find_device	0xc41b4306	tcpc_class.ko
class_for_each_device	0x1af4cf88	tcpci_late_sync.ko
class_register	0xcbea9ee4	cfg80211.ko
class_register	0xcbea9ee4	rpmb.ko
class_register	0xcbea9ee4	zram.ko
class_unregister	0xcf7efba8	cfg80211.ko
class_unregister	0xcf7efba8	icnl9916_spi.ko
class_unregister	0xcf7efba8	rpmb.ko
class_unregister	0xcf7efba8	zram.ko
clear_page	0x3d9ee9f0	mali_kbase_mt6768_r49.ko
clear_page	0x3d9ee9f0	mali_mgm_mt6768_r49.ko
clk_bulk_disable	0x479f7d4b	mtk-mmc.ko
clk_bulk_disable	0x479f7d4b	mtk_jpeg.ko
clk_bulk_disable	0x479f7d4b	phy-mtk-tphy.ko
clk_bulk_enable	0xc7a7e770	mtk-mmc.ko
clk_bulk_enable	0xc7a7e770	mtk_jpeg.ko
clk_bulk_enable	0xc7a7e770	phy-mtk-tphy.ko
clk_bulk_prepare	0xead5c8e5	mtk-mmc.ko
clk_bulk_prepare	0xead5c8e5	mtk_jpeg.ko
clk_bulk_prepare	0xead5c8e5	phy-mtk-tphy.ko
clk_bulk_unprepare	0x63c08029	mtk-mmc.ko
clk_bulk_unprepare	0x63c08029	mtk_jpeg.ko
clk_bulk_unprepare	0x63c08029	phy-mtk-tphy.ko
clk_chk_dev_pm_ops	0xc1d0add9	clkchk-mt6768.ko
clk_dbg_driver_register	0x4c36ac22	clkdbg-mt6768.ko
clk_disable	0xb6e6d99d	8250_mtk.ko
clk_disable	0xb6e6d99d	btif_drv.ko
clk_disable	0xb6e6d99d	camera_dpe_isp40.ko
clk_disable	0xb6e6d99d	camera_fdvt_isp40.ko
clk_disable	0xb6e6d99d	camera_isp_4_t.ko
clk_disable	0xb6e6d99d	ccci_ccif.ko
clk_disable	0xb6e6d99d	ccci_cldma.ko
clk_disable	0xb6e6d99d	ccci_fsm_scp.ko
clk_disable	0xb6e6d99d	ccci_md_all.ko
clk_disable	0xb6e6d99d	ccu_isp4.ko
clk_disable	0xb6e6d99d	clk-common.ko
clk_disable	0xb6e6d99d	clk-mt6768-pg.ko
clk_disable	0xb6e6d99d	cmdq-sec-drv.ko
clk_disable	0xb6e6d99d	cmdq-test.ko
clk_disable	0xb6e6d99d	device-apc-common-legacy.ko
clk_disable	0xb6e6d99d	i2c-mt65xx.ko
clk_disable	0xb6e6d99d	imgsensor_isp4_t.ko
clk_disable	0xb6e6d99d	mali_kbase_mt6768_r49.ko
clk_disable	0xb6e6d99d	mdp_drv_mt6768.ko
clk_disable	0xb6e6d99d	mediatek-drm.ko
clk_disable	0xb6e6d99d	mt6577_auxadc.ko
clk_disable	0xb6e6d99d	mtk-cmdq-drv-ext.ko
clk_disable	0xb6e6d99d	mtk-cqdma.ko
clk_disable	0xb6e6d99d	mtk-kpd.ko
clk_disable	0xb6e6d99d	mtk-mmc.ko
clk_disable	0xb6e6d99d	mtk-mmdvfs.ko
clk_disable	0xb6e6d99d	mtk-mml.ko
clk_disable	0xb6e6d99d	mtk-pmic-wrap.ko
clk_disable	0xb6e6d99d	mtk-pwm.ko
clk_disable	0xb6e6d99d	mtk-scpsys.ko
clk_disable	0xb6e6d99d	mtk-smi.ko
clk_disable	0xb6e6d99d	mtk-uart-apdma.ko
clk_disable	0xb6e6d99d	mtk-vcodec-dec-v1.ko
clk_disable	0xb6e6d99d	mtk-vcodec-enc-v1.ko
clk_disable	0xb6e6d99d	mtk_gpufreq_mt6768.ko
clk_disable	0xb6e6d99d	mtk_iommu.ko
clk_disable	0xb6e6d99d	musb_hdrc.ko
clk_disable	0xb6e6d99d	phy-generic.ko
clk_disable	0xb6e6d99d	pwm-mtk-disp.ko
clk_disable	0xb6e6d99d	scp.ko
clk_disable	0xb6e6d99d	snd-soc-mt6768-afe.ko
clk_disable	0xb6e6d99d	spi-mt65xx.ko
clk_disable	0xb6e6d99d	t-base-tui.ko
clk_disable	0xb6e6d99d	thermal_monitor.ko
clk_disable	0xb6e6d99d	ufs-mediatek-mod.ko
clk_divider_ops	0xf3993f86	clk-common.ko
clk_enable	0x815588a6	8250_mtk.ko
clk_enable	0x815588a6	btif_drv.ko
clk_enable	0x815588a6	camera_dpe_isp40.ko
clk_enable	0x815588a6	camera_fdvt_isp40.ko
clk_enable	0x815588a6	camera_isp_4_t.ko
clk_enable	0x815588a6	ccci_ccif.ko
clk_enable	0x815588a6	ccci_cldma.ko
clk_enable	0x815588a6	ccci_fsm_scp.ko
clk_enable	0x815588a6	ccci_md_all.ko
clk_enable	0x815588a6	ccu_isp4.ko
clk_enable	0x815588a6	clk-common.ko
clk_enable	0x815588a6	clk-mt6768-pg.ko
clk_enable	0x815588a6	cmdq-sec-drv.ko
clk_enable	0x815588a6	cmdq-test.ko
clk_enable	0x815588a6	device-apc-common-legacy.ko
clk_enable	0x815588a6	i2c-mt65xx.ko
clk_enable	0x815588a6	imgsensor_isp4_t.ko
clk_enable	0x815588a6	mali_kbase_mt6768_r49.ko
clk_enable	0x815588a6	mdp_drv_mt6768.ko
clk_enable	0x815588a6	mediatek-drm.ko
clk_enable	0x815588a6	mt6577_auxadc.ko
clk_enable	0x815588a6	mtk-cmdq-drv-ext.ko
clk_enable	0x815588a6	mtk-cqdma.ko
clk_enable	0x815588a6	mtk-kpd.ko
clk_enable	0x815588a6	mtk-mmc.ko
clk_enable	0x815588a6	mtk-mmdvfs.ko
clk_enable	0x815588a6	mtk-mml.ko
clk_enable	0x815588a6	mtk-pmic-wrap.ko
clk_enable	0x815588a6	mtk-pwm.ko
clk_enable	0x815588a6	mtk-scpsys.ko
clk_enable	0x815588a6	mtk-smi.ko
clk_enable	0x815588a6	mtk-uart-apdma.ko
clk_enable	0x815588a6	mtk-vcodec-dec-v1.ko
clk_enable	0x815588a6	mtk-vcodec-enc-v1.ko
clk_enable	0x815588a6	mtk_gpufreq_mt6768.ko
clk_enable	0x815588a6	mtk_iommu.ko
clk_enable	0x815588a6	musb_hdrc.ko
clk_enable	0x815588a6	phy-generic.ko
clk_enable	0x815588a6	pwm-mtk-disp.ko
clk_enable	0x815588a6	scp.ko
clk_enable	0x815588a6	snd-soc-mt6768-afe.ko
clk_enable	0x815588a6	spi-mt65xx.ko
clk_enable	0x815588a6	t-base-tui.ko
clk_enable	0x815588a6	thermal_monitor.ko
clk_enable	0x815588a6	ufs-mediatek-mod.ko
clk_gate_ops	0xcc0b162a	clk-common.ko
clk_get_parent	0x63150e06	clk-common.ko
clk_get_parent	0x63150e06	mtk-mmc.ko
clk_get_rate	0x556e4390	8250_mtk.ko
clk_get_rate	0x556e4390	i2c-mt65xx.ko
clk_get_rate	0x556e4390	mediatek-drm.ko
clk_get_rate	0x556e4390	mmqos-common.ko
clk_get_rate	0x556e4390	mt6577_auxadc.ko
clk_get_rate	0x556e4390	mtk-mmc-dbg.ko
clk_get_rate	0x556e4390	mtk-mmc.ko
clk_get_rate	0x556e4390	pwm-mtk-disp.ko
clk_get_rate	0x556e4390	spi-mt65xx.ko
clk_get_rate	0x556e4390	ufs-mediatek-mod.ko
clk_hw_get_name	0xda44577f	clk-common.ko
clk_hw_get_num_parents	0x06b3df0b	clk-common.ko
clk_hw_get_parent	0x779f3c34	clk-common.ko
clk_hw_get_parent_by_index	0x6d0734b1	clk-common.ko
clk_hw_get_parent_index	0x46586a7c	clk-common.ko
clk_hw_get_rate	0x46fd73a8	clk-common.ko
clk_hw_is_enabled	0x0ca2c84a	clk-common.ko
clk_hw_is_prepared	0xf73e9d33	clk-common.ko
clk_hw_round_rate	0xf08e7f1e	clk-common.ko
clk_hw_set_parent	0xe82028c5	clk-common.ko
clk_mux_ops	0xa817449a	clk-common.ko
clk_notifier_register	0x5a834013	clk-common.ko
clk_prepare	0x7c9a7371	8250_mtk.ko
clk_prepare	0x7c9a7371	btif_drv.ko
clk_prepare	0x7c9a7371	camera_dpe_isp40.ko
clk_prepare	0x7c9a7371	camera_fdvt_isp40.ko
clk_prepare	0x7c9a7371	camera_isp_4_t.ko
clk_prepare	0x7c9a7371	ccci_ccif.ko
clk_prepare	0x7c9a7371	ccci_cldma.ko
clk_prepare	0x7c9a7371	ccci_fsm_scp.ko
clk_prepare	0x7c9a7371	ccci_md_all.ko
clk_prepare	0x7c9a7371	ccu_isp4.ko
clk_prepare	0x7c9a7371	clk-common.ko
clk_prepare	0x7c9a7371	clk-mt6768-pg.ko
clk_prepare	0x7c9a7371	cmdq-sec-drv.ko
clk_prepare	0x7c9a7371	cmdq-test.ko
clk_prepare	0x7c9a7371	device-apc-common-legacy.ko
clk_prepare	0x7c9a7371	i2c-mt65xx.ko
clk_prepare	0x7c9a7371	imgsensor_isp4_t.ko
clk_prepare	0x7c9a7371	mali_kbase_mt6768_r49.ko
clk_prepare	0x7c9a7371	mdp_drv_mt6768.ko
clk_prepare	0x7c9a7371	mediatek-drm.ko
clk_prepare	0x7c9a7371	mt6577_auxadc.ko
clk_prepare	0x7c9a7371	mtk-cmdq-drv-ext.ko
clk_prepare	0x7c9a7371	mtk-cqdma.ko
clk_prepare	0x7c9a7371	mtk-kpd.ko
clk_prepare	0x7c9a7371	mtk-mmc.ko
clk_prepare	0x7c9a7371	mtk-mmdvfs.ko
clk_prepare	0x7c9a7371	mtk-mml.ko
clk_prepare	0x7c9a7371	mtk-pmic-wrap.ko
clk_prepare	0x7c9a7371	mtk-pwm.ko
clk_prepare	0x7c9a7371	mtk-scpsys.ko
clk_prepare	0x7c9a7371	mtk-smi.ko
clk_prepare	0x7c9a7371	mtk-uart-apdma.ko
clk_prepare	0x7c9a7371	mtk-vcodec-dec-v1.ko
clk_prepare	0x7c9a7371	mtk-vcodec-enc-v1.ko
clk_prepare	0x7c9a7371	mtk_gpufreq_mt6768.ko
clk_prepare	0x7c9a7371	mtk_iommu.ko
clk_prepare	0x7c9a7371	musb_hdrc.ko
clk_prepare	0x7c9a7371	phy-generic.ko
clk_prepare	0x7c9a7371	pwm-mtk-disp.ko
clk_prepare	0x7c9a7371	scp.ko
clk_prepare	0x7c9a7371	snd-soc-mt6768-afe.ko
clk_prepare	0x7c9a7371	spi-mt65xx.ko
clk_prepare	0x7c9a7371	t-base-tui.ko
clk_prepare	0x7c9a7371	thermal_monitor.ko
clk_prepare	0x7c9a7371	ufs-mediatek-mod.ko
clk_put	0x2e1ca751	mali_kbase_mt6768_r49.ko
clk_register	0xa0691a83	clk-common.ko
clk_register	0xa0691a83	clk-mt6768-pg.ko
clk_register_composite	0x577ce0db	clk-common.ko
clk_register_divider_table	0x578a2739	clk-common.ko
clk_register_fixed_factor	0x205e618d	clk-common.ko
clk_register_fixed_rate	0x78ce112e	clk-common.ko
clk_set_parent	0x2396c7f0	clk-common.ko
clk_set_parent	0x2396c7f0	imgsensor_isp4_t.ko
clk_set_parent	0x2396c7f0	mediatek-drm.ko
clk_set_parent	0x2396c7f0	mtk-mmdvfs.ko
clk_set_parent	0x2396c7f0	mtk_gpufreq_mt6768.ko
clk_set_parent	0x2396c7f0	pwm-mtk-disp.ko
clk_set_parent	0x2396c7f0	scp.ko
clk_set_parent	0x2396c7f0	snd-soc-mt6768-afe.ko
clk_set_parent	0x2396c7f0	spi-mt65xx.ko
clk_set_parent	0x2396c7f0	ufs-mediatek-mod.ko
clk_set_rate	0x76d9b876	clk-common.ko
clk_set_rate	0x76d9b876	mali_kbase_mt6768_r49.ko
clk_set_rate	0x76d9b876	mdp_drv_mt6768.ko
clk_set_rate	0x76d9b876	mediatek-drm.ko
clk_set_rate	0x76d9b876	mtk-mmdvfs.ko
clk_set_rate	0x76d9b876	mtk-mml.ko
clk_set_rate	0x76d9b876	mtk-vcodec-dec-v1.ko
clk_set_rate	0x76d9b876	mtk-vcodec-enc-v1.ko
clk_set_rate	0x76d9b876	mtk_jpeg.ko
clk_set_rate	0x76d9b876	phy-generic.ko
clk_set_rate	0x76d9b876	snd-soc-mt6768-afe.ko
clk_unprepare	0xb077e70a	8250_mtk.ko
clk_unprepare	0xb077e70a	btif_drv.ko
clk_unprepare	0xb077e70a	camera_dpe_isp40.ko
clk_unprepare	0xb077e70a	camera_fdvt_isp40.ko
clk_unprepare	0xb077e70a	camera_isp_4_t.ko
clk_unprepare	0xb077e70a	ccci_ccif.ko
clk_unprepare	0xb077e70a	ccci_cldma.ko
clk_unprepare	0xb077e70a	ccci_fsm_scp.ko
clk_unprepare	0xb077e70a	ccci_md_all.ko
clk_unprepare	0xb077e70a	ccu_isp4.ko
clk_unprepare	0xb077e70a	clk-common.ko
clk_unprepare	0xb077e70a	clk-mt6768-pg.ko
clk_unprepare	0xb077e70a	cmdq-sec-drv.ko
clk_unprepare	0xb077e70a	cmdq-test.ko
clk_unprepare	0xb077e70a	device-apc-common-legacy.ko
clk_unprepare	0xb077e70a	i2c-mt65xx.ko
clk_unprepare	0xb077e70a	imgsensor_isp4_t.ko
clk_unprepare	0xb077e70a	mali_kbase_mt6768_r49.ko
clk_unprepare	0xb077e70a	mdp_drv_mt6768.ko
clk_unprepare	0xb077e70a	mediatek-drm.ko
clk_unprepare	0xb077e70a	mt6577_auxadc.ko
clk_unprepare	0xb077e70a	mtk-cmdq-drv-ext.ko
clk_unprepare	0xb077e70a	mtk-cqdma.ko
clk_unprepare	0xb077e70a	mtk-kpd.ko
clk_unprepare	0xb077e70a	mtk-mmc.ko
clk_unprepare	0xb077e70a	mtk-mmdvfs.ko
clk_unprepare	0xb077e70a	mtk-mml.ko
clk_unprepare	0xb077e70a	mtk-pmic-wrap.ko
clk_unprepare	0xb077e70a	mtk-pwm.ko
clk_unprepare	0xb077e70a	mtk-scpsys.ko
clk_unprepare	0xb077e70a	mtk-smi.ko
clk_unprepare	0xb077e70a	mtk-uart-apdma.ko
clk_unprepare	0xb077e70a	mtk-vcodec-dec-v1.ko
clk_unprepare	0xb077e70a	mtk-vcodec-enc-v1.ko
clk_unprepare	0xb077e70a	mtk_gpufreq_mt6768.ko
clk_unprepare	0xb077e70a	mtk_iommu.ko
clk_unprepare	0xb077e70a	musb_hdrc.ko
clk_unprepare	0xb077e70a	phy-generic.ko
clk_unprepare	0xb077e70a	pwm-mtk-disp.ko
clk_unprepare	0xb077e70a	scp.ko
clk_unprepare	0xb077e70a	snd-soc-mt6768-afe.ko
clk_unprepare	0xb077e70a	spi-mt65xx.ko
clk_unprepare	0xb077e70a	t-base-tui.ko
clk_unprepare	0xb077e70a	thermal_monitor.ko
clk_unprepare	0xb077e70a	ufs-mediatek-mod.ko
clkbuf_xo_ctrl	0x090db799	mediatek-drm.ko
clkchk_external_dump	0x0b47b8af	mtk-scpsys.ko
clockevents_config_and_register	0xcdd0c1c5	timer-mediatek.ko
clocks_calc_mult_shift	0x62bb09bf	sspm_v1.ko
cm_mgr_check_dts_setting	0xd3cf542e	mtk_cm_mgr_mt6768.ko
cm_mgr_common_exit	0x42203369	mtk_cm_mgr_mt6768.ko
cm_mgr_common_init	0xd898679e	mtk_cm_mgr_mt6768.ko
cm_mgr_get_blank_status	0x3f5a1448	mtk_cm_mgr_mt6768.ko
cm_mgr_get_bw_path	0xbed136a3	mtk_cm_mgr_mt6768.ko
cm_mgr_get_disable_fb	0x2074c378	mtk_cm_mgr_mt6768.ko
cm_mgr_get_dram_opp_base	0xd83bf87a	mtk_cm_mgr_mt6768.ko
cm_mgr_get_num_array	0x5db3cbd4	mtk_cm_mgr_mt6768.ko
cm_mgr_get_num_perf	0x240f5e9a	mtk_cm_mgr_mt6768.ko
cm_mgr_get_perf_enable	0xe0c0f71c	mtk_cm_mgr_mt6768.ko
cm_mgr_get_perf_force_enable	0xa957182d	mtk_cm_mgr_mt6768.ko
cm_mgr_perf_set_status	0x538ab51f	mtk_fpsgo.ko
cm_mgr_register_hook	0x7e948ff0	mtk_cm_mgr_mt6768.ko
cm_mgr_set_bw_path	0x19b81f57	mtk_cm_mgr_mt6768.ko
cm_mgr_set_dram_opp_base	0x35ef043f	mtk_cm_mgr_mt6768.ko
cm_mgr_set_num_array	0x6b344e25	mtk_cm_mgr_mt6768.ko
cm_mgr_set_num_perf	0xfb3bd632	mtk_cm_mgr_mt6768.ko
cm_mgr_set_pdev	0xde2c5566	mtk_cm_mgr_mt6768.ko
cm_mgr_set_perf_force_enable	0x80d21b7c	mtk_cm_mgr_mt6768.ko
cm_mgr_to_sspm_command	0x15d6e244	mtk_cm_mgr_mt6768.ko
cm_mgr_unregister_hook	0xe35b87dc	mtk_cm_mgr_mt6768.ko
cm_mgr_update_dram_by_cpu_opp	0x634eb2cc	mtk_cm_mgr_mt6768.ko
cma_alloc	0x14c06000	trusted_mem.ko
cma_release	0x538b0d53	trusted_mem.ko
cmdqCoreRegisterCB	0x8ee95e88	camera_isp_4_t.ko
cmdqCoreRegisterCB	0x8ee95e88	mdp_drv_mt6768.ko
cmdqCoreRegisterDebugRegDumpCB	0x22dee9a4	camera_isp_4_t.ko
cmdq_alloc_user_pool	0x280cd391	mdp_drv_mt6768.ko
cmdq_check_thread_complete	0x5db302c9	mtk-mml.ko
cmdq_clear_event	0xc9cc8982	cmdq-sec-drv.ko
cmdq_clear_event	0xc9cc8982	cmdq-test.ko
cmdq_clear_event	0xc9cc8982	mdp_drv_mt6768.ko
cmdq_clear_event	0xc9cc8982	mtk-mml.ko
cmdq_clients	0x41826c93	mdp_drv_mt6768.ko
cmdq_core_save_first_dump	0xa54f61c8	mdp_drv_mt6768.ko
cmdq_core_should_print_msg	0x96065e86	mdp_drv_mt6768.ko
cmdq_ctx	0xdc252376	mdp_drv_mt6768.ko
cmdq_debug_cb	0x2c9e1211	mdp_drv_mt6768.ko
cmdq_dev_get_event	0x870aabe1	mediatek-drm.ko
cmdq_dev_get_event	0x870aabe1	mtk-vcu.ko
cmdq_dump_pkt	0xc8612145	cmdq-sec-drv.ko
cmdq_dump_pkt	0xc8612145	cmdq-test.ko
cmdq_dump_pkt	0xc8612145	mdp_drv_mt6768.ko
cmdq_dump_pkt	0xc8612145	mediatek-drm.ko
cmdq_dump_pkt	0xc8612145	mtk-vcu.ko
cmdq_dump_summary	0x7fd79dda	cmdq-sec-drv.ko
cmdq_get_event	0x8bd20a76	cmdq-test.ko
cmdq_get_event	0x8bd20a76	mdp_drv_mt6768.ko
cmdq_get_vcp_buf	0x85292f1d	cmdq-test.ko
cmdq_get_vcp_buf	0x85292f1d	mdp_drv_mt6768.ko
cmdq_get_vcp_buf	0x85292f1d	mtk-mml.ko
cmdq_group_cb	0x32ff532d	mdp_drv_mt6768.ko
cmdq_mbox_buf_alloc	0xe9fdfd96	cmdq-test.ko
cmdq_mbox_buf_alloc	0xe9fdfd96	mediatek-drm.ko
cmdq_mbox_buf_alloc	0xe9fdfd96	mtk-mml.ko
cmdq_mbox_buf_alloc	0xe9fdfd96	mtk-vcu.ko
cmdq_mbox_buf_free	0x0f67df61	cmdq-test.ko
cmdq_mbox_buf_free	0x0f67df61	mtk-mml.ko
cmdq_mbox_buf_free	0x0f67df61	mtk-vcu.ko
cmdq_mbox_chan_id	0x6aa05c15	mdp_drv_mt6768.ko
cmdq_mbox_channel_stop	0x227754d6	cmdq-test.ko
cmdq_mbox_channel_stop	0x227754d6	mtk-mml.ko
cmdq_mbox_create	0xf033cff1	camera_dpe_isp40.ko
cmdq_mbox_create	0xf033cff1	camera_fdvt_isp40.ko
cmdq_mbox_create	0xf033cff1	cmdq-bdg-test.ko
cmdq_mbox_create	0xf033cff1	cmdq-sec-drv.ko
cmdq_mbox_create	0xf033cff1	cmdq-test.ko
cmdq_mbox_create	0xf033cff1	mdp_drv_mt6768.ko
cmdq_mbox_create	0xf033cff1	mediatek-drm.ko
cmdq_mbox_create	0xf033cff1	mtk-mml.ko
cmdq_mbox_create	0xf033cff1	mtk-vcu.ko
cmdq_mbox_create	0xf033cff1	mtk_disp_sec.ko
cmdq_mbox_destroy	0xb85ad169	cmdq-test.ko
cmdq_mbox_destroy	0xb85ad169	mdp_drv_mt6768.ko
cmdq_mbox_destroy	0xb85ad169	mtk-mml.ko
cmdq_mbox_disable	0xe1d5b76c	camera_dpe_isp40.ko
cmdq_mbox_disable	0xe1d5b76c	camera_fdvt_isp40.ko
cmdq_mbox_disable	0xe1d5b76c	cmdq-sec-drv.ko
cmdq_mbox_disable	0xe1d5b76c	cmdq-test.ko
cmdq_mbox_disable	0xe1d5b76c	mdp_drv_mt6768.ko
cmdq_mbox_disable	0xe1d5b76c	mediatek-drm.ko
cmdq_mbox_disable	0xe1d5b76c	mtk-mml.ko
cmdq_mbox_disable	0xe1d5b76c	mtk-vcu.ko
cmdq_mbox_enable	0xfc102d94	camera_dpe_isp40.ko
cmdq_mbox_enable	0xfc102d94	camera_fdvt_isp40.ko
cmdq_mbox_enable	0xfc102d94	cmdq-sec-drv.ko
cmdq_mbox_enable	0xfc102d94	cmdq-test.ko
cmdq_mbox_enable	0xfc102d94	mdp_drv_mt6768.ko
cmdq_mbox_enable	0xfc102d94	mediatek-drm.ko
cmdq_mbox_enable	0xfc102d94	mtk-mml.ko
cmdq_mbox_enable	0xfc102d94	mtk-vcu.ko
cmdq_mbox_get_base_pa	0x484e9ead	cmdq-test.ko
cmdq_mbox_get_thread_timeout	0x14837105	cmdq-sec-drv.ko
cmdq_mbox_get_tpr	0xae1d247c	mediatek-drm.ko
cmdq_mbox_get_usage	0x00196e07	mtk-mml.ko
cmdq_mbox_mtcmos_by_fast	0x0f9f71f3	cmdq-sec-drv.ko
cmdq_mbox_pool_clear	0x8f4f3093	mdp_drv_mt6768.ko
cmdq_mbox_pool_set_limit	0x904ca22b	mdp_drv_mt6768.ko
cmdq_mbox_stop	0x8d07e6a1	camera_dpe_isp40.ko
cmdq_mbox_stop	0x8d07e6a1	cmdq-sec-drv.ko
cmdq_mbox_stop	0x8d07e6a1	cmdq-test.ko
cmdq_mbox_stop	0x8d07e6a1	mdp_drv_mt6768.ko
cmdq_mbox_stop	0x8d07e6a1	mediatek-drm.ko
cmdq_mbox_thread_remove_task	0x179b3c7a	mdp_drv_mt6768.ko
cmdq_mbox_thread_suspend	0x4d9c7bda	mdp_drv_mt6768.ko
cmdq_pkt_add_cmd_buffer	0x5dc0220b	mdp_drv_mt6768.ko
cmdq_pkt_add_cmd_buffer	0x5dc0220b	mediatek-drm.ko
cmdq_pkt_alloc_buf	0xeb4a0a03	mdp_drv_mt6768.ko
cmdq_pkt_append_command	0x098231bf	cmdq-sec-drv.ko
cmdq_pkt_assign_command	0x07ad1e74	cmdq-sec-drv.ko
cmdq_pkt_assign_command	0x07ad1e74	cmdq-test.ko
cmdq_pkt_assign_command	0x07ad1e74	mdp_drv_mt6768.ko
cmdq_pkt_assign_command	0x07ad1e74	mediatek-drm.ko
cmdq_pkt_assign_command	0x07ad1e74	mtk-mml.ko
cmdq_pkt_assign_command_reuse	0x2faf5e29	mtk-mml.ko
cmdq_pkt_backup	0x80da647f	mtk-mml.ko
cmdq_pkt_backup_get	0x0a04309b	mtk-mml.ko
cmdq_pkt_backup_stamp	0x4023c4bc	mtk-mml.ko
cmdq_pkt_backup_update	0xbcc0775e	mtk-mml.ko
cmdq_pkt_clear_event	0xe93a0f5c	cmdq-test.ko
cmdq_pkt_clear_event	0xe93a0f5c	mdp_drv_mt6768.ko
cmdq_pkt_clear_event	0xe93a0f5c	mediatek-drm.ko
cmdq_pkt_clear_event	0xe93a0f5c	mtk-mml.ko
cmdq_pkt_cond_jump	0xa4414b74	cmdq-test.ko
cmdq_pkt_cond_jump_abs	0x54493f76	mdp_drv_mt6768.ko
cmdq_pkt_cond_jump_abs	0x54493f76	mediatek-drm.ko
cmdq_pkt_cond_jump_abs	0x54493f76	mtk-mml.ko
cmdq_pkt_copy	0xe02828a5	cmdq-test.ko
cmdq_pkt_copy	0xe02828a5	mtk-mml.ko
cmdq_pkt_create	0x59803bbd	camera_dpe_isp40.ko
cmdq_pkt_create	0x59803bbd	camera_fdvt_isp40.ko
cmdq_pkt_create	0x59803bbd	cmdq-bdg-test.ko
cmdq_pkt_create	0x59803bbd	cmdq-sec-drv.ko
cmdq_pkt_create	0x59803bbd	cmdq-test.ko
cmdq_pkt_create	0x59803bbd	mdp_drv_mt6768.ko
cmdq_pkt_create	0x59803bbd	mediatek-drm.ko
cmdq_pkt_create	0x59803bbd	mtk-mml.ko
cmdq_pkt_create	0x59803bbd	mtk-vcu.ko
cmdq_pkt_create	0x59803bbd	mtk_disp_sec.ko
cmdq_pkt_destroy	0xf27af697	camera_dpe_isp40.ko
cmdq_pkt_destroy	0xf27af697	camera_fdvt_isp40.ko
cmdq_pkt_destroy	0xf27af697	cmdq-bdg-test.ko
cmdq_pkt_destroy	0xf27af697	cmdq-test.ko
cmdq_pkt_destroy	0xf27af697	mdp_drv_mt6768.ko
cmdq_pkt_destroy	0xf27af697	mediatek-drm.ko
cmdq_pkt_destroy	0xf27af697	mtk-mml.ko
cmdq_pkt_destroy	0xf27af697	mtk-vcu.ko
cmdq_pkt_destroy	0xf27af697	mtk_disp_sec.ko
cmdq_pkt_dump_buf	0x4f5ffbfe	cmdq-test.ko
cmdq_pkt_dump_buf	0x4f5ffbfe	mtk-mml.ko
cmdq_pkt_eoc	0x224e33e3	mtk-mml.ko
cmdq_pkt_finalize	0xdaf2b9f8	cmdq-test.ko
cmdq_pkt_finalize	0xdaf2b9f8	mdp_drv_mt6768.ko
cmdq_pkt_finalize_loop	0x03162618	cmdq-sec-drv.ko
cmdq_pkt_finalize_loop	0x03162618	cmdq-test.ko
cmdq_pkt_finalize_loop	0x03162618	mediatek-drm.ko
cmdq_pkt_finalize_loop	0x03162618	mtk_disp_sec.ko
cmdq_pkt_flush	0x7e6d727c	camera_dpe_isp40.ko
cmdq_pkt_flush	0x7e6d727c	camera_fdvt_isp40.ko
cmdq_pkt_flush	0x7e6d727c	cmdq-bdg-test.ko
cmdq_pkt_flush	0x7e6d727c	cmdq-test.ko
cmdq_pkt_flush	0x7e6d727c	mediatek-drm.ko
cmdq_pkt_flush	0x7e6d727c	mtk-mml.ko
cmdq_pkt_flush_async	0x68622a65	cmdq-bdg-test.ko
cmdq_pkt_flush_async	0x68622a65	cmdq-sec-drv.ko
cmdq_pkt_flush_async	0x68622a65	cmdq-test.ko
cmdq_pkt_flush_async	0x68622a65	mdp_drv_mt6768.ko
cmdq_pkt_flush_async	0x68622a65	mediatek-drm.ko
cmdq_pkt_flush_async	0x68622a65	mtk-mml.ko
cmdq_pkt_flush_threaded	0xa0ea6328	cmdq-bdg-test.ko
cmdq_pkt_flush_threaded	0xa0ea6328	cmdq-test.ko
cmdq_pkt_flush_threaded	0xa0ea6328	mediatek-drm.ko
cmdq_pkt_flush_threaded	0xa0ea6328	mtk-mml.ko
cmdq_pkt_flush_threaded	0xa0ea6328	mtk-vcu.ko
cmdq_pkt_flush_threaded	0xa0ea6328	mtk_disp_sec.ko
cmdq_pkt_get_curr_buf_pa	0xcadbd9e8	mdp_drv_mt6768.ko
cmdq_pkt_get_curr_buf_va	0x0a4172b1	cmdq-test.ko
cmdq_pkt_get_curr_offset	0x534eedb9	mtk-mml.ko
cmdq_pkt_get_pa_by_offset	0xd88027a6	mdp_drv_mt6768.ko
cmdq_pkt_get_pa_by_offset	0xd88027a6	mediatek-drm.ko
cmdq_pkt_get_pa_by_offset	0xd88027a6	mtk-mml.ko
cmdq_pkt_get_perf_ret	0x181a5cc8	mdp_drv_mt6768.ko
cmdq_pkt_get_perf_ret	0x181a5cc8	mtk-mml.ko
cmdq_pkt_get_va_by_offset	0x9b7d8c36	cmdq-sec-drv.ko
cmdq_pkt_get_va_by_offset	0x9b7d8c36	cmdq-test.ko
cmdq_pkt_get_va_by_offset	0x9b7d8c36	mdp_drv_mt6768.ko
cmdq_pkt_get_va_by_offset	0x9b7d8c36	mediatek-drm.ko
cmdq_pkt_get_va_by_offset	0x9b7d8c36	mtk-mml.ko
cmdq_pkt_handshake_event	0xe9be3bc9	cmdq-test.ko
cmdq_pkt_jump	0x89b91406	cmdq-test.ko
cmdq_pkt_jump_addr	0xf8cb85f1	mdp_drv_mt6768.ko
cmdq_pkt_jump_addr	0xf8cb85f1	mediatek-drm.ko
cmdq_pkt_logic_command	0x2a95f3e6	cmdq-sec-drv.ko
cmdq_pkt_logic_command	0x2a95f3e6	cmdq-test.ko
cmdq_pkt_logic_command	0x2a95f3e6	mdp_drv_mt6768.ko
cmdq_pkt_logic_command	0x2a95f3e6	mediatek-drm.ko
cmdq_pkt_logic_command	0x2a95f3e6	mtk-mml.ko
cmdq_pkt_mem_move	0x6bda5cfa	cmdq-test.ko
cmdq_pkt_mem_move	0x6bda5cfa	mdp_drv_mt6768.ko
cmdq_pkt_mem_move	0x6bda5cfa	mediatek-drm.ko
cmdq_pkt_mem_move	0x6bda5cfa	mtk-vcu.ko
cmdq_pkt_move	0x67bc6256	mdp_drv_mt6768.ko
cmdq_pkt_perf_begin	0x7e3f9dc0	mdp_drv_mt6768.ko
cmdq_pkt_poll	0x19b1c226	cmdq-test.ko
cmdq_pkt_poll	0x19b1c226	mtk-mml.ko
cmdq_pkt_poll_addr	0x9b4f28d1	mdp_drv_mt6768.ko
cmdq_pkt_poll_addr	0x9b4f28d1	mtk-mml.ko
cmdq_pkt_poll_addr	0x9b4f28d1	mtk-vcu.ko
cmdq_pkt_poll_sleep	0x8add32fc	cmdq-test.ko
cmdq_pkt_poll_timeout	0x9df312d5	cmdq-test.ko
cmdq_pkt_poll_timeout	0x9df312d5	mediatek-drm.ko
cmdq_pkt_poll_timeout	0x9df312d5	mtk-vcu.ko
cmdq_pkt_read	0xc1ebcced	cmdq-sec-drv.ko
cmdq_pkt_read	0xc1ebcced	cmdq-test.ko
cmdq_pkt_read	0xc1ebcced	mediatek-drm.ko
cmdq_pkt_read_addr	0x3474e58e	cmdq-test.ko
cmdq_pkt_read_addr	0x3474e58e	mdp_drv_mt6768.ko
cmdq_pkt_read_addr	0x3474e58e	mediatek-drm.ko
cmdq_pkt_read_addr	0x3474e58e	mtk-mml.ko
cmdq_pkt_read_addr	0x3474e58e	mtk-vcu.ko
cmdq_pkt_readback	0xa5dcb9e8	cmdq-test.ko
cmdq_pkt_readback	0xa5dcb9e8	mtk-mml.ko
cmdq_pkt_refinalize	0x32f09ffa	cmdq-test.ko
cmdq_pkt_refinalize	0x32f09ffa	mediatek-drm.ko
cmdq_pkt_refinalize	0x32f09ffa	mtk-mml.ko
cmdq_pkt_reuse_buf_va	0x1fc9cd59	cmdq-test.ko
cmdq_pkt_reuse_buf_va	0x1fc9cd59	mtk-mml.ko
cmdq_pkt_reuse_poll	0x8d4c370a	cmdq-test.ko
cmdq_pkt_reuse_poll	0x8d4c370a	mtk-mml.ko
cmdq_pkt_reuse_value	0xd354d452	mediatek-drm.ko
cmdq_pkt_set_event	0xc6eb9adb	cmdq-bdg-test.ko
cmdq_pkt_set_event	0xc6eb9adb	cmdq-sec-drv.ko
cmdq_pkt_set_event	0xc6eb9adb	cmdq-test.ko
cmdq_pkt_set_event	0xc6eb9adb	mdp_drv_mt6768.ko
cmdq_pkt_set_event	0xc6eb9adb	mediatek-drm.ko
cmdq_pkt_set_event	0xc6eb9adb	mtk-mml.ko
cmdq_pkt_set_event	0xc6eb9adb	mtk-vcu.ko
cmdq_pkt_set_event	0xc6eb9adb	mtk_disp_sec.ko
cmdq_pkt_sleep	0xaab50479	cmdq-test.ko
cmdq_pkt_sleep	0xaab50479	mediatek-drm.ko
cmdq_pkt_sleep	0xaab50479	mtk-mml.ko
cmdq_pkt_vcp_reuse_val	0x470b446f	cmdq-test.ko
cmdq_pkt_vcp_reuse_val	0x470b446f	mtk-mml.ko
cmdq_pkt_wait_complete	0x28c3420a	cmdq-test.ko
cmdq_pkt_wait_complete	0x28c3420a	mdp_drv_mt6768.ko
cmdq_pkt_wait_complete	0x28c3420a	mediatek-drm.ko
cmdq_pkt_wait_no_clear	0x5876c212	mdp_drv_mt6768.ko
cmdq_pkt_wait_no_clear	0x5876c212	mediatek-drm.ko
cmdq_pkt_wait_no_clear	0x5876c212	mtk-mml.ko
cmdq_pkt_wfe	0x0be7684b	camera_dpe_isp40.ko
cmdq_pkt_wfe	0x0be7684b	cmdq-bdg-test.ko
cmdq_pkt_wfe	0x0be7684b	cmdq-sec-drv.ko
cmdq_pkt_wfe	0x0be7684b	cmdq-test.ko
cmdq_pkt_wfe	0x0be7684b	mdp_drv_mt6768.ko
cmdq_pkt_wfe	0x0be7684b	mediatek-drm.ko
cmdq_pkt_wfe	0x0be7684b	mtk-mml.ko
cmdq_pkt_wfe	0x0be7684b	mtk-vcu.ko
cmdq_pkt_wfe	0x0be7684b	mtk_disp_sec.ko
cmdq_pkt_write	0x8e5098b4	camera_dpe_isp40.ko
cmdq_pkt_write	0x8e5098b4	camera_fdvt_isp40.ko
cmdq_pkt_write	0x8e5098b4	cmdq-bdg-test.ko
cmdq_pkt_write	0x8e5098b4	cmdq-test.ko
cmdq_pkt_write	0x8e5098b4	mediatek-drm.ko
cmdq_pkt_write	0x8e5098b4	mtk-mml.ko
cmdq_pkt_write	0x8e5098b4	mtk-vcu.ko
cmdq_pkt_write	0x8e5098b4	mtk_disp_sec.ko
cmdq_pkt_write_indriect	0xb8734e8c	cmdq-sec-drv.ko
cmdq_pkt_write_indriect	0xb8734e8c	cmdq-test.ko
cmdq_pkt_write_indriect	0xb8734e8c	mediatek-drm.ko
cmdq_pkt_write_reg_addr	0x60abbecc	cmdq-test.ko
cmdq_pkt_write_reg_addr	0x60abbecc	mdp_drv_mt6768.ko
cmdq_pkt_write_reg_addr	0x60abbecc	mediatek-drm.ko
cmdq_pkt_write_reg_addr	0x60abbecc	mtk-mml.ko
cmdq_pkt_write_reg_indriect	0xe0326844	cmdq-test.ko
cmdq_pkt_write_reg_indriect	0xe0326844	mdp_drv_mt6768.ko
cmdq_pkt_write_reg_indriect	0xe0326844	mtk-mml.ko
cmdq_pkt_write_value_addr	0xe08c2284	cmdq-test.ko
cmdq_pkt_write_value_addr	0xe08c2284	mdp_drv_mt6768.ko
cmdq_pkt_write_value_addr	0xe08c2284	mediatek-drm.ko
cmdq_pkt_write_value_addr	0xe08c2284	mtk-mml.ko
cmdq_pkt_write_value_addr_reuse	0x817cb53e	cmdq-test.ko
cmdq_pkt_write_value_addr_reuse	0x817cb53e	mediatek-drm.ko
cmdq_pkt_write_value_addr_reuse	0x817cb53e	mtk-mml.ko
cmdq_print_debug	0x35153fe3	cmdq-sec-drv.ko
cmdq_print_trace	0x3375e996	cmdq-sec-drv.ko
cmdq_register_device	0x2a961758	mdp_drv_mt6768.ko
cmdq_register_device	0x2a961758	mediatek-drm.ko
cmdq_register_device	0x2a961758	mtk-mml.ko
cmdq_register_device	0x2a961758	mtk-vcu.ko
cmdq_register_device	0x2a961758	mtk_disp_sec.ko
cmdq_reuse_refresh	0xe2cb31a0	mtk-mml.ko
cmdq_sec_helper_set_fp	0xd1ba3f6b	cmdq-sec-drv.ko
cmdq_sec_insert_backup_cookie	0x4c2c5154	mdp_drv_mt6768.ko
cmdq_sec_mbox_disable	0xcfe411c7	cmdq-test.ko
cmdq_sec_mbox_disable	0xcfe411c7	mdp_drv_mt6768.ko
cmdq_sec_mbox_disable	0xcfe411c7	mtk-vcu.ko
cmdq_sec_mbox_enable	0x79bb07e9	cmdq-test.ko
cmdq_sec_mbox_enable	0x79bb07e9	mdp_drv_mt6768.ko
cmdq_sec_mbox_enable	0x79bb07e9	mtk-vcu.ko
cmdq_sec_mbox_stop	0xd05193ac	cmdq-test.ko
cmdq_sec_mbox_stop	0xd05193ac	mdp_drv_mt6768.ko
cmdq_sec_mbox_stop	0xd05193ac	mtk_disp_sec.ko
cmdq_sec_mbox_switch_normal	0x11ae0d11	mtk-vcu.ko
cmdq_sec_pkt_assign_metadata	0x5a906494	mdp_drv_mt6768.ko
cmdq_sec_pkt_set_data	0x2ce73cdf	cmdq-test.ko
cmdq_sec_pkt_set_data	0x2ce73cdf	mdp_drv_mt6768.ko
cmdq_sec_pkt_set_data	0x2ce73cdf	mtk-vcu.ko
cmdq_sec_pkt_set_data	0x2ce73cdf	mtk_disp_sec.ko
cmdq_sec_pkt_set_mtee	0x09ac6fa7	cmdq-test.ko
cmdq_sec_pkt_set_mtee	0x09ac6fa7	mdp_drv_mt6768.ko
cmdq_sec_pkt_set_mtee	0x09ac6fa7	mtk-vcu.ko
cmdq_sec_pkt_set_mtee	0x09ac6fa7	mtk_disp_sec.ko
cmdq_sec_pkt_set_payload	0x88cdde5e	mdp_drv_mt6768.ko
cmdq_sec_pkt_set_secid	0xf54c1a2a	mtk-vcu.ko
cmdq_sec_pkt_set_secid	0xf54c1a2a	mtk_disp_sec.ko
cmdq_sec_pkt_write_reg	0x31a4257b	mtk-vcu.ko
cmdq_sec_pkt_write_reg_disp	0x0c7198f4	mtk_disp_sec.ko
cmdq_set_event	0x239ca61d	cmdq-test.ko
cmdq_set_event	0x239ca61d	mdp_drv_mt6768.ko
cmdq_set_outpin_event	0x76cc35aa	mediatek-drm.ko
cmdq_task_get_pkt_from_thread	0x32926802	mdp_drv_mt6768.ko
cmdq_task_get_thread_irq	0x5ec9355f	mdp_drv_mt6768.ko
cmdq_task_get_thread_pc	0xb1b10c91	mdp_drv_mt6768.ko
cmdq_thread_dump	0x2b281891	cmdq-test.ko
cmdq_thread_dump	0x2b281891	mediatek-drm.ko
cmdq_thread_dump	0x2b281891	mtk-mml.ko
cmdq_thread_dump_spr	0x7e66078a	mediatek-drm.ko
cmdq_thread_set_spr	0x48c82845	mtk-mml.ko
cmdq_thread_timeout_backup	0x18f2d931	cmdq-test.ko
cmdq_thread_timeout_restore	0x60dac0ec	cmdq-test.ko
cmdq_util_disp_smc_cmd	0xa9410db2	mediatek-drm.ko
cmdq_util_dump_lock	0x3a724b9a	cmdq-sec-drv.ko
cmdq_util_dump_unlock	0xc56dae99	cmdq-sec-drv.ko
cmdq_util_enable_disp_va	0xd24e746d	mediatek-drm.ko
cmdq_util_error_disable	0xf36be3ca	cmdq-sec-drv.ko
cmdq_util_error_enable	0x1cf259a2	cmdq-sec-drv.ko
cmdq_util_error_save	0xf95cc9b1	cmdq-sec-drv.ko
cmdq_util_error_save	0xf95cc9b1	mtk-mml.ko
cmdq_util_error_save_lst	0xb15e0dca	cmdq_helper_inf.ko
cmdq_util_event_module_dispatch	0x02c72cd1	mdp_drv_mt6768.ko
cmdq_util_get_first_err_mod	0x86ce8797	cmdq_helper_inf.ko
cmdq_util_get_hw_id	0x8c874bc4	cmdq-sec-drv.ko
cmdq_util_hw_trace_dump	0x90396079	mediatek-drm.ko
cmdq_util_is_feature_en	0x9cddefee	cmdq-sec-drv.ko
cmdq_util_pkvm_disable	0x6e185a70	cmdq-sec-drv.ko
cmdq_util_prebuilt_dump	0x188e924c	mdp_drv_mt6768.ko
cmdq_util_prebuilt_dump	0x188e924c	mtk-mml.ko
cmdq_util_prebuilt_init	0x941a2387	mtk-mml.ko
cmdq_util_reset_fp	0xdbacc0c1	cmdq-platform-mt6768.ko
cmdq_util_set_fp	0x413bf522	cmdq-platform-mt6768.ko
cmdq_util_set_mml_aid_selmode	0x515e661f	mtk-mml.ko
cmdq_util_test_get_subsys_list	0xe128e9df	cmdq-test.ko
cmdq_util_test_set_ostd	0x9905a4c2	cmdq-test.ko
cmdq_util_track_ctrl	0x5097a0a3	cmdq-sec-drv.ko
cmdq_vcp_enable	0x50309be5	cmdq-test.ko
cmdq_vcp_enable	0x50309be5	mdp_drv_mt6768.ko
cmdq_vcp_enable	0x50309be5	mtk-mml.ko
complete	0xa6257a2f	accelhub.ko
complete	0xa6257a2f	aee_aed.ko
complete	0xa6257a2f	bt_drv_connac1x.ko
complete	0xa6257a2f	btif_drv.ko
complete	0xa6257a2f	cmdq-bdg-test.ko
complete	0xa6257a2f	cmdq-test.ko
complete	0xa6257a2f	conn_md_drv.ko
complete	0xa6257a2f	fmradio_drv_mt6631.ko
complete	0xa6257a2f	ft8057m_spi.ko
complete	0xa6257a2f	ft8057p_spi.ko
complete	0xa6257a2f	gyrohub.ko
complete	0xa6257a2f	gz_ipc_mod.ko
complete	0xa6257a2f	gz_trusty_mod.ko
complete	0xa6257a2f	gz_virtio_mod.ko
complete	0xa6257a2f	i2c-mt65xx.ko
complete	0xa6257a2f	icnl9916_spi.ko
complete	0xa6257a2f	isee.ko
complete	0xa6257a2f	maghub.ko
complete	0xa6257a2f	mcDrvModule.ko
complete	0xa6257a2f	mediatek-drm.ko
complete	0xa6257a2f	met.ko
complete	0xa6257a2f	mtk-cmdq-drv-ext.ko
complete	0xa6257a2f	mtk-cqdma.ko
complete	0xa6257a2f	mtk-mml.ko
complete	0xa6257a2f	mtk_tinysys_ipi.ko
complete	0xa6257a2f	nt36528_spi.ko
complete	0xa6257a2f	rtc-mt6397.ko
complete	0xa6257a2f	scp.ko
complete	0xa6257a2f	sensorHub.ko
complete	0xa6257a2f	sil_fingerprint.ko
complete	0xa6257a2f	situationhub.ko
complete	0xa6257a2f	spi-mt65xx.ko
complete	0xa6257a2f	sspm_v1.ko
complete	0xa6257a2f	t-base-tui.ko
complete	0xa6257a2f	ufs-mediatek-mod.ko
complete	0xa6257a2f	wlan_drv_gen4m_6768.ko
complete	0xa6257a2f	wmt_drv.ko
complete_all	0x93d6dd8c	gz_virtio_mod.ko
complete_all	0x93d6dd8c	isee.ko
complete_all	0x93d6dd8c	mali_kbase_mt6768_r49.ko
complete_all	0x93d6dd8c	mtk-mml.ko
complete_all	0x93d6dd8c	t-base-tui.ko
complete_all	0x93d6dd8c	wlan_drv_gen4m_6768.ko
completion_done	0xddf6ad7a	isee.ko
completion_done	0xddf6ad7a	wlan_drv_gen4m_6768.ko
component_add	0x95f9ae5b	mediatek-drm.ko
component_add	0x95f9ae5b	mtk-mml.ko
component_add	0x95f9ae5b	mtk-smi.ko
component_add_typed	0xe620cb07	mtk-mml.ko
component_bind_all	0x889b8ffa	mediatek-drm.ko
component_bind_all	0x889b8ffa	mtk-mml.ko
component_bind_all	0x889b8ffa	mtk_iommu.ko
component_del	0x9299928a	mediatek-drm.ko
component_del	0x9299928a	mtk-mml.ko
component_del	0x9299928a	mtk-smi.ko
component_master_add_with_match	0x3238078f	mediatek-drm.ko
component_master_add_with_match	0x3238078f	mtk-mml.ko
component_master_add_with_match	0x3238078f	mtk_iommu.ko
component_master_del	0xb4205bd6	mediatek-drm.ko
component_master_del	0xb4205bd6	mtk-mml.ko
component_master_del	0xb4205bd6	mtk_iommu.ko
component_match_add_release	0x644bb27d	mediatek-drm.ko
component_match_add_release	0x644bb27d	mtk_iommu.ko
component_match_add_typed	0xf0638767	mtk-mml.ko
component_unbind_all	0x8e3f4c55	mediatek-drm.ko
component_unbind_all	0x8e3f4c55	mtk-mml.ko
component_unbind_all	0x8e3f4c55	mtk_iommu.ko
config_ep_by_speed	0x97ded298	c2k_usb.ko
config_ep_by_speed	0x97ded298	mtk_usb_f_rndis.ko
config_group_init_type_name	0x04e4c815	c2k_usb.ko
config_group_init_type_name	0x04e4c815	mtk_usb_f_rndis.ko
connectivity_export_dump_thread_state	0xdced65b2	wmt_drv.ko
connectivity_export_gpio_get_tristate_input	0xd92c1527	wmt_drv.ko
connectivity_export_mmc_io_rw_direct	0xb9bddafd	wmt_drv.ko
connectivity_export_show_stack	0xac0581da	wlan_drv_gen4m_6768.ko
connectivity_export_show_stack	0xac0581da	wmt_drv.ko
connsys_log_deinit	0x5b5cc9fe	bt_drv_connac1x.ko
connsys_log_deinit	0x5b5cc9fe	gps_drv_stp.ko
connsys_log_deinit	0x5b5cc9fe	wlan_drv_gen4m_6768.ko
connsys_log_get_buf_size	0x93eb7ab0	bt_drv_connac1x.ko
connsys_log_get_buf_size	0x93eb7ab0	gps_drv_stp.ko
connsys_log_get_buf_size	0x93eb7ab0	wlan_drv_gen4m_6768.ko
connsys_log_init	0x88db89e4	bt_drv_connac1x.ko
connsys_log_init	0x88db89e4	gps_drv_stp.ko
connsys_log_init	0x88db89e4	wlan_drv_gen4m_6768.ko
connsys_log_read_to_user	0x2f350e2e	bt_drv_connac1x.ko
connsys_log_read_to_user	0x2f350e2e	gps_drv_stp.ko
connsys_log_read_to_user	0x2f350e2e	wlan_drv_gen4m_6768.ko
connsys_log_register_event_cb	0xc1ec710b	bt_drv_connac1x.ko
connsys_log_register_event_cb	0xc1ec710b	gps_drv_stp.ko
connsys_log_register_event_cb	0xc1ec710b	wlan_drv_gen4m_6768.ko
console_list	0xb5093dd3	mtk_printk_ctrl.ko
console_list_lock	0x6f14e9db	mtk_printk_ctrl.ko
console_list_unlock	0x14d7477f	mtk_printk_ctrl.ko
console_suspend_enabled	0x0366307a	MTK_INTERNAL_SPM.ko
consume_skb	0x21ee9387	ccmni.ko
consume_skb	0x21ee9387	cfg80211.ko
consume_skb	0x21ee9387	mac80211.ko
consume_skb	0x21ee9387	mtk_usb_f_rndis.ko
consume_skb	0x21ee9387	wlan_drv_gen4m_6768.ko
contig_page_data	0x936dda11	mali_mgm_mt6768_r49.ko
contig_page_data	0x936dda11	system_heap.ko
contig_page_data	0x936dda11	trace_mmstat.ko
copy_from_kernel_nofault	0x4531ab62	mme.ko
copy_from_kernel_nofault	0x4531ab62	mrdump.ko
copy_from_kernel_nofault	0x4531ab62	mtk-vcu.ko
copy_from_kernel_nofault	0x4531ab62	mtk_heap_debug.ko
cpr_not_support_cookie	0x619a6e0b	cmdq-sec-drv.ko
cpu_all_bits	0xd994ecee	mediatek-drm.ko
cpu_bit_bitmap	0x62ad2053	aee_hangdet.ko
cpu_bit_bitmap	0x62ad2053	cache-parity.ko
cpu_bit_bitmap	0x62ad2053	isee.ko
cpu_bit_bitmap	0x62ad2053	mediatek-drm.ko
cpu_bit_bitmap	0x62ad2053	mtk-mmc.ko
cpu_bit_bitmap	0x62ad2053	ufs-mediatek-mod.ko
cpu_busy_with_softirqs	0x3c5aab9e	scheduler.ko
cpu_hotplug_disable	0x4d0015e2	aee_hangdet.ko
cpu_hotplug_disable	0x4d0015e2	mediatek-drm.ko
cpu_hotplug_enable	0xf6c8dc62	aee_hangdet.ko
cpu_hotplug_enable	0xf6c8dc62	mediatek-drm.ko
cpu_latency_qos_add_request	0x52384e38	bt_drv_connac1x.ko
cpu_latency_qos_add_request	0x52384e38	mcdi.ko
cpu_latency_qos_add_request	0x52384e38	mediatek-drm.ko
cpu_latency_qos_add_request	0x52384e38	mtk-mmc.ko
cpu_latency_qos_add_request	0x52384e38	musb_boost.ko
cpu_latency_qos_add_request	0x52384e38	ufs-mediatek-mod.ko
cpu_latency_qos_remove_request	0xd273017c	bt_drv_connac1x.ko
cpu_latency_qos_remove_request	0xd273017c	mtk-mmc.ko
cpu_latency_qos_update_request	0x6c9565df	bt_drv_connac1x.ko
cpu_latency_qos_update_request	0x6c9565df	mcdi.ko
cpu_latency_qos_update_request	0x6c9565df	mediatek-drm.ko
cpu_latency_qos_update_request	0x6c9565df	mtk-mmc.ko
cpu_latency_qos_update_request	0x6c9565df	musb_boost.ko
cpu_latency_qos_update_request	0x6c9565df	ufs-mediatek-mod.ko
cpu_number	0xf8b9acd3	8250_mtk.ko
cpu_number	0xf8b9acd3	CPU_DVFS.ko
cpu_number	0xf8b9acd3	MTK_INTERNAL_SPM.ko
cpu_number	0xf8b9acd3	aee_aed.ko
cpu_number	0xf8b9acd3	aee_hangdet.ko
cpu_number	0xf8b9acd3	arm_dsu_pmu.ko
cpu_number	0xf8b9acd3	blocktag.ko
cpu_number	0xf8b9acd3	bt_drv_connac1x.ko
cpu_number	0xf8b9acd3	cache-parity.ko
cpu_number	0xf8b9acd3	ccci_util_lib.ko
cpu_number	0xf8b9acd3	ccmni.ko
cpu_number	0xf8b9acd3	cfg80211.ko
cpu_number	0xf8b9acd3	cpufreq_sugov_ext.ko
cpu_number	0xf8b9acd3	ged.ko
cpu_number	0xf8b9acd3	gz_ipc_mod.ko
cpu_number	0xf8b9acd3	gz_irq_mod.ko
cpu_number	0xf8b9acd3	gz_trusty_mod.ko
cpu_number	0xf8b9acd3	mac80211.ko
cpu_number	0xf8b9acd3	mali_kbase_mt6768_r49.ko
cpu_number	0xf8b9acd3	mcDrvModule.ko
cpu_number	0xf8b9acd3	mcdi.ko
cpu_number	0xf8b9acd3	mediatek-drm.ko
cpu_number	0xf8b9acd3	met.ko
cpu_number	0xf8b9acd3	mme.ko
cpu_number	0xf8b9acd3	mmqos-common.ko
cpu_number	0xf8b9acd3	mrdump.ko
cpu_number	0xf8b9acd3	mtk-dvfsrc-regulator.ko
cpu_number	0xf8b9acd3	mtk-emi.ko
cpu_number	0xf8b9acd3	mtk-icc-core.ko
cpu_number	0xf8b9acd3	mtk-mbox.ko
cpu_number	0xf8b9acd3	mtk-mmdvfs-ftrace.ko
cpu_number	0xf8b9acd3	mtk-uart-apdma.ko
cpu_number	0xf8b9acd3	mtk_cpu_power_throttling.ko
cpu_number	0xf8b9acd3	mtk_cpuidle.ko
cpu_number	0xf8b9acd3	mtk_fpsgo.ko
cpu_number	0xf8b9acd3	mtk_low_battery_throttling.ko
cpu_number	0xf8b9acd3	mtk_peak_power_budget.ko
cpu_number	0xf8b9acd3	mtk_perf_common.ko
cpu_number	0xf8b9acd3	mtk_ppm_v3.ko
cpu_number	0xf8b9acd3	musb_hdrc.ko
cpu_number	0xf8b9acd3	powerhal_cpu_ctrl.ko
cpu_number	0xf8b9acd3	scheduler.ko
cpu_number	0xf8b9acd3	system_heap.ko
cpu_number	0xf8b9acd3	thermal_monitor.ko
cpu_number	0xf8b9acd3	timer-mediatek.ko
cpu_number	0xf8b9acd3	touch_boost.ko
cpu_number	0xf8b9acd3	trace_mmstat.ko
cpu_number	0xf8b9acd3	ufs-mediatek-dbg.ko
cpu_number	0xf8b9acd3	ufs-mediatek-mod.ko
cpu_number	0xf8b9acd3	wlan_drv_gen4m_6768.ko
cpu_number	0xf8b9acd3	zsmalloc.ko
cpu_pm_register_notifier	0xfd878075	MTK_INTERNAL_SPM.ko
cpu_pm_register_notifier	0xfd878075	met.ko
cpu_pm_register_notifier	0xfd878075	mtk_ppm_v3.ko
cpu_pm_unregister_notifier	0x58fab4fb	met.ko
cpu_pm_unregister_notifier	0x58fab4fb	mtk_ppm_v3.ko
cpu_scale	0x54552241	cpufreq_sugov_ext.ko
cpu_scale	0x54552241	scheduler.ko
cpu_subsys	0x8bc00e08	mtk_perf_common.ko
cpu_subsys	0x8bc00e08	scheduler.ko
cpu_topology	0xe4bc4b09	CPU_DVFS.ko
cpu_topology	0xe4bc4b09	cpufreq_sugov_ext.ko
cpu_topology	0xe4bc4b09	gz_tz_system.ko
cpu_topology	0xe4bc4b09	mtk_cpuhp.ko
cpu_topology	0xe4bc4b09	powerhal_cpu_ctrl.ko
cpu_topology	0xe4bc4b09	scheduler.ko
cpufreq_add_update_util_hook	0x1403ad09	cpufreq_sugov_ext.ko
cpufreq_cpu_get	0x72c90142	cpufreq_sugov_ext.ko
cpufreq_cpu_get	0x72c90142	mediatek-drm.ko
cpufreq_cpu_get	0x72c90142	met.ko
cpufreq_cpu_get	0x72c90142	mtk_cm_mgr.ko
cpufreq_cpu_get	0x72c90142	mtk_cpu_power_throttling.ko
cpufreq_cpu_get	0x72c90142	mtk_fpsgo.ko
cpufreq_cpu_get	0x72c90142	mtk_pbm.ko
cpufreq_cpu_get	0x72c90142	mtk_perf_common.ko
cpufreq_cpu_get	0x72c90142	mtk_ppm_v3.ko
cpufreq_cpu_get	0x72c90142	musb_boost.ko
cpufreq_cpu_get	0x72c90142	powerhal_cpu_ctrl.ko
cpufreq_cpu_get	0x72c90142	scheduler.ko
cpufreq_cpu_get	0x72c90142	teeperf.ko
cpufreq_cpu_get	0x72c90142	thermal_monitor.ko
cpufreq_cpu_get	0x72c90142	touch_boost.ko
cpufreq_cpu_get	0x72c90142	trusted_mem.ko
cpufreq_cpu_get	0x72c90142	wlan_drv_gen4m_6768.ko
cpufreq_cpu_put	0x45930102	cpufreq_sugov_ext.ko
cpufreq_cpu_put	0x45930102	mediatek-drm.ko
cpufreq_cpu_put	0x45930102	met.ko
cpufreq_cpu_put	0x45930102	mtk_cm_mgr.ko
cpufreq_cpu_put	0x45930102	mtk_cpu_power_throttling.ko
cpufreq_cpu_put	0x45930102	mtk_fpsgo.ko
cpufreq_cpu_put	0x45930102	mtk_pbm.ko
cpufreq_cpu_put	0x45930102	mtk_perf_common.ko
cpufreq_cpu_put	0x45930102	mtk_ppm_v3.ko
cpufreq_cpu_put	0x45930102	powerhal_cpu_ctrl.ko
cpufreq_cpu_put	0x45930102	scheduler.ko
cpufreq_cpu_put	0x45930102	teeperf.ko
cpufreq_cpu_put	0x45930102	touch_boost.ko
cpufreq_cpu_put	0x45930102	trusted_mem.ko
cpufreq_cpu_put	0x45930102	wlan_drv_gen4m_6768.ko
cpufreq_disable_fast_switch	0x077fc653	cpufreq_sugov_ext.ko
cpufreq_driver_fast_switch	0x59ee7839	cpufreq_sugov_ext.ko
cpufreq_driver_resolve_freq	0xf3f14d1b	cpufreq_sugov_ext.ko
cpufreq_enable_fast_switch	0x57e786b0	cpufreq_sugov_ext.ko
cpufreq_freq_attr_scaling_available_freqs	0x2e50f29f	CPU_DVFS.ko
cpufreq_freq_transition_begin	0xe54c2af6	CPU_DVFS.ko
cpufreq_freq_transition_end	0x3b76778b	CPU_DVFS.ko
cpufreq_frequency_table_verify	0xec774acb	CPU_DVFS.ko
cpufreq_get_policy	0xce5dd80a	cpumaxfreq.ko
cpufreq_get_policy	0xce5dd80a	mtk_fpsgo.ko
cpufreq_policy_transition_delay_us	0x4c4ac8d8	cpufreq_sugov_ext.ko
cpufreq_quick_get	0x7c46233a	mtk_pbm.ko
cpufreq_quick_get	0x7c46233a	thermal_monitor.ko
cpufreq_register_driver	0xaf4147e6	CPU_DVFS.ko
cpufreq_register_governor	0xd1ab2478	cpufreq_sugov_ext.ko
cpufreq_register_notifier	0x2334cc91	mtk_ppm_v3.ko
cpufreq_remove_update_util_hook	0x3192d768	cpufreq_sugov_ext.ko
cpufreq_table_index_unsorted	0x56d7415f	CPU_DVFS.ko
cpufreq_table_index_unsorted	0x56d7415f	mtk_cm_mgr.ko
cpufreq_this_cpu_can_update	0x521068f5	cpufreq_sugov_ext.ko
cpufreq_unregister_driver	0x5cf84b91	CPU_DVFS.ko
cpufreq_unregister_governor	0x6d756697	cpufreq_sugov_ext.ko
cpufreq_update_limits	0x816a41ca	teeperf.ko
cpufreq_update_limits	0x816a41ca	trusted_mem.ko
cpufreq_update_util_data	0xbd22b8fb	scheduler.ko
cpuidle_get_driver	0xe377817f	mcdi.ko
cpuidle_get_driver	0xe377817f	mtk_cpuidle.ko
cpuidle_governor_latency_req	0xc319717f	mcdi.ko
cpuidle_pause_and_lock	0xf553318d	mcdi.ko
cpuidle_resume_and_unlock	0xcabe04de	mcdi.ko
cpumask_any_and_distribute	0xceb4af5b	scheduler.ko
cpupri_find_fitness	0x6c1bd1ba	scheduler.ko
cpus_read_lock	0xa04f945a	isee.ko
cpus_read_lock	0xa04f945a	met.ko
cpus_read_unlock	0x18fb2caf	isee.ko
cpus_read_unlock	0x18fb2caf	met.ko
cqhci_deactivate	0xe2e1e367	mtk-mmc.ko
cqhci_init	0x5685d7af	mtk-mmc.ko
cqhci_irq	0xe46aab95	mtk-mmc.ko
crc32_be	0x4df02057	mac80211.ko
crc32_le	0x69dd3b5b	cfg80211.ko
crc32_le	0x69dd3b5b	mac80211.ko
crc32_le	0x69dd3b5b	mrdump.ko
crc32_le	0x69dd3b5b	wmt_drv.ko
crypto_aead_decrypt	0x2cd17a29	mac80211.ko
crypto_aead_encrypt	0x55bf2b03	mac80211.ko
crypto_aead_setauthsize	0x64cefb14	mac80211.ko
crypto_aead_setkey	0x976adc0e	mac80211.ko
crypto_alloc_aead	0x3005e29f	mac80211.ko
crypto_alloc_akcipher	0xe1f5c9e1	ccu_isp4.ko
crypto_alloc_base	0x79c9639c	zram.ko
crypto_alloc_shash	0x8f2ac638	ccu_isp4.ko
crypto_alloc_shash	0x8f2ac638	mac80211.ko
crypto_alloc_shash	0x8f2ac638	mcDrvModule.ko
crypto_alloc_shash	0x8f2ac638	rpmb-mtk.ko
crypto_alloc_skcipher	0x25ed5552	mac80211.ko
crypto_comp_compress	0x40b56de3	zram.ko
crypto_comp_decompress	0x9fc76d4b	zram.ko
crypto_destroy_tfm	0xced838a6	ccu_isp4.ko
crypto_destroy_tfm	0xced838a6	mac80211.ko
crypto_destroy_tfm	0xced838a6	mcDrvModule.ko
crypto_destroy_tfm	0xced838a6	rpmb-mtk.ko
crypto_destroy_tfm	0xced838a6	zram.ko
crypto_has_alg	0x951a2773	zram.ko
crypto_req_done	0x0a8e458b	ccu_isp4.ko
crypto_shash_digest	0xb6797a6a	ccu_isp4.ko
crypto_shash_digest	0xb6797a6a	mac80211.ko
crypto_shash_final	0x898a9068	mcDrvModule.ko
crypto_shash_final	0x898a9068	rpmb-mtk.ko
crypto_shash_finup	0x872c08f8	mac80211.ko
crypto_shash_setkey	0xf1bb2727	mac80211.ko
crypto_shash_setkey	0xf1bb2727	rpmb-mtk.ko
crypto_shash_update	0xae19f3c0	mac80211.ko
crypto_shash_update	0xae19f3c0	mcDrvModule.ko
crypto_shash_update	0xae19f3c0	rpmb-mtk.ko
crypto_skcipher_decrypt	0x8b883f84	mac80211.ko
crypto_skcipher_encrypt	0xc3b50daa	mac80211.ko
crypto_skcipher_setkey	0xc6fb4fae	mac80211.ko
cs_dev_check_cs_temp	0x2be3ef7f	mtk_charger_framework.ko
cs_dev_do_event	0x6e4bdafe	mtk_charger_framework.ko
cs_dev_is_charging_done	0xa2e1dc1a	mtk_charger_framework.ko
css_next_child	0x112a5d24	scheduler.ko
csum_partial	0xe113bbbc	cfg80211.ko
csum_partial	0xe113bbbc	mac80211.ko
ct_idle_enter	0xa2c0f59a	mcdi.ko
ct_idle_exit	0x52647db1	mcdi.ko
curr_collab_state	0x029e6339	scheduler.ko
d_path	0x0b3d9c2b	mcDrvModule.ko
d_path	0x0b3d9c2b	monitor_hang.ko
d_path	0x0b3d9c2b	mtk_heap_debug.ko
dapm_clock_event	0xb287621d	snd-soc-mt6768-afe.ko
dapm_kcontrol_get_value	0x9ef077d3	snd-soc-mt6358.ko
dapm_regulator_event	0x08b865e3	snd-soc-mt6358.ko
deactivate_task	0xc2275ae4	scheduler.ko
debounce_times_perf_down_force_local_get	0x0afda797	mtk_cm_mgr_mt6768.ko
debounce_times_perf_down_force_local_set	0x2f765d7f	mtk_cm_mgr_mt6768.ko
debounce_times_perf_down_get	0x58d81146	mtk_cm_mgr_mt6768.ko
debounce_times_perf_down_local_get	0x4c71307f	mtk_cm_mgr_mt6768.ko
debounce_times_perf_down_local_set	0xdb9edfa7	mtk_cm_mgr_mt6768.ko
debounce_times_perf_force_down_get	0x3852e890	mtk_cm_mgr_mt6768.ko
debugfs_attr_read	0x0d73da6a	mali_kbase_mt6768_r49.ko
debugfs_attr_read	0x0d73da6a	mali_mgm_mt6768_r49.ko
debugfs_attr_write	0x9d30f914	mali_kbase_mt6768_r49.ko
debugfs_attr_write	0x9d30f914	mali_mgm_mt6768_r49.ko
debugfs_create_bool	0x0d462452	mali_kbase_mt6768_r49.ko
debugfs_create_bool	0x0d462452	mediatek-drm.ko
debugfs_create_dir	0x1f1faaa1	cfg80211.ko
debugfs_create_dir	0x1f1faaa1	cmdq-bdg-test.ko
debugfs_create_dir	0x1f1faaa1	cmdq-test.ko
debugfs_create_dir	0x1f1faaa1	emiisu.ko
debugfs_create_dir	0x1f1faaa1	fhctl.ko
debugfs_create_dir	0x1f1faaa1	ged.ko
debugfs_create_dir	0x1f1faaa1	mali_kbase_mt6768_r49.ko
debugfs_create_dir	0x1f1faaa1	mali_mgm_mt6768_r49.ko
debugfs_create_dir	0x1f1faaa1	mcDrvModule.ko
debugfs_create_dir	0x1f1faaa1	mediatek-drm.ko
debugfs_create_dir	0x1f1faaa1	mme.ko
debugfs_create_dir	0x1f1faaa1	mmprofile.ko
debugfs_create_dir	0x1f1faaa1	mt6577_auxadc.ko
debugfs_create_dir	0x1f1faaa1	mtk-cmdq-drv-ext.ko
debugfs_create_dir	0x1f1faaa1	mtk-dvfsrc-helper.ko
debugfs_create_dir	0x1f1faaa1	mtk-icc-core.ko
debugfs_create_dir	0x1f1faaa1	mtk-mml.ko
debugfs_create_dir	0x1f1faaa1	mtk-smi-dbg.ko
debugfs_create_dir	0x1f1faaa1	tcpc_class.ko
debugfs_create_file	0x44974417	cmdq-bdg-test.ko
debugfs_create_file	0x44974417	cmdq-test.ko
debugfs_create_file	0x44974417	emiisu.ko
debugfs_create_file	0x44974417	fhctl.ko
debugfs_create_file	0x44974417	ged.ko
debugfs_create_file	0x44974417	mali_kbase_mt6768_r49.ko
debugfs_create_file	0x44974417	mali_mgm_mt6768_r49.ko
debugfs_create_file	0x44974417	mcDrvModule.ko
debugfs_create_file	0x44974417	mediatek-drm.ko
debugfs_create_file	0x44974417	mediatek_static_power.ko
debugfs_create_file	0x44974417	mme.ko
debugfs_create_file	0x44974417	mmprofile.ko
debugfs_create_file	0x44974417	mt6577_auxadc.ko
debugfs_create_file	0x44974417	mtk-cmdq-drv-ext.ko
debugfs_create_file	0x44974417	mtk-dvfsrc-helper.ko
debugfs_create_file	0x44974417	mtk-icc-core.ko
debugfs_create_file	0x44974417	mtk-mml.ko
debugfs_create_file	0x44974417	mtk-smi-dbg.ko
debugfs_create_file	0x44974417	snd-soc-mt6358.ko
debugfs_create_file	0x44974417	snd-soc-mt6768-afe.ko
debugfs_create_file	0x44974417	tcpc_class.ko
debugfs_create_file	0x44974417	trace_mmstat.ko
debugfs_create_u32	0xe7916bec	mcDrvModule.ko
debugfs_lookup	0x6db0290b	cmdq-bdg-test.ko
debugfs_lookup	0x6db0290b	cmdq-test.ko
debugfs_lookup	0x6db0290b	mtk-cmdq-drv-ext.ko
debugfs_lookup	0x6db0290b	mtk-mml.ko
debugfs_lookup	0x6db0290b	mtk-smi-dbg.ko
debugfs_remove	0x3ef04b32	cfg80211.ko
debugfs_remove	0x3ef04b32	ged.ko
debugfs_remove	0x3ef04b32	mali_kbase_mt6768_r49.ko
debugfs_remove	0x3ef04b32	mali_mgm_mt6768_r49.ko
debugfs_remove	0x3ef04b32	mcDrvModule.ko
debugfs_remove	0x3ef04b32	mediatek-drm.ko
debugfs_remove	0x3ef04b32	mmprofile.ko
debugfs_remove	0x3ef04b32	mtk-dvfsrc-helper.ko
debugfs_remove	0x3ef04b32	mtk-icc-core.ko
debugfs_remove	0x3ef04b32	tcpc_class.ko
debugfs_rename	0xa6eacf18	cfg80211.ko
dec_zone_page_state	0x682fe81c	zsmalloc.ko
default_llseek	0x186ee401	aee_aed.ko
default_llseek	0x186ee401	mali_kbase_mt6768_r49.ko
default_llseek	0x186ee401	mcDrvModule.ko
del_gendisk	0x9d02c4e9	zram.ko
delayed_work_timer_fn	0x253af43d	bt_drv_connac1x.ko
delayed_work_timer_fn	0x253af43d	c2k_usb.ko
delayed_work_timer_fn	0x253af43d	ccci_cldma.ko
delayed_work_timer_fn	0x253af43d	ccci_md_all.ko
delayed_work_timer_fn	0x253af43d	ccmni.ko
delayed_work_timer_fn	0x253af43d	cfg80211.ko
delayed_work_timer_fn	0x253af43d	extcon-mtk-usb.ko
delayed_work_timer_fn	0x253af43d	ft8057m_spi.ko
delayed_work_timer_fn	0x253af43d	ft8057p_spi.ko
delayed_work_timer_fn	0x253af43d	icnl9916_spi.ko
delayed_work_timer_fn	0x253af43d	load_track.ko
delayed_work_timer_fn	0x253af43d	mac80211.ko
delayed_work_timer_fn	0x253af43d	mali_kbase_mt6768_r49.ko
delayed_work_timer_fn	0x253af43d	mdp_drv_mt6768.ko
delayed_work_timer_fn	0x253af43d	mediatek-drm.ko
delayed_work_timer_fn	0x253af43d	met.ko
delayed_work_timer_fn	0x253af43d	mmqos-common.ko
delayed_work_timer_fn	0x253af43d	mrdump.ko
delayed_work_timer_fn	0x253af43d	mt6358-regulator.ko
delayed_work_timer_fn	0x253af43d	mt6370-charger.ko
delayed_work_timer_fn	0x253af43d	mtk-mmc.ko
delayed_work_timer_fn	0x253af43d	mtk-vcodec-dec-v1.ko
delayed_work_timer_fn	0x253af43d	mtk_cm_mgr.ko
delayed_work_timer_fn	0x253af43d	mtk_cm_mgr_mt6768.ko
delayed_work_timer_fn	0x253af43d	mtk_gpu_qos.ko
delayed_work_timer_fn	0x253af43d	mtk_jpeg.ko
delayed_work_timer_fn	0x253af43d	mtk_pbm.ko
delayed_work_timer_fn	0x253af43d	mtk_perf_common.ko
delayed_work_timer_fn	0x253af43d	musb_hdrc.ko
delayed_work_timer_fn	0x253af43d	nt36528_spi.ko
delayed_work_timer_fn	0x253af43d	pd_dbg_info.ko
delayed_work_timer_fn	0x253af43d	pmic_lbat_service.ko
delayed_work_timer_fn	0x253af43d	sgm41543_charger.ko
delayed_work_timer_fn	0x253af43d	snd-soc-fs15xx.ko
delayed_work_timer_fn	0x253af43d	tcpc_class.ko
delayed_work_timer_fn	0x253af43d	thermal_monitor.ko
delayed_work_timer_fn	0x253af43d	trace_mmstat.ko
delayed_work_timer_fn	0x253af43d	trusted_mem.ko
delayed_work_timer_fn	0x253af43d	ufs-mediatek-mod.ko
delayed_work_timer_fn	0x253af43d	upm6920_charger.ko
delayed_work_timer_fn	0x253af43d	usb_meta.ko
delayed_work_timer_fn	0x253af43d	wifi_ant_check.ko
delayed_work_timer_fn	0x253af43d	wlan_drv_gen4m_6768.ko
destroy_workqueue	0x8c03d20c	bt_drv_connac1x.ko
destroy_workqueue	0x8c03d20c	btif_drv.ko
destroy_workqueue	0x8c03d20c	c2k_usb.ko
destroy_workqueue	0x8c03d20c	ccmni.ko
destroy_workqueue	0x8c03d20c	ccu_isp4.ko
destroy_workqueue	0x8c03d20c	cfg80211.ko
destroy_workqueue	0x8c03d20c	drm_display_helper.ko
destroy_workqueue	0x8c03d20c	fmradio_drv_mt6631.ko
destroy_workqueue	0x8c03d20c	ft8057m_spi.ko
destroy_workqueue	0x8c03d20c	ft8057p_spi.ko
destroy_workqueue	0x8c03d20c	ged.ko
destroy_workqueue	0x8c03d20c	icnl9916_spi.ko
destroy_workqueue	0x8c03d20c	load_track.ko
destroy_workqueue	0x8c03d20c	mac80211.ko
destroy_workqueue	0x8c03d20c	mali_kbase_mt6768_r49.ko
destroy_workqueue	0x8c03d20c	mdp_drv_mt6768.ko
destroy_workqueue	0x8c03d20c	mediatek-drm.ko
destroy_workqueue	0x8c03d20c	miev.ko
destroy_workqueue	0x8c03d20c	mt6358-accdet.ko
destroy_workqueue	0x8c03d20c	mt6370-charger.ko
destroy_workqueue	0x8c03d20c	mtk-cmdq-drv-ext.ko
destroy_workqueue	0x8c03d20c	mtk-mml.ko
destroy_workqueue	0x8c03d20c	mtk-vcodec-dec-v1.ko
destroy_workqueue	0x8c03d20c	mtk-vcodec-enc-v1.ko
destroy_workqueue	0x8c03d20c	mtk_fpsgo.ko
destroy_workqueue	0x8c03d20c	mtk_u_ether.ko
destroy_workqueue	0x8c03d20c	nt36528_spi.ko
destroy_workqueue	0x8c03d20c	scp.ko
destroy_workqueue	0x8c03d20c	sil_fingerprint.ko
destroy_workqueue	0x8c03d20c	snd-soc-fs15xx.ko
destroy_workqueue	0x8c03d20c	wlan_drv_gen4m_6768.ko
dev_addr_mod	0x7163fde1	ccmni.ko
dev_addr_mod	0x7163fde1	mac80211.ko
dev_addr_mod	0x7163fde1	mtk_u_ether.ko
dev_addr_mod	0x7163fde1	wlan_drv_gen4m_6768.ko
dev_alloc_name	0xad0d388a	mac80211.ko
dev_base_lock	0xa5976e4f	thermal_monitor.ko
dev_close	0x3d8d1736	cfg80211.ko
dev_close	0x3d8d1736	mac80211.ko
dev_driver_string	0x38a93ad8	ccci_cldma.ko
dev_driver_string	0x38a93ad8	drm_display_helper.ko
dev_driver_string	0x38a93ad8	i2c-mt65xx.ko
dev_driver_string	0x38a93ad8	mali_kbase_mt6768_r49.ko
dev_driver_string	0x38a93ad8	musb_hdrc.ko
dev_driver_string	0x38a93ad8	spi-mt65xx.ko
dev_driver_string	0x38a93ad8	wlan_drv_gen4m_6768.ko
dev_err_probe	0xb25b2beb	leds-mt6370-flash.ko
dev_err_probe	0xb25b2beb	mt6370-adc.ko
dev_err_probe	0xb25b2beb	mt6370-charger.ko
dev_err_probe	0xb25b2beb	mt6370.ko
dev_err_probe	0xb25b2beb	mtk_battery_oc_throttling.ko
dev_err_probe	0xb25b2beb	phy-generic.ko
dev_err_probe	0xb25b2beb	pmic_lbat_service.ko
dev_fetch_sw_netstats	0xa1051fd8	mac80211.ko
dev_get_by_index	0x16858025	cfg80211.ko
dev_get_by_name	0xf5ce9e7b	wmt_chrdev_wifi.ko
dev_get_regmap	0x4b96c215	clkbuf.ko
dev_get_regmap	0x4b96c215	leds-mt6370-flash.ko
dev_get_regmap	0x4b96c215	log_store.ko
dev_get_regmap	0x4b96c215	mediatek-drm.ko
dev_get_regmap	0x4b96c215	mt6370-adc.ko
dev_get_regmap	0x4b96c215	mt6370-charger.ko
dev_get_regmap	0x4b96c215	mt6370-regulator.ko
dev_get_regmap	0x4b96c215	mt6397.ko
dev_get_regmap	0x4b96c215	mtk-pmic-keys.ko
dev_get_regmap	0x4b96c215	mtk_battery_oc_throttling.ko
dev_get_regmap	0x4b96c215	mtk_dynamic_loading_throttling.ko
dev_get_regmap	0x4b96c215	nvmem-mt635x-efuse.ko
dev_get_regmap	0x4b96c215	pinctrl-mtk-v2.ko
dev_get_regmap	0x4b96c215	pmic_lbat_service.ko
dev_get_regmap	0x4b96c215	pmic_lvsys_notify.ko
dev_get_stats	0xe8026f5f	ccmni.ko
dev_get_stats	0xe8026f5f	mtk_usb_f_rndis.ko
dev_get_stats	0xe8026f5f	thermal_monitor.ko
dev_get_stats	0xe8026f5f	wlan_drv_gen4m_6768.ko
dev_kfree_skb_any_reason	0x969da5d4	ccci_md_all.ko
dev_kfree_skb_any_reason	0x969da5d4	ccmni.ko
dev_kfree_skb_any_reason	0x969da5d4	mac80211.ko
dev_kfree_skb_any_reason	0x969da5d4	mtk_u_ether.ko
dev_kfree_skb_any_reason	0x969da5d4	mtk_usb_f_rndis.ko
dev_kfree_skb_any_reason	0x969da5d4	wlan_drv_gen4m_6768.ko
dev_pm_clear_wake_irq	0xa2a8c5b9	wifi_ant_check.ko
dev_pm_domain_attach_by_id	0x7f61885e	mtk-cmdq-drv-ext.ko
dev_pm_domain_attach_by_name	0xe6ff7a1b	mediatek-drm.ko
dev_pm_genpd_add_notifier	0x96f9cd5d	clk-common.ko
dev_pm_genpd_add_notifier	0x96f9cd5d	mtk-smi.ko
dev_pm_genpd_add_notifier	0x96f9cd5d	mtk_iommu.ko
dev_pm_genpd_set_performance_state	0x0887880f	mtk_cm_mgr_mt6768.ko
dev_pm_opp_add_dynamic	0xb0cd03ab	mtk-dvfsrc-devfreq.ko
dev_pm_opp_clear_config	0x32295715	mali_kbase_mt6768_r49.ko
dev_pm_opp_find_freq_ceil	0x8b4ce5be	cam_qos_4.ko
dev_pm_opp_find_freq_ceil	0x8b4ce5be	imgsensor_isp4_t.ko
dev_pm_opp_find_freq_ceil	0x8b4ce5be	mali_kbase_mt6768_r49.ko
dev_pm_opp_find_freq_ceil	0x8b4ce5be	mediatek-drm.ko
dev_pm_opp_find_freq_ceil	0x8b4ce5be	mmqos-common.ko
dev_pm_opp_find_freq_ceil	0x8b4ce5be	mtk-mmdvfs.ko
dev_pm_opp_find_freq_ceil	0x8b4ce5be	mtk-mml.ko
dev_pm_opp_find_freq_ceil	0x8b4ce5be	mtk-vcodec-dec-v1.ko
dev_pm_opp_find_freq_ceil	0x8b4ce5be	mtk-vcodec-enc-v1.ko
dev_pm_opp_find_freq_ceil	0x8b4ce5be	mtk_jpeg.ko
dev_pm_opp_find_freq_exact	0xbd8eac1c	mali_kbase_mt6768_r49.ko
dev_pm_opp_find_freq_floor	0x3e643055	cam_qos_4.ko
dev_pm_opp_find_freq_floor	0x3e643055	mali_kbase_mt6768_r49.ko
dev_pm_opp_find_freq_floor	0x3e643055	mmqos-common.ko
dev_pm_opp_get_freq_indexed	0xafced282	mtk-dvfsrc-devfreq.ko
dev_pm_opp_get_level	0x7c2f6a15	mtk-scpsys.ko
dev_pm_opp_get_opp_count	0x56d622cb	cam_qos_4.ko
dev_pm_opp_get_opp_count	0x56d622cb	imgsensor_isp4_t.ko
dev_pm_opp_get_opp_count	0x56d622cb	mali_kbase_mt6768_r49.ko
dev_pm_opp_get_opp_count	0x56d622cb	mdp_drv_mt6768.ko
dev_pm_opp_get_opp_count	0x56d622cb	mediatek-drm.ko
dev_pm_opp_get_opp_count	0x56d622cb	mtk-mml.ko
dev_pm_opp_get_opp_count	0x56d622cb	mtk-vcodec-dec-v1.ko
dev_pm_opp_get_opp_count	0x56d622cb	mtk-vcodec-enc-v1.ko
dev_pm_opp_get_opp_count	0x56d622cb	mtk_jpeg.ko
dev_pm_opp_get_voltage	0x732d1def	cam_qos_4.ko
dev_pm_opp_get_voltage	0x732d1def	imgsensor_isp4_t.ko
dev_pm_opp_get_voltage	0x732d1def	mali_kbase_mt6768_r49.ko
dev_pm_opp_get_voltage	0x732d1def	mediatek-drm.ko
dev_pm_opp_get_voltage	0x732d1def	mmqos-common.ko
dev_pm_opp_get_voltage	0x732d1def	mtk-mmdvfs.ko
dev_pm_opp_get_voltage	0x732d1def	mtk-mml.ko
dev_pm_opp_get_voltage	0x732d1def	mtk-vcodec-dec-v1.ko
dev_pm_opp_get_voltage	0x732d1def	mtk-vcodec-enc-v1.ko
dev_pm_opp_get_voltage	0x732d1def	mtk_jpeg.ko
dev_pm_opp_of_add_table	0x0188fd9e	cam_qos_4.ko
dev_pm_opp_of_add_table	0x0188fd9e	imgsensor_isp4_t.ko
dev_pm_opp_of_add_table	0x0188fd9e	mali_kbase_mt6768_r49.ko
dev_pm_opp_of_add_table	0x0188fd9e	mediatek-drm.ko
dev_pm_opp_of_add_table	0x0188fd9e	mmqos-common.ko
dev_pm_opp_of_add_table	0x0188fd9e	mtk-mmdvfs.ko
dev_pm_opp_of_add_table	0x0188fd9e	mtk-mml.ko
dev_pm_opp_of_add_table	0x0188fd9e	mtk-vcodec-dec-v1.ko
dev_pm_opp_of_add_table	0x0188fd9e	mtk-vcodec-enc-v1.ko
dev_pm_opp_of_add_table	0x0188fd9e	mtk_jpeg.ko
dev_pm_opp_of_add_table_indexed	0x2f242d11	mdp_drv_mt6768.ko
dev_pm_opp_of_cpumask_add_table	0x8cf281e7	CPU_DVFS.ko
dev_pm_opp_of_get_sharing_cpus	0xb6908162	CPU_DVFS.ko
dev_pm_opp_of_remove_table	0xcc5338c2	imgsensor_isp4_t.ko
dev_pm_opp_of_remove_table	0xcc5338c2	mali_kbase_mt6768_r49.ko
dev_pm_opp_put	0x30f9c20e	cam_qos_4.ko
dev_pm_opp_put	0x30f9c20e	imgsensor_isp4_t.ko
dev_pm_opp_put	0x30f9c20e	mali_kbase_mt6768_r49.ko
dev_pm_opp_put	0x30f9c20e	mediatek-drm.ko
dev_pm_opp_put	0x30f9c20e	mmqos-common.ko
dev_pm_opp_put	0x30f9c20e	mtk-dvfsrc-devfreq.ko
dev_pm_opp_put	0x30f9c20e	mtk-mmdvfs.ko
dev_pm_opp_put	0x30f9c20e	mtk-mml.ko
dev_pm_opp_put	0x30f9c20e	mtk-vcodec-dec-v1.ko
dev_pm_opp_put	0x30f9c20e	mtk-vcodec-enc-v1.ko
dev_pm_opp_put	0x30f9c20e	mtk_jpeg.ko
dev_pm_opp_remove_all_dynamic	0x1b891121	mtk-dvfsrc-devfreq.ko
dev_pm_opp_set_config	0xaf182078	mali_kbase_mt6768_r49.ko
dev_pm_set_wake_irq	0x70325972	wifi_ant_check.ko
dev_set_name	0x4cdd8744	adapter_class.ko
dev_set_name	0x4cdd8744	cfg80211.ko
dev_set_name	0x4cdd8744	charger_class.ko
dev_set_name	0x4cdd8744	isee.ko
dev_set_name	0x4cdd8744	mcDrvModule.ko
dev_set_name	0x4cdd8744	mtk_charger_algorithm_class.ko
dev_set_name	0x4cdd8744	rpmb.ko
dev_set_name	0x4cdd8744	snd-soc-mt6660.ko
dev_set_name	0x4cdd8744	t-base-tui.ko
dev_set_name	0x4cdd8744	tcpc_class.ko
devfreq_add_device	0x4f087883	mali_kbase_mt6768_r49.ko
devfreq_add_governor	0x6e9bbe60	mali_kbase_mt6768_r49.ko
devfreq_cooling_unregister	0x8e942d7a	mali_kbase_mt6768_r49.ko
devfreq_monitor_resume	0xfb4eaa0e	mali_kbase_mt6768_r49.ko
devfreq_monitor_start	0x52cd0d25	mali_kbase_mt6768_r49.ko
devfreq_monitor_stop	0x2d49a6fc	mali_kbase_mt6768_r49.ko
devfreq_monitor_suspend	0xf61a669c	mali_kbase_mt6768_r49.ko
devfreq_recommended_opp	0xdd8b9b54	mali_kbase_mt6768_r49.ko
devfreq_recommended_opp	0xdd8b9b54	mtk-dvfsrc-devfreq.ko
devfreq_register_opp_notifier	0x2f1fb68a	mali_kbase_mt6768_r49.ko
devfreq_remove_device	0xacd26b61	mali_kbase_mt6768_r49.ko
devfreq_remove_device	0xacd26b61	mtk-dvfsrc-devfreq.ko
devfreq_remove_governor	0xb00f7338	mali_kbase_mt6768_r49.ko
devfreq_resume_device	0xf45620a5	mali_kbase_mt6768_r49.ko
devfreq_resume_device	0xf45620a5	ufs-mediatek-mod.ko
devfreq_suspend_device	0x94308a15	mali_kbase_mt6768_r49.ko
devfreq_suspend_device	0x94308a15	ufs-mediatek-mod.ko
devfreq_unregister_opp_notifier	0x1cd4f1af	mali_kbase_mt6768_r49.ko
devfreq_update_interval	0x516a3e8f	mali_kbase_mt6768_r49.ko
device_add	0x5c68b0c8	cfg80211.ko
device_add	0x5c68b0c8	isee.ko
device_add_disk	0x1da45bf7	zram.ko
device_create	0xbeca914b	bt_drv_connac1x.ko
device_create	0xbeca914b	c2k_usb.ko
device_create	0xbeca914b	camera_dpe_isp40.ko
device_create	0xbeca914b	camera_eeprom_isp4_t.ko
device_create	0xbeca914b	camera_fdvt_isp40.ko
device_create	0xbeca914b	camera_isp_4_t.ko
device_create	0xbeca914b	camera_mem.ko
device_create	0xbeca914b	ccci_md_all.ko
device_create	0xbeca914b	ccci_util_lib.ko
device_create	0xbeca914b	ccu_isp4.ko
device_create	0xbeca914b	connadp.ko
device_create	0xbeca914b	flashlight.ko
device_create	0xbeca914b	fmradio_drv_mt6631.ko
device_create	0xbeca914b	gc_gc6133c_ii.ko
device_create	0xbeca914b	gf_fingerprint.ko
device_create	0xbeca914b	gps_drv_stp.ko
device_create	0xbeca914b	gz_ipc_mod.ko
device_create	0xbeca914b	hwmon.ko
device_create	0xbeca914b	icnl9916_spi.ko
device_create	0xbeca914b	imgsensor_isp4_t.ko
device_create	0xbeca914b	isee.ko
device_create	0xbeca914b	main2af.ko
device_create	0xbeca914b	main3af.ko
device_create	0xbeca914b	mainaf.ko
device_create	0xbeca914b	mcDrvModule.ko
device_create	0xbeca914b	mdp_drv_mt6768.ko
device_create	0xbeca914b	mediatek-drm.ko
device_create	0xbeca914b	mi_memory.ko
device_create	0xbeca914b	miev.ko
device_create	0xbeca914b	mt6358_battery.ko
device_create	0xbeca914b	mtk-smi-bwc.ko
device_create	0xbeca914b	mtk-vcu.ko
device_create	0xbeca914b	musb_boost.ko
device_create	0xbeca914b	nxp_i2c.ko
device_create	0xbeca914b	rpmb-mtk.ko
device_create	0xbeca914b	sc_sc080cs_i.ko
device_create	0xbeca914b	sec.ko
device_create	0xbeca914b	sensorHub.ko
device_create	0xbeca914b	sil_fingerprint.ko
device_create	0xbeca914b	sp_sp0821_iii.ko
device_create	0xbeca914b	sub2af.ko
device_create	0xbeca914b	subaf.ko
device_create	0xbeca914b	t-base-tui.ko
device_create	0xbeca914b	teeperf.ko
device_create	0xbeca914b	thermal_monitor.ko
device_create	0xbeca914b	usb_meta.ko
device_create	0xbeca914b	widevine_driver.ko
device_create	0xbeca914b	wifi_ant_check.ko
device_create	0xbeca914b	wlan_drv_gen4m_6768.ko
device_create	0xbeca914b	wmt_chrdev_wifi.ko
device_create	0xbeca914b	wmt_drv.ko
device_create	0xbeca914b	xiaomi_touch.ko
device_create_bin_file	0x569c7ad2	scp.ko
device_create_bin_file	0x569c7ad2	sspm_v1.ko
device_create_file	0x95e93781	MTK_INTERNAL_SPM.ko
device_create_file	0x95e93781	c2k_usb.ko
device_create_file	0x95e93781	extcon-mtk-usb.ko
device_create_file	0x95e93781	flashlight.ko
device_create_file	0x95e93781	gz_main_mod.ko
device_create_file	0x95e93781	gz_trusty_mod.ko
device_create_file	0x95e93781	icnl9916_spi.ko
device_create_file	0x95e93781	isee.ko
device_create_file	0x95e93781	leds-mtk.ko
device_create_file	0x95e93781	mediatek-drm.ko
device_create_file	0x95e93781	met.ko
device_create_file	0x95e93781	mt6358_battery.ko
device_create_file	0x95e93781	mt6370-charger.ko
device_create_file	0x95e93781	mt63xx-debug.ko
device_create_file	0x95e93781	mtk-pwm.ko
device_create_file	0x95e93781	mtk_bp_thl.ko
device_create_file	0x95e93781	mtk_charger_framework.ko
device_create_file	0x95e93781	mtk_low_battery_throttling.ko
device_create_file	0x95e93781	musb_boost.ko
device_create_file	0x95e93781	musb_hdrc.ko
device_create_file	0x95e93781	nvmem-mt635x-efuse.ko
device_create_file	0x95e93781	pmic_lbat_service.ko
device_create_file	0x95e93781	scp.ko
device_create_file	0x95e93781	sensorHub.ko
device_create_file	0x95e93781	situationhub.ko
device_create_file	0x95e93781	spi-mt65xx.ko
device_create_file	0x95e93781	sspm_v1.ko
device_create_file	0x95e93781	upm6920_charger.ko
device_create_file	0x95e93781	usb_meta.ko
device_create_file	0x95e93781	wifi_ant_check.ko
device_create_with_groups	0xab6dc572	extdev_io_class.ko
device_create_with_groups	0xab6dc572	mediatek-drm.ko
device_del	0x5fa5fd20	cfg80211.ko
device_del	0x5fa5fd20	isee.ko
device_del	0x5fa5fd20	rpmb.ko
device_destroy	0x26824530	bt_drv_connac1x.ko
device_destroy	0x26824530	c2k_usb.ko
device_destroy	0x26824530	camera_dpe_isp40.ko
device_destroy	0x26824530	camera_eeprom_isp4_t.ko
device_destroy	0x26824530	camera_fdvt_isp40.ko
device_destroy	0x26824530	camera_isp_4_t.ko
device_destroy	0x26824530	camera_mem.ko
device_destroy	0x26824530	ccu_isp4.ko
device_destroy	0x26824530	connadp.ko
device_destroy	0x26824530	flashlight.ko
device_destroy	0x26824530	fmradio_drv_mt6631.ko
device_destroy	0x26824530	gf_fingerprint.ko
device_destroy	0x26824530	gps_drv_stp.ko
device_destroy	0x26824530	gz_ipc_mod.ko
device_destroy	0x26824530	hwmon.ko
device_destroy	0x26824530	icnl9916_spi.ko
device_destroy	0x26824530	imgsensor_isp4_t.ko
device_destroy	0x26824530	isee.ko
device_destroy	0x26824530	main2af.ko
device_destroy	0x26824530	main3af.ko
device_destroy	0x26824530	mainaf.ko
device_destroy	0x26824530	mcDrvModule.ko
device_destroy	0x26824530	mdp_drv_mt6768.ko
device_destroy	0x26824530	mediatek-drm.ko
device_destroy	0x26824530	mi_memory.ko
device_destroy	0x26824530	miev.ko
device_destroy	0x26824530	mtk-vcu.ko
device_destroy	0x26824530	nxp_i2c.ko
device_destroy	0x26824530	sec.ko
device_destroy	0x26824530	sensorHub.ko
device_destroy	0x26824530	sil_fingerprint.ko
device_destroy	0x26824530	sub2af.ko
device_destroy	0x26824530	subaf.ko
device_destroy	0x26824530	teeperf.ko
device_destroy	0x26824530	thermal_monitor.ko
device_destroy	0x26824530	usb_meta.ko
device_destroy	0x26824530	widevine_driver.ko
device_destroy	0x26824530	wifi_ant_check.ko
device_destroy	0x26824530	wlan_drv_gen4m_6768.ko
device_destroy	0x26824530	wmt_chrdev_wifi.ko
device_destroy	0x26824530	wmt_drv.ko
device_destroy	0x26824530	xiaomi_touch.ko
device_for_each_child	0x8eddfdef	gz_trusty_mod.ko
device_get_child_node_count	0x9dc02a3e	leds-mt6370-flash.ko
device_get_child_node_count	0x9dc02a3e	leds-mtk-disp.ko
device_get_child_node_count	0x9dc02a3e	leds-mtk-pwm.ko
device_get_match_data	0xb46a1341	mt6577_auxadc.ko
device_get_match_data	0xb46a1341	pinctrl-mtk-v2.ko
device_get_next_child_node	0x6498a870	leds-mt6370-flash.ko
device_get_next_child_node	0x6498a870	leds-mtk-disp.ko
device_get_next_child_node	0x6498a870	leds-mtk-pwm.ko
device_initialize	0x00a09714	cfg80211.ko
device_initialize	0x00a09714	isee.ko
device_link_add	0x767341ae	camera_dpe_isp40.ko
device_link_add	0x767341ae	camera_fdvt_isp40.ko
device_link_add	0x767341ae	camera_isp_4_t.ko
device_link_add	0x767341ae	cmdq-sec-drv.ko
device_link_add	0x767341ae	mediatek-drm.ko
device_link_add	0x767341ae	mt6577_auxadc.ko
device_link_add	0x767341ae	mtk-cmdq-drv-ext.ko
device_link_add	0x767341ae	mtk-smi.ko
device_link_add	0x767341ae	mtk-vcodec-dec-v1.ko
device_link_add	0x767341ae	mtk-vcodec-enc-v1.ko
device_link_add	0x767341ae	mtk_iommu.ko
device_link_add	0x767341ae	mtk_jpeg.ko
device_link_add	0x767341ae	ufs-mediatek-mod.ko
device_link_remove	0x6659ddc4	mtk_iommu.ko
device_node_to_regmap	0x8af6b0fa	mtk-scpsys.ko
device_property_present	0x85d06621	phy-mtk-tphy.ko
device_property_read_u32_array	0x7deb509a	mtk-mmc.ko
device_property_read_u32_array	0x7deb509a	mtk_battery_manager.ko
device_property_read_u32_array	0x7deb509a	musb_boost.ko
device_property_read_u32_array	0x7deb509a	phy-mtk-tphy.ko
device_property_read_u32_array	0x7deb509a	sgm41543_charger.ko
device_register	0xcc790526	adapter_class.ko
device_register	0xcc790526	charger_class.ko
device_register	0xcc790526	mediatek-drm.ko
device_register	0xcc790526	mtk_charger_algorithm_class.ko
device_register	0xcc790526	rpmb.ko
device_register	0xcc790526	tcpc_class.ko
device_remove_file	0xd2343620	c2k_usb.ko
device_remove_file	0xd2343620	flashlight.ko
device_remove_file	0xd2343620	gz_main_mod.ko
device_remove_file	0xd2343620	gz_trusty_mod.ko
device_remove_file	0xd2343620	icnl9916_spi.ko
device_remove_file	0xd2343620	isee.ko
device_remove_file	0xd2343620	leds-mtk.ko
device_remove_file	0xd2343620	mediatek-drm.ko
device_remove_file	0xd2343620	met.ko
device_remove_file	0xd2343620	mt6370-charger.ko
device_remove_file	0xd2343620	mt63xx-debug.ko
device_remove_file	0xd2343620	mtk-pwm.ko
device_remove_file	0xd2343620	musb_boost.ko
device_remove_file	0xd2343620	musb_hdrc.ko
device_remove_file	0xd2343620	sensorHub.ko
device_remove_file	0xd2343620	situationhub.ko
device_remove_file	0xd2343620	wifi_ant_check.ko
device_rename	0x864fc24b	cfg80211.ko
device_rename	0x864fc24b	musb_hdrc.ko
device_set_of_node_from_dev	0xb268177c	tcpc_class.ko
device_set_wakeup_capable	0x966ee5a3	mt635x-auxadc.ko
device_set_wakeup_capable	0x966ee5a3	mtk_spi.ko
device_set_wakeup_capable	0x966ee5a3	musb_hdrc.ko
device_set_wakeup_capable	0x966ee5a3	nt36528_spi.ko
device_set_wakeup_capable	0x966ee5a3	nxp_i2c.ko
device_set_wakeup_capable	0x966ee5a3	phy-generic.ko
device_set_wakeup_capable	0x966ee5a3	rtc-mt6397.ko
device_set_wakeup_capable	0x966ee5a3	tcpc_class.ko
device_set_wakeup_capable	0x966ee5a3	tcpc_rt1711h.ko
device_set_wakeup_capable	0x966ee5a3	tcpc_upm7610.ko
device_set_wakeup_capable	0x966ee5a3	upm6920_charger.ko
device_set_wakeup_capable	0x966ee5a3	wifi_ant_check.ko
device_set_wakeup_capable	0x966ee5a3	wlan_drv_gen4m_6768.ko
device_set_wakeup_capable	0x966ee5a3	wmt_drv.ko
device_shutdown_symbol	0xa4fb2ecd	ft8057m_spi.ko
device_shutdown_symbol	0xa4fb2ecd	ft8057p_spi.ko
device_shutdown_symbol	0xa4fb2ecd	nt36528_spi.ko
device_unregister	0x7707a9dc	adapter_class.ko
device_unregister	0x7707a9dc	charger_class.ko
device_unregister	0x7707a9dc	extdev_io_class.ko
device_unregister	0x7707a9dc	icnl9916_spi.ko
device_unregister	0x7707a9dc	mediatek-drm.ko
device_unregister	0x7707a9dc	mtk_charger_algorithm_class.ko
device_unregister	0x7707a9dc	musb_hdrc.ko
device_unregister	0x7707a9dc	tcpc_class.ko
device_wakeup_disable	0x4ae2e3aa	musb_hdrc.ko
device_wakeup_disable	0x4ae2e3aa	nt36528_spi.ko
device_wakeup_disable	0x4ae2e3aa	nxp_i2c.ko
device_wakeup_disable	0x4ae2e3aa	wifi_ant_check.ko
device_wakeup_disable	0x4ae2e3aa	wmt_drv.ko
device_wakeup_enable	0xba900711	mt635x-auxadc.ko
device_wakeup_enable	0xba900711	mtk_spi.ko
device_wakeup_enable	0xba900711	nt36528_spi.ko
device_wakeup_enable	0xba900711	nxp_i2c.ko
device_wakeup_enable	0xba900711	rtc-mt6397.ko
device_wakeup_enable	0xba900711	tcpc_class.ko
device_wakeup_enable	0xba900711	tcpc_rt1711h.ko
device_wakeup_enable	0xba900711	tcpc_upm7610.ko
device_wakeup_enable	0xba900711	upm6920_charger.ko
device_wakeup_enable	0xba900711	wifi_ant_check.ko
device_wakeup_enable	0xba900711	wlan_drv_gen4m_6768.ko
device_wakeup_enable	0xba900711	wmt_drv.ko
devm_backlight_device_register	0x71db93a8	drm_display_helper.ko
devm_blk_crypto_profile_init	0x565d52fc	cqhci.ko
devm_clk_bulk_get	0xeb9e235b	mtk_jpeg.ko
devm_clk_bulk_get_optional	0x9909a4b6	mtk-mmc.ko
devm_clk_bulk_get_optional	0x9909a4b6	phy-mtk-tphy.ko
devm_clk_get	0x454d3026	8250_mtk.ko
devm_clk_get	0x454d3026	btif_drv.ko
devm_clk_get	0x454d3026	camera_dpe_isp40.ko
devm_clk_get	0x454d3026	camera_fdvt_isp40.ko
devm_clk_get	0x454d3026	camera_isp_4_t.ko
devm_clk_get	0x454d3026	ccci_ccif.ko
devm_clk_get	0x454d3026	ccci_cldma.ko
devm_clk_get	0x454d3026	ccci_fsm_scp.ko
devm_clk_get	0x454d3026	ccci_md_all.ko
devm_clk_get	0x454d3026	ccu_isp4.ko
devm_clk_get	0x454d3026	clk-common.ko
devm_clk_get	0x454d3026	cmdq-sec-drv.ko
devm_clk_get	0x454d3026	cmdq-test.ko
devm_clk_get	0x454d3026	device-apc-common-legacy.ko
devm_clk_get	0x454d3026	i2c-mt65xx.ko
devm_clk_get	0x454d3026	imgsensor_isp4_t.ko
devm_clk_get	0x454d3026	mdp_drv_mt6768.ko
devm_clk_get	0x454d3026	mediatek-drm.ko
devm_clk_get	0x454d3026	mmqos-common.ko
devm_clk_get	0x454d3026	mt6577_auxadc.ko
devm_clk_get	0x454d3026	mtk-cmdq-drv-ext.ko
devm_clk_get	0x454d3026	mtk-cqdma.ko
devm_clk_get	0x454d3026	mtk-kpd.ko
devm_clk_get	0x454d3026	mtk-mmc.ko
devm_clk_get	0x454d3026	mtk-mmdvfs.ko
devm_clk_get	0x454d3026	mtk-mml.ko
devm_clk_get	0x454d3026	mtk-pmic-wrap.ko
devm_clk_get	0x454d3026	mtk-pwm.ko
devm_clk_get	0x454d3026	mtk-scpsys.ko
devm_clk_get	0x454d3026	mtk-smi.ko
devm_clk_get	0x454d3026	mtk-uart-apdma.ko
devm_clk_get	0x454d3026	mtk-vcodec-dec-v1.ko
devm_clk_get	0x454d3026	mtk-vcodec-enc-v1.ko
devm_clk_get	0x454d3026	mtk_gpufreq_mt6768.ko
devm_clk_get	0x454d3026	mtk_iommu.ko
devm_clk_get	0x454d3026	mtk_jpeg.ko
devm_clk_get	0x454d3026	musb_hdrc.ko
devm_clk_get	0x454d3026	phy-generic.ko
devm_clk_get	0x454d3026	pwm-mtk-disp.ko
devm_clk_get	0x454d3026	scp.ko
devm_clk_get	0x454d3026	snd-soc-mt6768-afe.ko
devm_clk_get	0x454d3026	spi-mt65xx.ko
devm_clk_get	0x454d3026	t-base-tui.ko
devm_clk_get	0x454d3026	thermal_monitor.ko
devm_clk_get	0x454d3026	ufs-mediatek-mod.ko
devm_clk_get_optional	0x7ae78587	mtk-mmc.ko
devm_clk_get_optional	0x7ae78587	musb_hdrc.ko
devm_clk_register	0x6c6a3f0a	mediatek-drm.ko
devm_devfreq_add_device	0x71e4028b	mtk-dvfsrc-devfreq.ko
devm_extcon_dev_allocate	0xfbb45190	extcon-mtk-usb.ko
devm_extcon_dev_allocate	0xfbb45190	mediatek-drm.ko
devm_extcon_dev_register	0x20d6916c	extcon-mtk-usb.ko
devm_extcon_dev_register	0x20d6916c	mediatek-drm.ko
devm_extcon_register_notifier	0x418a7233	musb_hdrc.ko
devm_free_irq	0x6048921f	ccu_isp4.ko
devm_free_irq	0x6048921f	mtk_iommu.ko
devm_fwnode_pwm_get	0x8291b97f	leds-mtk-pwm.ko
devm_gpio_request	0x79b998bc	tcpc_rt1711h.ko
devm_gpio_request	0x79b998bc	tcpc_upm7610.ko
devm_gpio_request	0x79b998bc	upm6920_charger.ko
devm_gpio_request	0x79b998bc	wifi_ant_check.ko
devm_gpio_request_one	0xa576d2c9	sc_sc080cs_i.ko
devm_gpio_request_one	0xa576d2c9	sp_sp0821_iii.ko
devm_gpiod_get	0xaedc1816	dsi_panel_c3n_35_02_0h_dsc_vdo.ko
devm_gpiod_get	0xaedc1816	dsi_panel_c3n_35_0f_0e_dsc_vdo.ko
devm_gpiod_get	0xaedc1816	dsi_panel_c3n_35_0f_0l_dsc_vdo.ko
devm_gpiod_get	0xaedc1816	dsi_panel_c3n_37_02_0d_dsc_vdo.ko
devm_gpiod_get	0xaedc1816	dsi_panel_c3n_43_02_0a_dsc_vdo.ko
devm_gpiod_get	0xaedc1816	dsi_panel_c3n_43_02_0k_dsc_vdo.ko
devm_gpiod_get	0xaedc1816	dsi_panel_c3n_43_02_0n_dsc_vdo.ko
devm_gpiod_get	0xaedc1816	dsi_panel_c3n_44_03_0b_dsc_vdo.ko
devm_gpiod_get	0xaedc1816	dsi_panel_c3n_44_03_0j_dsc_vdo.ko
devm_gpiod_get	0xaedc1816	dsi_panel_c3n_46_03_0c_dsc_vdo.ko
devm_gpiod_get	0xaedc1816	dsi_panel_c3n_46_03_0f_dsc_vdo.ko
devm_gpiod_get	0xaedc1816	dsi_panel_c3n_46_03_0g_dsc_vdo.ko
devm_gpiod_get	0xaedc1816	dsi_panel_c3n_null_dsc_vdo.ko
devm_gpiod_get	0xaedc1816	mediatek-drm.ko
devm_gpiod_get_index	0x9f9f16ae	mtk-mmc.ko
devm_gpiod_get_optional	0x474567e6	extcon-mtk-usb.ko
devm_gpiod_get_optional	0x474567e6	phy-generic.ko
devm_gpiod_put	0x8f4167c3	dsi_panel_c3n_35_02_0h_dsc_vdo.ko
devm_gpiod_put	0x8f4167c3	dsi_panel_c3n_35_0f_0e_dsc_vdo.ko
devm_gpiod_put	0x8f4167c3	dsi_panel_c3n_35_0f_0l_dsc_vdo.ko
devm_gpiod_put	0x8f4167c3	dsi_panel_c3n_37_02_0d_dsc_vdo.ko
devm_gpiod_put	0x8f4167c3	dsi_panel_c3n_43_02_0a_dsc_vdo.ko
devm_gpiod_put	0x8f4167c3	dsi_panel_c3n_43_02_0k_dsc_vdo.ko
devm_gpiod_put	0x8f4167c3	dsi_panel_c3n_43_02_0n_dsc_vdo.ko
devm_gpiod_put	0x8f4167c3	dsi_panel_c3n_44_03_0b_dsc_vdo.ko
devm_gpiod_put	0x8f4167c3	dsi_panel_c3n_44_03_0j_dsc_vdo.ko
devm_gpiod_put	0x8f4167c3	dsi_panel_c3n_46_03_0c_dsc_vdo.ko
devm_gpiod_put	0x8f4167c3	dsi_panel_c3n_46_03_0f_dsc_vdo.ko
devm_gpiod_put	0x8f4167c3	dsi_panel_c3n_46_03_0g_dsc_vdo.ko
devm_gpiod_put	0x8f4167c3	dsi_panel_c3n_null_dsc_vdo.ko
devm_gpiod_put	0x8f4167c3	mediatek-drm.ko
devm_hwrng_register	0x61940d6e	sec-rng.ko
devm_i2c_new_dummy_device	0xf832ab54	mt6370.ko
devm_iio_channel_get	0xa6eb73da	mt6358-accdet.ko
devm_iio_channel_get	0xa6eb73da	mt6358_battery.ko
devm_iio_channel_get	0xa6eb73da	mtk_battery_manager.ko
devm_iio_channel_get	0xa6eb73da	mtk_dynamic_loading_throttling.ko
devm_iio_channel_get	0xa6eb73da	sgm41543_charger.ko
devm_iio_channel_get	0xa6eb73da	snd-soc-mt6358.ko
devm_iio_channel_get	0xa6eb73da	thermal_monitor.ko
devm_iio_channel_get	0xa6eb73da	upm6920_charger.ko
devm_iio_channel_get_all	0xaff77581	mt6370-charger.ko
devm_iio_device_alloc	0x4c55cd4a	mt635x-auxadc.ko
devm_iio_device_alloc	0x4c55cd4a	mt6370-adc.ko
devm_iio_device_alloc	0x4c55cd4a	mt6577_auxadc.ko
devm_iio_device_alloc	0x4c55cd4a	sensorHub.ko
devm_input_allocate_device	0xd9aad43c	mtk-kpd.ko
devm_input_allocate_device	0xd9aad43c	mtk-pmic-keys.ko
devm_ioremap	0xb66d8c55	8250_mtk.ko
devm_ioremap	0xb66d8c55	ccu_isp4.ko
devm_ioremap	0xb66d8c55	cmdq-sec-drv.ko
devm_ioremap	0xb66d8c55	cqhci.ko
devm_ioremap	0xb66d8c55	mali_prot_alloc_mt6768_r49.ko
devm_ioremap	0xb66d8c55	mediatek-drm.ko
devm_ioremap	0xb66d8c55	mtk-dvfsrc-helper.ko
devm_ioremap	0xb66d8c55	mtk-kpd.ko
devm_ioremap	0xb66d8c55	mtk-scpsys.ko
devm_ioremap	0xb66d8c55	mtk-smi-bwc.ko
devm_ioremap	0xb66d8c55	mtk-smi-dbg.ko
devm_ioremap	0xb66d8c55	musb_main.ko
devm_ioremap	0xb66d8c55	phy-mtk-tphy.ko
devm_ioremap_resource	0x969f09fa	emimpu.ko
devm_ioremap_resource	0x969f09fa	i2c-mt65xx.ko
devm_ioremap_resource	0x969f09fa	mediatek-drm.ko
devm_ioremap_resource	0x969f09fa	mtk-cmdq-drv-ext.ko
devm_ioremap_resource	0x969f09fa	mtk-cqdma.ko
devm_ioremap_resource	0x969f09fa	mtk-dvfsrc.ko
devm_ioremap_resource	0x969f09fa	mtk-mbox.ko
devm_ioremap_resource	0x969f09fa	mtk-mmc.ko
devm_ioremap_resource	0x969f09fa	mtk-pmic-wrap.ko
devm_ioremap_resource	0x969f09fa	mtk-scpsys.ko
devm_ioremap_resource	0x969f09fa	mtk-smi.ko
devm_ioremap_resource	0x969f09fa	mtk-vcodec-dec-v1.ko
devm_ioremap_resource	0x969f09fa	mtk-vcodec-enc-v1.ko
devm_ioremap_resource	0x969f09fa	mtk_cm_mgr.ko
devm_ioremap_resource	0x969f09fa	mtk_dramc.ko
devm_ioremap_resource	0x969f09fa	mtk_iommu.ko
devm_ioremap_resource	0x969f09fa	mtk_jpeg.ko
devm_ioremap_resource	0x969f09fa	mtk_peak_power_budget.ko
devm_ioremap_resource	0x969f09fa	mtk_qos_legacy.ko
devm_ioremap_resource	0x969f09fa	phy-mtk-tphy.ko
devm_ioremap_resource	0x969f09fa	scp.ko
devm_ioremap_resource	0x969f09fa	snd-soc-mt6768-afe.ko
devm_ioremap_resource	0x969f09fa	sspm_v1.ko
devm_iounmap	0xb12a3f5a	mali_prot_alloc_mt6768_r49.ko
devm_kasprintf	0xff28c1fd	arm_dsu_pmu.ko
devm_kasprintf	0xff28c1fd	mtk_charger_framework.ko
devm_kasprintf	0xff28c1fd	sgm41543_charger.ko
devm_kasprintf	0xff28c1fd	tcpc_rt1711h.ko
devm_kasprintf	0xff28c1fd	tcpc_upm7610.ko
devm_kfree	0xadd4c239	8250_mtk.ko
devm_kfree	0xadd4c239	emimpu.ko
devm_kfree	0xadd4c239	gc_gc6133c_ii.ko
devm_kfree	0xadd4c239	gz_ipc_mod.ko
devm_kfree	0xadd4c239	gz_trusty_mod.ko
devm_kfree	0xadd4c239	mali_prot_alloc_mt6768_r49.ko
devm_kfree	0xadd4c239	mediatek-drm.ko
devm_kfree	0xadd4c239	mmqos-common.ko
devm_kfree	0xadd4c239	mt6358-accdet.ko
devm_kfree	0xadd4c239	mt6358_battery.ko
devm_kfree	0xadd4c239	mtk-cqdma.ko
devm_kfree	0xadd4c239	mtk-mml.ko
devm_kfree	0xadd4c239	mtk-vcu.ko
devm_kfree	0xadd4c239	mtk_spi.ko
devm_kfree	0xadd4c239	reboot-mode.ko
devm_kfree	0xadd4c239	sc_sc080cs_i.ko
devm_kfree	0xadd4c239	snd-soc-fs15xx.ko
devm_kfree	0xadd4c239	sp_sp0821_iii.ko
devm_kfree	0xadd4c239	tcpc_class.ko
devm_kfree	0xadd4c239	ufs-mediatek-mod.ko
devm_kfree	0xadd4c239	upm6920_charger.ko
devm_kmalloc	0x9360f980	8250_mtk.ko
devm_kmalloc	0x9360f980	arm_dsu_pmu.ko
devm_kmalloc	0x9360f980	cache-parity.ko
devm_kmalloc	0x9360f980	cmdq-bdg-mailbox.ko
devm_kmalloc	0x9360f980	cmdq-bdg-test.ko
devm_kmalloc	0x9360f980	cmdq-sec-drv.ko
devm_kmalloc	0x9360f980	cmdq-test.ko
devm_kmalloc	0x9360f980	cqhci.ko
devm_kmalloc	0x9360f980	dbg_error_flag.ko
devm_kmalloc	0x9360f980	drm_display_helper.ko
devm_kmalloc	0x9360f980	dsi_panel_c3n_35_02_0h_dsc_vdo.ko
devm_kmalloc	0x9360f980	dsi_panel_c3n_35_0f_0e_dsc_vdo.ko
devm_kmalloc	0x9360f980	dsi_panel_c3n_35_0f_0l_dsc_vdo.ko
devm_kmalloc	0x9360f980	dsi_panel_c3n_37_02_0d_dsc_vdo.ko
devm_kmalloc	0x9360f980	dsi_panel_c3n_43_02_0a_dsc_vdo.ko
devm_kmalloc	0x9360f980	dsi_panel_c3n_43_02_0k_dsc_vdo.ko
devm_kmalloc	0x9360f980	dsi_panel_c3n_43_02_0n_dsc_vdo.ko
devm_kmalloc	0x9360f980	dsi_panel_c3n_44_03_0b_dsc_vdo.ko
devm_kmalloc	0x9360f980	dsi_panel_c3n_44_03_0j_dsc_vdo.ko
devm_kmalloc	0x9360f980	dsi_panel_c3n_46_03_0c_dsc_vdo.ko
devm_kmalloc	0x9360f980	dsi_panel_c3n_46_03_0f_dsc_vdo.ko
devm_kmalloc	0x9360f980	dsi_panel_c3n_46_03_0g_dsc_vdo.ko
devm_kmalloc	0x9360f980	dsi_panel_c3n_null_dsc_vdo.ko
devm_kmalloc	0x9360f980	emicen.ko
devm_kmalloc	0x9360f980	emictrl.ko
devm_kmalloc	0x9360f980	emiisu.ko
devm_kmalloc	0x9360f980	emimpu.ko
devm_kmalloc	0x9360f980	extcon-mtk-usb.ko
devm_kmalloc	0x9360f980	extdev_io_class.ko
devm_kmalloc	0x9360f980	flashlight.ko
devm_kmalloc	0x9360f980	gc_gc6133c_ii.ko
devm_kmalloc	0x9360f980	gz_ipc_mod.ko
devm_kmalloc	0x9360f980	gz_trusty_mod.ko
devm_kmalloc	0x9360f980	i2c-mt65xx.ko
devm_kmalloc	0x9360f980	imgsensor_isp4_t.ko
devm_kmalloc	0x9360f980	iommu_debug.ko
devm_kmalloc	0x9360f980	iommu_gz.ko
devm_kmalloc	0x9360f980	leds-mt6370-flash.ko
devm_kmalloc	0x9360f980	leds-mtk-disp.ko
devm_kmalloc	0x9360f980	leds-mtk-pwm.ko
devm_kmalloc	0x9360f980	mali_prot_alloc_mt6768_r49.ko
devm_kmalloc	0x9360f980	mediatek-drm.ko
devm_kmalloc	0x9360f980	mediatek_eem.ko
devm_kmalloc	0x9360f980	mmqos-common.ko
devm_kmalloc	0x9360f980	mt6358-accdet.ko
devm_kmalloc	0x9360f980	mt6358_battery.ko
devm_kmalloc	0x9360f980	mt635x-auxadc.ko
devm_kmalloc	0x9360f980	mt6370-charger.ko
devm_kmalloc	0x9360f980	mt6370-regulator.ko
devm_kmalloc	0x9360f980	mt6370.ko
devm_kmalloc	0x9360f980	mt6397.ko
devm_kmalloc	0x9360f980	mt63xx-debug.ko
devm_kmalloc	0x9360f980	mtk-btcvsd.ko
devm_kmalloc	0x9360f980	mtk-cmdq-drv-ext.ko
devm_kmalloc	0x9360f980	mtk-composite.ko
devm_kmalloc	0x9360f980	mtk-cqdma.ko
devm_kmalloc	0x9360f980	mtk-dvfsrc-devfreq.ko
devm_kmalloc	0x9360f980	mtk-dvfsrc-helper.ko
devm_kmalloc	0x9360f980	mtk-dvfsrc-start.ko
devm_kmalloc	0x9360f980	mtk-dvfsrc.ko
devm_kmalloc	0x9360f980	mtk-emi.ko
devm_kmalloc	0x9360f980	mtk-kpd.ko
devm_kmalloc	0x9360f980	mtk-mmc.ko
devm_kmalloc	0x9360f980	mtk-mmdvfs.ko
devm_kmalloc	0x9360f980	mtk-mml.ko
devm_kmalloc	0x9360f980	mtk-pmic-keys.ko
devm_kmalloc	0x9360f980	mtk-pmic-wrap.ko
devm_kmalloc	0x9360f980	mtk-scpsys.ko
devm_kmalloc	0x9360f980	mtk-smi.ko
devm_kmalloc	0x9360f980	mtk-uart-apdma.ko
devm_kmalloc	0x9360f980	mtk-vcodec-dec-v1.ko
devm_kmalloc	0x9360f980	mtk-vcodec-enc-v1.ko
devm_kmalloc	0x9360f980	mtk-vcu.ko
devm_kmalloc	0x9360f980	mtk_battery_manager.ko
devm_kmalloc	0x9360f980	mtk_battery_oc_throttling.ko
devm_kmalloc	0x9360f980	mtk_bp_thl.ko
devm_kmalloc	0x9360f980	mtk_charger_cooling.ko
devm_kmalloc	0x9360f980	mtk_charger_framework.ko
devm_kmalloc	0x9360f980	mtk_chg_type_det.ko
devm_kmalloc	0x9360f980	mtk_cm_mgr.ko
devm_kmalloc	0x9360f980	mtk_cm_mgr_mt6768.ko
devm_kmalloc	0x9360f980	mtk_dramc.ko
devm_kmalloc	0x9360f980	mtk_iommu.ko
devm_kmalloc	0x9360f980	mtk_irtx_pwm.ko
devm_kmalloc	0x9360f980	mtk_jpeg.ko
devm_kmalloc	0x9360f980	mtk_low_battery_throttling.ko
devm_kmalloc	0x9360f980	mtk_panel_ext.ko
devm_kmalloc	0x9360f980	mtk_pd_adapter.ko
devm_kmalloc	0x9360f980	mtk_pd_charging.ko
devm_kmalloc	0x9360f980	mtk_pep.ko
devm_kmalloc	0x9360f980	mtk_pep20.ko
devm_kmalloc	0x9360f980	mtk_pep40.ko
devm_kmalloc	0x9360f980	mtk_qos_legacy.ko
devm_kmalloc	0x9360f980	mtk_sec_heap.ko
devm_kmalloc	0x9360f980	mtk_spi.ko
devm_kmalloc	0x9360f980	mtk_wdt.ko
devm_kmalloc	0x9360f980	musb_hdrc.ko
devm_kmalloc	0x9360f980	nvmem-mt635x-efuse.ko
devm_kmalloc	0x9360f980	nvmem_mtk-devinfo.ko
devm_kmalloc	0x9360f980	phy-generic.ko
devm_kmalloc	0x9360f980	phy-mtk-tphy.ko
devm_kmalloc	0x9360f980	pinctrl-mtk-v2.ko
devm_kmalloc	0x9360f980	pmic_lvsys_notify.ko
devm_kmalloc	0x9360f980	pwm-mtk-disp.ko
devm_kmalloc	0x9360f980	reboot-mode.ko
devm_kmalloc	0x9360f980	regulator-vibrator.ko
devm_kmalloc	0x9360f980	rt_pd_manager.ko
devm_kmalloc	0x9360f980	rtc-mt6397.ko
devm_kmalloc	0x9360f980	sc_sc080cs_i.ko
devm_kmalloc	0x9360f980	sec-rng.ko
devm_kmalloc	0x9360f980	sensorHub.ko
devm_kmalloc	0x9360f980	sgm41543_charger.ko
devm_kmalloc	0x9360f980	simtray.ko
devm_kmalloc	0x9360f980	snd-soc-fs15xx.ko
devm_kmalloc	0x9360f980	snd-soc-mt6358.ko
devm_kmalloc	0x9360f980	snd-soc-mt6660.ko
devm_kmalloc	0x9360f980	snd-soc-mt6768-afe.ko
devm_kmalloc	0x9360f980	snd-soc-mtk-common.ko
devm_kmalloc	0x9360f980	sp_sp0821_iii.ko
devm_kmalloc	0x9360f980	spi-mt65xx.ko
devm_kmalloc	0x9360f980	syscon-reboot-mode.ko
devm_kmalloc	0x9360f980	system_heap.ko
devm_kmalloc	0x9360f980	tcpc_class.ko
devm_kmalloc	0x9360f980	tcpc_rt1711h.ko
devm_kmalloc	0x9360f980	tcpc_upm7610.ko
devm_kmalloc	0x9360f980	thermal_monitor.ko
devm_kmalloc	0x9360f980	ufs-mediatek-mod.ko
devm_kmalloc	0x9360f980	upm6920_charger.ko
devm_kmalloc	0x9360f980	v4l2-flash-led-class.ko
devm_kmalloc	0x9360f980	wifi_ant_check.ko
devm_kmalloc	0x9360f980	xiaomi_touch.ko
devm_kstrdup	0xba4c31b8	ufs-mediatek-mod.ko
devm_led_classdev_register_ext	0x628d308a	leds-mtk.ko
devm_led_classdev_register_ext	0x628d308a	regulator-vibrator.ko
devm_led_classdev_unregister	0x5915a901	leds-mtk.ko
devm_led_classdev_unregister	0x5915a901	regulator-vibrator.ko
devm_mfd_add_devices	0x6273b599	mt6370.ko
devm_mfd_add_devices	0x6273b599	mt6397.ko
devm_nvmem_device_get	0x6c5ba0f8	mt6358-accdet.ko
devm_nvmem_device_get	0x6c5ba0f8	mt635x-auxadc.ko
devm_nvmem_device_get	0x6c5ba0f8	snd-soc-mt6358.ko
devm_nvmem_register	0x3fc4c721	nvmem-mt635x-efuse.ko
devm_nvmem_register	0x3fc4c721	nvmem_mtk-devinfo.ko
devm_of_icc_get	0xcc6ed93c	mtk-dvfsrc-helper.ko
devm_of_phy_get_by_index	0xbb3dad4f	musb_hdrc.ko
devm_of_phy_get_by_index	0xbb3dad4f	ufs-mediatek-mod.ko
devm_of_platform_populate	0xd46bc8d2	mtk-dvfsrc.ko
devm_phy_create	0x7fc316e3	mediatek-drm.ko
devm_phy_create	0x7fc316e3	phy-mtk-tphy.ko
devm_phy_get	0x404c6710	mediatek-drm.ko
devm_pinctrl_get	0xd4e80e37	flashlight.ko
devm_pinctrl_get	0xd4e80e37	gc_gc6133c_ii.ko
devm_pinctrl_get	0xd4e80e37	gf_fingerprint.ko
devm_pinctrl_get	0xd4e80e37	gps_drv_stp.ko
devm_pinctrl_get	0xd4e80e37	gyrohub.ko
devm_pinctrl_get	0xd4e80e37	imgsensor_isp4_t.ko
devm_pinctrl_get	0xd4e80e37	main2af.ko
devm_pinctrl_get	0xd4e80e37	main3af.ko
devm_pinctrl_get	0xd4e80e37	mainaf.ko
devm_pinctrl_get	0xd4e80e37	mediatek-drm.ko
devm_pinctrl_get	0xd4e80e37	mt6358-accdet.ko
devm_pinctrl_get	0xd4e80e37	mtk-mmc.ko
devm_pinctrl_get	0xd4e80e37	mtk-pmic-keys.ko
devm_pinctrl_get	0xd4e80e37	mtk_spi.ko
devm_pinctrl_get	0xd4e80e37	sc_sc080cs_i.ko
devm_pinctrl_get	0xd4e80e37	sil_fingerprint.ko
devm_pinctrl_get	0xd4e80e37	snd-soc-fs15xx.ko
devm_pinctrl_get	0xd4e80e37	snd-soc-mt6768-afe.ko
devm_pinctrl_get	0xd4e80e37	sp_sp0821_iii.ko
devm_pinctrl_get	0xd4e80e37	spi_slave.ko
devm_pinctrl_get	0xd4e80e37	sub2af.ko
devm_pinctrl_get	0xd4e80e37	subaf.ko
devm_pinctrl_get	0xd4e80e37	wmt_drv.ko
devm_pinctrl_put	0xb123dec2	gf_fingerprint.ko
devm_pinctrl_put	0xb123dec2	mediatek-drm.ko
devm_pinctrl_put	0xb123dec2	mtk-mmc.ko
devm_pinctrl_put	0xb123dec2	mtk_spi.ko
devm_pinctrl_put	0xb123dec2	wmt_drv.ko
devm_pinctrl_register_and_init	0x1dc80e77	pinctrl-mtk-v2.ko
devm_platform_get_and_ioremap_resource	0x3b7d42c9	mtk-mml.ko
devm_platform_ioremap_resource	0x9d62bc88	cpufreq_sugov_ext.ko
devm_platform_ioremap_resource	0x9d62bc88	mt6577_auxadc.ko
devm_platform_ioremap_resource	0x9d62bc88	mtk-mmc.ko
devm_platform_ioremap_resource	0x9d62bc88	mtk-uart-apdma.ko
devm_platform_ioremap_resource	0x9d62bc88	mtk_wdt.ko
devm_platform_ioremap_resource	0x9d62bc88	pwm-mtk-disp.ko
devm_platform_ioremap_resource	0x9d62bc88	spi-mt65xx.ko
devm_power_supply_get_by_phandle	0x2915ef7b	extcon-mtk-usb.ko
devm_power_supply_get_by_phandle	0x2915ef7b	lc_charger_sysfs.ko
devm_power_supply_get_by_phandle	0x2915ef7b	mt6358_battery.ko
devm_power_supply_get_by_phandle	0x2915ef7b	mtk_battery_manager.ko
devm_power_supply_get_by_phandle	0x2915ef7b	mtk_charger_framework.ko
devm_power_supply_get_by_phandle	0x2915ef7b	mtk_chg_type_det.ko
devm_power_supply_get_by_phandle	0x2915ef7b	mtk_low_battery_throttling.ko
devm_power_supply_get_by_phandle	0x2915ef7b	mtk_pd_charging.ko
devm_power_supply_get_by_phandle	0x2915ef7b	mtk_peak_power_budget.ko
devm_power_supply_get_by_phandle	0x2915ef7b	mtk_pep.ko
devm_power_supply_get_by_phandle	0x2915ef7b	mtk_pep20.ko
devm_power_supply_get_by_phandle	0x2915ef7b	mtk_pep40.ko
devm_power_supply_register	0x7ece5f88	mt6370-charger.ko
devm_power_supply_register	0x7ece5f88	sgm41543_charger.ko
devm_power_supply_register	0x7ece5f88	upm6920_charger.ko
devm_rc_allocate_device	0xd0842a54	mtk_irtx_pwm.ko
devm_rc_register_device	0x4ba48508	mtk_irtx_pwm.ko
devm_reboot_mode_register	0x1c0a3677	syscon-reboot-mode.ko
devm_regmap_add_irq_chip	0xb52c4a90	mt6370.ko
devm_regmap_field_alloc	0x60040aad	mt6370-charger.ko
devm_regmap_field_alloc	0x60040aad	rtc-mt6397.ko
devm_regmap_field_alloc	0x60040aad	upm6920_charger.ko
devm_regulator_get	0x27936302	cam_qos_4.ko
devm_regulator_get	0x27936302	ccci_md_all.ko
devm_regulator_get	0x27936302	gf_fingerprint.ko
devm_regulator_get	0x27936302	mdp_drv_mt6768.ko
devm_regulator_get	0x27936302	mtk-mmdvfs-debug.ko
devm_regulator_get	0x27936302	mtk-mmdvfs.ko
devm_regulator_get	0x27936302	mtk_irtx_pwm.ko
devm_regulator_get	0x27936302	mtk_spi.ko
devm_regulator_get	0x27936302	musb_hdrc.ko
devm_regulator_get	0x27936302	regulator-vibrator.ko
devm_regulator_get	0x27936302	ufs-mediatek-mod.ko
devm_regulator_get_exclusive	0xb4ecf3d0	extcon-mtk-usb.ko
devm_regulator_get_exclusive	0xb4ecf3d0	phy-generic.ko
devm_regulator_get_optional	0x78b8d7be	CPU_DVFS.ko
devm_regulator_get_optional	0x78b8d7be	ccci_md_all.ko
devm_regulator_get_optional	0x78b8d7be	i2c-mt65xx.ko
devm_regulator_get_optional	0x78b8d7be	imgsensor_isp4_t.ko
devm_regulator_get_optional	0x78b8d7be	mdp_drv_mt6768.ko
devm_regulator_get_optional	0x78b8d7be	mediatek-drm.ko
devm_regulator_get_optional	0x78b8d7be	mediatek_eem.ko
devm_regulator_get_optional	0x78b8d7be	met.ko
devm_regulator_get_optional	0x78b8d7be	mmqos-common.ko
devm_regulator_get_optional	0x78b8d7be	mtk-dvfsrc-helper.ko
devm_regulator_get_optional	0x78b8d7be	mtk-mmc.ko
devm_regulator_get_optional	0x78b8d7be	mtk-mml.ko
devm_regulator_get_optional	0x78b8d7be	mtk-scpsys.ko
devm_regulator_get_optional	0x78b8d7be	mtk-vcodec-dec-v1.ko
devm_regulator_get_optional	0x78b8d7be	mtk-vcodec-enc-v1.ko
devm_regulator_get_optional	0x78b8d7be	mtk_dramc.ko
devm_regulator_get_optional	0x78b8d7be	mtk_jpeg.ko
devm_regulator_get_optional	0x78b8d7be	musb_boost.ko
devm_regulator_get_optional	0x78b8d7be	phy-generic.ko
devm_regulator_get_optional	0x78b8d7be	scp.ko
devm_regulator_get_optional	0x78b8d7be	snd-soc-mt6358.ko
devm_regulator_get_optional	0x78b8d7be	ufs-mediatek-mod.ko
devm_regulator_put	0xe6111c7e	mtk-mmdvfs-debug.ko
devm_regulator_register	0x42489f74	mt6358-regulator.ko
devm_regulator_register	0x42489f74	mt6370-charger.ko
devm_regulator_register	0x42489f74	mt6370-regulator.ko
devm_regulator_register	0x42489f74	mtk-dvfsrc-regulator.ko
devm_regulator_register_notifier	0xd2edbe3f	imgsensor_isp4_t.ko
devm_regulator_register_notifier	0xd2edbe3f	mtk-mmc.ko
devm_regulator_register_notifier	0xd2edbe3f	mtk-mmdvfs.ko
devm_regulator_register_notifier	0xd2edbe3f	regulator-vibrator.ko
devm_regulator_unregister_notifier	0x4a6b99b2	imgsensor_isp4_t.ko
devm_regulator_unregister_notifier	0x4a6b99b2	mtk-mmc.ko
devm_regulator_unregister_notifier	0x4a6b99b2	mtk-mmdvfs.ko
devm_request_threaded_irq	0x0e3625e2	arm_dsu_pmu.ko
devm_request_threaded_irq	0x0e3625e2	cache-parity.ko
devm_request_threaded_irq	0x0e3625e2	ccu_isp4.ko
devm_request_threaded_irq	0x0e3625e2	dbg_error_flag.ko
devm_request_threaded_irq	0x0e3625e2	extcon-mtk-usb.ko
devm_request_threaded_irq	0x0e3625e2	i2c-mt65xx.ko
devm_request_threaded_irq	0x0e3625e2	mediatek-drm.ko
devm_request_threaded_irq	0x0e3625e2	memory-amms.ko
devm_request_threaded_irq	0x0e3625e2	mt6358-accdet.ko
devm_request_threaded_irq	0x0e3625e2	mt6358-regulator.ko
devm_request_threaded_irq	0x0e3625e2	mt6358_battery.ko
devm_request_threaded_irq	0x0e3625e2	mt6370-charger.ko
devm_request_threaded_irq	0x0e3625e2	mt6370-regulator.ko
devm_request_threaded_irq	0x0e3625e2	mt6397.ko
devm_request_threaded_irq	0x0e3625e2	mtk-btcvsd.ko
devm_request_threaded_irq	0x0e3625e2	mtk-cmdq-drv-ext.ko
devm_request_threaded_irq	0x0e3625e2	mtk-cqdma.ko
devm_request_threaded_irq	0x0e3625e2	mtk-dvfsrc.ko
devm_request_threaded_irq	0x0e3625e2	mtk-mmc.ko
devm_request_threaded_irq	0x0e3625e2	mtk-mml.ko
devm_request_threaded_irq	0x0e3625e2	mtk-pmic-keys.ko
devm_request_threaded_irq	0x0e3625e2	mtk-pmic-wrap.ko
devm_request_threaded_irq	0x0e3625e2	mtk-pwm.ko
devm_request_threaded_irq	0x0e3625e2	mtk-vcodec-common.ko
devm_request_threaded_irq	0x0e3625e2	mtk_battery_oc_throttling.ko
devm_request_threaded_irq	0x0e3625e2	mtk_iommu.ko
devm_request_threaded_irq	0x0e3625e2	mtk_jpeg.ko
devm_request_threaded_irq	0x0e3625e2	mtk_spi.ko
devm_request_threaded_irq	0x0e3625e2	mtk_wdt.ko
devm_request_threaded_irq	0x0e3625e2	phy-generic.ko
devm_request_threaded_irq	0x0e3625e2	pmic_lbat_service.ko
devm_request_threaded_irq	0x0e3625e2	pmic_lvsys_notify.ko
devm_request_threaded_irq	0x0e3625e2	rtc-mt6397.ko
devm_request_threaded_irq	0x0e3625e2	sgm41543_charger.ko
devm_request_threaded_irq	0x0e3625e2	snd-soc-fs15xx.ko
devm_request_threaded_irq	0x0e3625e2	snd-soc-mt6768-afe.ko
devm_request_threaded_irq	0x0e3625e2	spi-mt65xx.ko
devm_request_threaded_irq	0x0e3625e2	tcpc_rt1711h.ko
devm_request_threaded_irq	0x0e3625e2	tcpc_upm7610.ko
devm_request_threaded_irq	0x0e3625e2	ufs-mediatek-mod.ko
devm_request_threaded_irq	0x0e3625e2	upm6920_charger.ko
devm_request_threaded_irq	0x0e3625e2	wifi_ant_check.ko
devm_reset_controller_register	0x9091829f	mtk_wdt.ko
devm_rtc_allocate_device	0x553f6df4	rtc-mt6397.ko
devm_rtc_nvmem_register	0x07199756	rtc-mt6397.ko
devm_snd_soc_register_card	0x0e3c7ff0	mt6768-mt6358.ko
devm_snd_soc_register_component	0x3e22b706	mtk-btcvsd.ko
devm_snd_soc_register_component	0x3e22b706	snd-soc-mt6358.ko
devm_snd_soc_register_component	0x3e22b706	snd-soc-mt6660.ko
devm_snd_soc_register_component	0x3e22b706	snd-soc-mt6768-afe.ko
devm_spi_register_controller	0xd5f3a4b3	spi-mt65xx.ko
devm_thermal_of_zone_register	0x18a255c2	wmt_drv.ko
devm_usb_get_phy	0x3e94e673	musb_hdrc.ko
devm_watchdog_register_device	0x173c8be3	mtk_wdt.ko
devres_add	0x59a8010a	extdev_io_class.ko
devres_add	0x59a8010a	leds-mt6370-flash.ko
devres_add	0x59a8010a	reboot-mode.ko
devres_free	0xe93e49c3	extdev_io_class.ko
devres_free	0xe93e49c3	leds-mt6370-flash.ko
devres_free	0xe93e49c3	reboot-mode.ko
devres_release	0x50becc32	reboot-mode.ko
disable_irq	0x3ce4ca6f	btif_drv.ko
disable_irq	0x3ce4ca6f	camera_dpe_isp40.ko
disable_irq	0x3ce4ca6f	camera_isp_4_t.ko
disable_irq	0x3ce4ca6f	ccci_cldma.ko
disable_irq	0x3ce4ca6f	ccu_isp4.ko
disable_irq	0x3ce4ca6f	extcon-mtk-usb.ko
disable_irq	0x3ce4ca6f	ft8057m_spi.ko
disable_irq	0x3ce4ca6f	ft8057p_spi.ko
disable_irq	0x3ce4ca6f	gf_fingerprint.ko
disable_irq	0x3ce4ca6f	mdp_drv_mt6768.ko
disable_irq	0x3ce4ca6f	mediatek-drm.ko
disable_irq	0x3ce4ca6f	mt6370.ko
disable_irq	0x3ce4ca6f	mtk-btcvsd.ko
disable_irq	0x3ce4ca6f	mtk-vcodec-common.ko
disable_irq	0x3ce4ca6f	mtk-vcodec-dec-v1.ko
disable_irq	0x3ce4ca6f	mtk-vcodec-enc-v1.ko
disable_irq	0x3ce4ca6f	musb_hdrc.ko
disable_irq	0x3ce4ca6f	nt36528_spi.ko
disable_irq	0x3ce4ca6f	snd-soc-fs15xx.ko
disable_irq	0x3ce4ca6f	tcpc_rt1711h.ko
disable_irq	0x3ce4ca6f	tcpc_upm7610.ko
disable_irq	0x3ce4ca6f	ufs-mediatek-mod.ko
disable_irq	0x3ce4ca6f	upm6920_charger.ko
disable_irq_nosync	0x27bbf221	btif_drv.ko
disable_irq_nosync	0x27bbf221	cache-parity.ko
disable_irq_nosync	0x27bbf221	ccci_ccif.ko
disable_irq_nosync	0x27bbf221	ccci_cldma.ko
disable_irq_nosync	0x27bbf221	ccci_md_all.ko
disable_irq_nosync	0x27bbf221	clk-common.ko
disable_irq_nosync	0x27bbf221	connadp.ko
disable_irq_nosync	0x27bbf221	dbg_error_flag.ko
disable_irq_nosync	0x27bbf221	ft8057m_spi.ko
disable_irq_nosync	0x27bbf221	ft8057p_spi.ko
disable_irq_nosync	0x27bbf221	gz_irq_mod.ko
disable_irq_nosync	0x27bbf221	icnl9916_spi.ko
disable_irq_nosync	0x27bbf221	mediatek-drm.ko
disable_irq_nosync	0x27bbf221	mt6358-accdet.ko
disable_irq_nosync	0x27bbf221	mt6358-regulator.ko
disable_irq_nosync	0x27bbf221	mt6358_battery.ko
disable_irq_nosync	0x27bbf221	mt6370-charger.ko
disable_irq_nosync	0x27bbf221	mtk-cqdma.ko
disable_irq_nosync	0x27bbf221	mtk-kpd.ko
disable_irq_nosync	0x27bbf221	mtk-mmc.ko
disable_irq_nosync	0x27bbf221	mtk_battery_oc_throttling.ko
disable_irq_nosync	0x27bbf221	musb_hdrc.ko
disable_irq_nosync	0x27bbf221	nxp_i2c.ko
disable_irq_nosync	0x27bbf221	rtc-mt6397.ko
disable_irq_nosync	0x27bbf221	sil_fingerprint.ko
disable_irq_nosync	0x27bbf221	tcpc_rt1711h.ko
disable_irq_nosync	0x27bbf221	tcpc_upm7610.ko
disable_irq_nosync	0x27bbf221	wlan_drv_gen4m_6768.ko
disable_irq_nosync	0x27bbf221	wmt_drv.ko
disable_percpu_irq	0xf21e1f9b	gz_irq_mod.ko
disable_percpu_irq	0xf21e1f9b	met.ko
disp_mtee_cb	0x2632754f	mtk_disp_sec.ko
display_enter_tui	0x14a0c390	t-base-tui.ko
display_exit_tui	0xd1ed4e2c	t-base-tui.ko
dma_alloc_attrs	0x1688bf2b	btif_drv.ko
dma_alloc_attrs	0x1688bf2b	cmdq-sec-drv.ko
dma_alloc_attrs	0x1688bf2b	drm_dma_helper.ko
dma_alloc_attrs	0x1688bf2b	mdp_drv_mt6768.ko
dma_alloc_attrs	0x1688bf2b	mediatek-drm.ko
dma_alloc_attrs	0x1688bf2b	mtk-cmdq-drv-ext.ko
dma_alloc_attrs	0x1688bf2b	mtk-mmc.ko
dma_alloc_attrs	0x1688bf2b	mtk_irtx_pwm.ko
dma_alloc_attrs	0x1688bf2b	musb_hdrc.ko
dma_alloc_attrs	0x1688bf2b	snd-soc-mt6768-afe.ko
dma_alloc_attrs	0x1688bf2b	trusted_mem.ko
dma_alloc_attrs	0x1688bf2b	wlan_drv_gen4m_6768.ko
dma_alloc_pages	0x52d0429f	drm_dma_helper.ko
dma_alloc_pages	0x52d0429f	mtk-mml.ko
dma_async_device_register	0x1418500b	mtk-cqdma.ko
dma_async_device_register	0x1418500b	mtk-uart-apdma.ko
dma_async_device_unregister	0xd9f55a51	mtk-cqdma.ko
dma_async_device_unregister	0xd9f55a51	mtk-uart-apdma.ko
dma_async_tx_descriptor_init	0x7e78090b	mtk-cqdma.ko
dma_async_tx_descriptor_init	0x7e78090b	mtk-uart-apdma.ko
dma_buf_attach	0x6dbc4f7f	camera_mem.ko
dma_buf_attach	0x6dbc4f7f	ccu_isp4.ko
dma_buf_attach	0x6dbc4f7f	mali_kbase_mt6768_r49.ko
dma_buf_attach	0x6dbc4f7f	mcDrvModule.ko
dma_buf_attach	0x6dbc4f7f	mdp_drv_mt6768.ko
dma_buf_attach	0x6dbc4f7f	mediatek-drm.ko
dma_buf_attach	0x6dbc4f7f	mtk-mml.ko
dma_buf_attach	0x6dbc4f7f	mtk-vcodec-common.ko
dma_buf_attach	0x6dbc4f7f	mtk-vcu.ko
dma_buf_attach	0x6dbc4f7f	mtk_jpeg.ko
dma_buf_begin_cpu_access	0x4b261d29	mali_kbase_mt6768_r49.ko
dma_buf_begin_cpu_access	0x4b261d29	mtk-mml.ko
dma_buf_begin_cpu_access_partial	0xf45cd77e	mtk_jpeg.ko
dma_buf_detach	0xf4c88ea8	camera_mem.ko
dma_buf_detach	0xf4c88ea8	ccu_isp4.ko
dma_buf_detach	0xf4c88ea8	isee.ko
dma_buf_detach	0xf4c88ea8	mali_kbase_mt6768_r49.ko
dma_buf_detach	0xf4c88ea8	mcDrvModule.ko
dma_buf_detach	0xf4c88ea8	mdp_drv_mt6768.ko
dma_buf_detach	0xf4c88ea8	mediatek-drm.ko
dma_buf_detach	0xf4c88ea8	mtk-mml.ko
dma_buf_detach	0xf4c88ea8	mtk-vcodec-common.ko
dma_buf_detach	0xf4c88ea8	mtk-vcu.ko
dma_buf_detach	0xf4c88ea8	mtk_jpeg.ko
dma_buf_end_cpu_access	0x601cf77e	mali_kbase_mt6768_r49.ko
dma_buf_end_cpu_access	0x601cf77e	mtk-mml.ko
dma_buf_end_cpu_access	0x601cf77e	mtk-vcodec-dec-v1.ko
dma_buf_export	0x131f2626	isee.ko
dma_buf_export	0x131f2626	mtk_sec_heap.ko
dma_buf_export	0x131f2626	snd-soc-mtk-common.ko
dma_buf_export	0x131f2626	system_heap.ko
dma_buf_fd	0x21d0581a	isee.ko
dma_buf_fd	0x21d0581a	snd-soc-mtk-common.ko
dma_buf_get	0xf235a8dc	camera_mem.ko
dma_buf_get	0xf235a8dc	ccu_isp4.ko
dma_buf_get	0xf235a8dc	ged.ko
dma_buf_get	0xf235a8dc	gz_main_mod.ko
dma_buf_get	0xf235a8dc	mali_kbase_mt6768_r49.ko
dma_buf_get	0xf235a8dc	mcDrvModule.ko
dma_buf_get	0xf235a8dc	mdp_drv_mt6768.ko
dma_buf_get	0xf235a8dc	mediatek-drm.ko
dma_buf_get	0xf235a8dc	mtk-mml.ko
dma_buf_get	0xf235a8dc	mtk-vcodec-dec-v1.ko
dma_buf_get	0xf235a8dc	mtk-vcodec-enc-v1.ko
dma_buf_get	0xf235a8dc	mtk-vcu.ko
dma_buf_get	0xf235a8dc	mtk_disp_sec.ko
dma_buf_get	0xf235a8dc	widevine_driver.ko
dma_buf_get_each	0x9bb9493b	mtk_heap_debug.ko
dma_buf_get_gid	0x7c1a8f89	mali_mgm_mt6768_r49.ko
dma_buf_get_gid	0x7c1a8f89	mediatek-drm.ko
dma_buf_get_gid	0x7c1a8f89	mtk-vcodec-dec-v1.ko
dma_buf_map_attachment	0x2282dfab	mtk-vcu.ko
dma_buf_map_attachment	0x2282dfab	mtk_jpeg.ko
dma_buf_map_attachment_unlocked	0x5702fca5	camera_mem.ko
dma_buf_map_attachment_unlocked	0x5702fca5	ccu_isp4.ko
dma_buf_map_attachment_unlocked	0x5702fca5	mali_kbase_mt6768_r49.ko
dma_buf_map_attachment_unlocked	0x5702fca5	mcDrvModule.ko
dma_buf_map_attachment_unlocked	0x5702fca5	mdp_drv_mt6768.ko
dma_buf_map_attachment_unlocked	0x5702fca5	mediatek-drm.ko
dma_buf_map_attachment_unlocked	0x5702fca5	mtk-mml.ko
dma_buf_map_attachment_unlocked	0x5702fca5	mtk-vcodec-common.ko
dma_buf_map_attachment_unlocked	0x5702fca5	mtk-vcu.ko
dma_buf_mmap	0x5f3e1fc3	mali_kbase_mt6768_r49.ko
dma_buf_put	0x5e9801c8	camera_mem.ko
dma_buf_put	0x5e9801c8	ccu_isp4.ko
dma_buf_put	0x5e9801c8	ged.ko
dma_buf_put	0x5e9801c8	gz_main_mod.ko
dma_buf_put	0x5e9801c8	isee.ko
dma_buf_put	0x5e9801c8	mali_kbase_mt6768_r49.ko
dma_buf_put	0x5e9801c8	mcDrvModule.ko
dma_buf_put	0x5e9801c8	mdp_drv_mt6768.ko
dma_buf_put	0x5e9801c8	mediatek-drm.ko
dma_buf_put	0x5e9801c8	mtk-mml.ko
dma_buf_put	0x5e9801c8	mtk-vcodec-dec-v1.ko
dma_buf_put	0x5e9801c8	mtk-vcodec-enc-v1.ko
dma_buf_put	0x5e9801c8	mtk-vcu.ko
dma_buf_put	0x5e9801c8	mtk_disp_sec.ko
dma_buf_put	0x5e9801c8	mtk_heap_debug.ko
dma_buf_put	0x5e9801c8	widevine_driver.ko
dma_buf_unmap_attachment	0xe40c8989	isee.ko
dma_buf_unmap_attachment	0xe40c8989	mtk-vcu.ko
dma_buf_unmap_attachment	0xe40c8989	mtk_jpeg.ko
dma_buf_unmap_attachment_unlocked	0xa9d84ecb	camera_mem.ko
dma_buf_unmap_attachment_unlocked	0xa9d84ecb	ccu_isp4.ko
dma_buf_unmap_attachment_unlocked	0xa9d84ecb	mali_kbase_mt6768_r49.ko
dma_buf_unmap_attachment_unlocked	0xa9d84ecb	mcDrvModule.ko
dma_buf_unmap_attachment_unlocked	0xa9d84ecb	mdp_drv_mt6768.ko
dma_buf_unmap_attachment_unlocked	0xa9d84ecb	mtk-mml.ko
dma_buf_unmap_attachment_unlocked	0xa9d84ecb	mtk-vcodec-common.ko
dma_buf_unmap_attachment_unlocked	0xa9d84ecb	mtk-vcu.ko
dma_buf_vmap_unlocked	0x7fa45399	drm_dma_helper.ko
dma_buf_vmap_unlocked	0x7fa45399	mediatek-drm.ko
dma_buf_vmap_unlocked	0x7fa45399	mtk-mml.ko
dma_buf_vmap_unlocked	0x7fa45399	mtk-vcodec-enc-v1.ko
dma_buf_vunmap	0xe055d062	mtk-vcodec-dec-v1.ko
dma_buf_vunmap	0xe055d062	mtk-vcodec-enc-v1.ko
dma_buf_vunmap_unlocked	0x55c06429	drm_dma_helper.ko
dma_buf_vunmap_unlocked	0x55c06429	mediatek-drm.ko
dma_buf_vunmap_unlocked	0x55c06429	mtk-mml.ko
dma_buf_vunmap_unlocked	0x55c06429	mtk-vcodec-dec-v1.ko
dma_buf_vunmap_unlocked	0x55c06429	mtk-vcodec-enc-v1.ko
dma_fence_add_callback	0x628c0f8f	ged.ko
dma_fence_add_callback	0x628c0f8f	mali_kbase_mt6768_r49.ko
dma_fence_array_create	0xe467212b	mtk-vcodec-common.ko
dma_fence_array_ops	0x8a833583	mtk-vcodec-common.ko
dma_fence_context_alloc	0x14605535	ged.ko
dma_fence_context_alloc	0x14605535	mali_kbase_mt6768_r49.ko
dma_fence_context_alloc	0x14605535	mdp_drv_mt6768.ko
dma_fence_context_alloc	0x14605535	mtk-vcodec-common.ko
dma_fence_context_alloc	0x14605535	mtk_sync.ko
dma_fence_default_wait	0x197d5b60	ged.ko
dma_fence_default_wait	0x197d5b60	mali_kbase_mt6768_r49.ko
dma_fence_default_wait	0x197d5b60	mdp_drv_mt6768.ko
dma_fence_free	0xbbda18c4	ged.ko
dma_fence_free	0xbbda18c4	mdp_drv_mt6768.ko
dma_fence_free	0xbbda18c4	mtk_sync.ko
dma_fence_get_status	0x4909a790	mali_kbase_mt6768_r49.ko
dma_fence_init	0xdeb99119	ged.ko
dma_fence_init	0xdeb99119	mali_kbase_mt6768_r49.ko
dma_fence_init	0xdeb99119	mdp_drv_mt6768.ko
dma_fence_init	0xdeb99119	mtk-vcodec-common.ko
dma_fence_init	0xdeb99119	mtk_sync.ko
dma_fence_release	0xe123f3d9	ged.ko
dma_fence_release	0xe123f3d9	mali_kbase_mt6768_r49.ko
dma_fence_release	0xe123f3d9	mdp_drv_mt6768.ko
dma_fence_release	0xe123f3d9	mediatek-drm.ko
dma_fence_release	0xe123f3d9	mtk-mml.ko
dma_fence_release	0xe123f3d9	mtk-vcodec-common.ko
dma_fence_release	0xe123f3d9	mtk-vcodec-dec-v1.ko
dma_fence_release	0xe123f3d9	mtk_sync.ko
dma_fence_remove_callback	0x70daa11e	mali_kbase_mt6768_r49.ko
dma_fence_signal	0xaacf03c1	mali_kbase_mt6768_r49.ko
dma_fence_signal	0xaacf03c1	mtk-mml.ko
dma_fence_signal	0xaacf03c1	mtk-vcodec-common.ko
dma_fence_signal_locked	0x60bbb124	ged.ko
dma_fence_signal_locked	0x60bbb124	mdp_drv_mt6768.ko
dma_fence_signal_locked	0x60bbb124	mtk_sync.ko
dma_fence_signal_timestamp_locked	0xe17568e3	mtk_sync.ko
dma_fence_wait_timeout	0x64d11af1	mtk-mml.ko
dma_free_attrs	0x2ed993bc	btif_drv.ko
dma_free_attrs	0x2ed993bc	drm_dma_helper.ko
dma_free_attrs	0x2ed993bc	mdp_drv_mt6768.ko
dma_free_attrs	0x2ed993bc	mediatek-drm.ko
dma_free_attrs	0x2ed993bc	mtk-cmdq-drv-ext.ko
dma_free_attrs	0x2ed993bc	mtk-mmc.ko
dma_free_attrs	0x2ed993bc	mtk_irtx_pwm.ko
dma_free_attrs	0x2ed993bc	musb_hdrc.ko
dma_free_attrs	0x2ed993bc	snd-soc-mt6768-afe.ko
dma_free_attrs	0x2ed993bc	trusted_mem.ko
dma_free_attrs	0x2ed993bc	wlan_drv_gen4m_6768.ko
dma_free_pages	0x3ca380e4	drm_dma_helper.ko
dma_free_pages	0x3ca380e4	mtk-mml.ko
dma_get_sgtable_attrs	0x83d04599	drm_dma_helper.ko
dma_get_sgtable_attrs	0x83d04599	mediatek-drm.ko
dma_heap_add	0xe3776d2c	mtk_sec_heap.ko
dma_heap_add	0xe3776d2c	system_heap.ko
dma_heap_buffer_alloc	0x23c0a4ba	mediatek-drm.ko
dma_heap_buffer_alloc	0x23c0a4ba	mtk-vcu.ko
dma_heap_buffer_alloc	0x23c0a4ba	system_heap.ko
dma_heap_buffer_alloc	0x23c0a4ba	t-base-tui.ko
dma_heap_buffer_free	0x6491c686	mediatek-drm.ko
dma_heap_buffer_free	0x6491c686	mtk-vcu.ko
dma_heap_buffer_free	0x6491c686	system_heap.ko
dma_heap_buffer_free	0x6491c686	t-base-tui.ko
dma_heap_bufferfd_alloc	0x658c8daa	mtk_heap_debug.ko
dma_heap_find	0xeff75c0b	mediatek-drm.ko
dma_heap_find	0xeff75c0b	mtk-vcu.ko
dma_heap_find	0xeff75c0b	mtk_heap_debug.ko
dma_heap_find	0xeff75c0b	system_heap.ko
dma_heap_find	0xeff75c0b	t-base-tui.ko
dma_heap_get_dev	0x3c5492e3	mtk_sec_heap.ko
dma_heap_get_dev	0x3c5492e3	system_heap.ko
dma_heap_get_drvdata	0xf39b6569	mtk_heap_debug.ko
dma_heap_get_drvdata	0xf39b6569	system_heap.ko
dma_heap_get_name	0xed3a3cb3	mtk_heap_debug.ko
dma_heap_get_name	0xed3a3cb3	mtk_sec_heap.ko
dma_heap_get_name	0xed3a3cb3	system_heap.ko
dma_heap_get_name	0xed3a3cb3	t-base-tui.ko
dma_heap_normal_total	0x34bdc674	mtk_heap_debug.ko
dma_heap_put	0x067e2f47	mediatek-drm.ko
dma_heap_put	0x067e2f47	mtk-vcu.ko
dma_heap_put	0x067e2f47	mtk_heap_debug.ko
dma_heap_put	0x067e2f47	system_heap.ko
dma_map_page_attrs	0xbcc58215	ccci_cldma.ko
dma_map_page_attrs	0xbcc58215	i2c-mt65xx.ko
dma_map_page_attrs	0xbcc58215	mali_kbase_mt6768_r49.ko
dma_map_page_attrs	0xbcc58215	musb_hdrc.ko
dma_map_page_attrs	0xbcc58215	spi-mt65xx.ko
dma_map_page_attrs	0xbcc58215	wlan_drv_gen4m_6768.ko
dma_map_sg_attrs	0x224bcaad	cqhci.ko
dma_map_sg_attrs	0x224bcaad	mediatek-drm.ko
dma_map_sg_attrs	0x224bcaad	mtk-mmc.ko
dma_map_sgtable	0x72b949f3	mtk_sec_heap.ko
dma_map_sgtable	0x72b949f3	system_heap.ko
dma_map_sgtable	0x72b949f3	trusted_mem.ko
dma_mmap_attrs	0xc0eeb2db	drm_dma_helper.ko
dma_mmap_attrs	0xc0eeb2db	mediatek-drm.ko
dma_mmap_pages	0xc3a871da	drm_dma_helper.ko
dma_pool_alloc	0x678b96ec	ccci_cldma.ko
dma_pool_alloc	0x678b96ec	mdp_drv_mt6768.ko
dma_pool_alloc	0x678b96ec	mtk-cmdq-drv-ext.ko
dma_pool_create	0xeab51743	ccci_cldma.ko
dma_pool_create	0xeab51743	mtk-cmdq-drv-ext.ko
dma_pool_destroy	0xb5aa7165	mdp_drv_mt6768.ko
dma_pool_destroy	0xb5aa7165	mtk-cmdq-drv-ext.ko
dma_pool_free	0x2f7754a8	ccci_cldma.ko
dma_pool_free	0x2f7754a8	mdp_drv_mt6768.ko
dma_pool_free	0x2f7754a8	mtk-cmdq-drv-ext.ko
dma_resv_add_fence	0x40acd0b9	mtk-vcodec-common.ko
dma_resv_iter_first_unlocked	0xe73c6ec0	mtk-vcodec-dec-v1.ko
dma_resv_iter_next_unlocked	0xd67906b1	mtk-vcodec-dec-v1.ko
dma_resv_reserve_fences	0xdd9f3245	mtk_sync.ko
dma_run_dependencies	0x5378a80e	mtk-cqdma.ko
dma_set_coherent_mask	0xaf521960	camera_dpe_isp40.ko
dma_set_coherent_mask	0xaf521960	camera_fdvt_isp40.ko
dma_set_coherent_mask	0xaf521960	camera_isp_4_t.ko
dma_set_coherent_mask	0xaf521960	camera_mem.ko
dma_set_coherent_mask	0xaf521960	ccu_isp4.ko
dma_set_coherent_mask	0xaf521960	cmdq-sec-drv.ko
dma_set_coherent_mask	0xaf521960	mali_kbase_mt6768_r49.ko
dma_set_coherent_mask	0xaf521960	mdp_drv_mt6768.ko
dma_set_coherent_mask	0xaf521960	mediatek-drm.ko
dma_set_coherent_mask	0xaf521960	mtk-cmdq-drv-ext.ko
dma_set_coherent_mask	0xaf521960	mtk-mmc.ko
dma_set_coherent_mask	0xaf521960	mtk-mml.ko
dma_set_coherent_mask	0xaf521960	mtk-uart-apdma.ko
dma_set_coherent_mask	0xaf521960	mtk-vcodec-dec-v1.ko
dma_set_coherent_mask	0xaf521960	mtk-vcodec-enc-v1.ko
dma_set_coherent_mask	0xaf521960	mtk-vcu.ko
dma_set_coherent_mask	0xaf521960	mtk_jpeg.ko
dma_set_coherent_mask	0xaf521960	mtk_sec_heap.ko
dma_set_coherent_mask	0xaf521960	snd-soc-mt6768-afe.ko
dma_set_coherent_mask	0xaf521960	system_heap.ko
dma_set_coherent_mask	0xaf521960	wlan_drv_gen4m_6768.ko
dma_set_mask	0xa560fd9f	camera_dpe_isp40.ko
dma_set_mask	0xa560fd9f	camera_fdvt_isp40.ko
dma_set_mask	0xa560fd9f	camera_isp_4_t.ko
dma_set_mask	0xa560fd9f	camera_mem.ko
dma_set_mask	0xa560fd9f	ccu_isp4.ko
dma_set_mask	0xa560fd9f	i2c-mt65xx.ko
dma_set_mask	0xa560fd9f	mali_kbase_mt6768_r49.ko
dma_set_mask	0xa560fd9f	mdp_drv_mt6768.ko
dma_set_mask	0xa560fd9f	mediatek-drm.ko
dma_set_mask	0xa560fd9f	mtk-cqdma.ko
dma_set_mask	0xa560fd9f	mtk-mml.ko
dma_set_mask	0xa560fd9f	mtk-uart-apdma.ko
dma_set_mask	0xa560fd9f	mtk-vcodec-dec-v1.ko
dma_set_mask	0xa560fd9f	mtk-vcodec-enc-v1.ko
dma_set_mask	0xa560fd9f	mtk-vcu.ko
dma_set_mask	0xa560fd9f	mtk_iommu.ko
dma_set_mask	0xa560fd9f	mtk_jpeg.ko
dma_set_mask	0xa560fd9f	mtk_sec_heap.ko
dma_set_mask	0xa560fd9f	musb_hdrc.ko
dma_set_mask	0xa560fd9f	snd-soc-mt6768-afe.ko
dma_set_mask	0xa560fd9f	spi-mt65xx.ko
dma_set_mask	0xa560fd9f	system_heap.ko
dma_set_mask	0xa560fd9f	wlan_drv_gen4m_6768.ko
dma_sync_sg_for_cpu	0x6252cf1b	mali_kbase_mt6768_r49.ko
dma_sync_sg_for_cpu	0x6252cf1b	mtk-vcodec-common.ko
dma_sync_sg_for_cpu	0x6252cf1b	mtk-vcodec-dec-v1.ko
dma_sync_sg_for_cpu	0x6252cf1b	mtk-vcu.ko
dma_sync_sg_for_cpu	0x6252cf1b	system_heap.ko
dma_sync_sg_for_cpu	0x6252cf1b	trusted_mem.ko
dma_sync_sg_for_device	0xadb4f853	mali_kbase_mt6768_r49.ko
dma_sync_sg_for_device	0xadb4f853	mtk-vcodec-common.ko
dma_sync_sg_for_device	0xadb4f853	mtk-vcodec-dec-v1.ko
dma_sync_sg_for_device	0xadb4f853	mtk-vcodec-enc-v1.ko
dma_sync_sg_for_device	0xadb4f853	mtk-vcu.ko
dma_sync_sg_for_device	0xadb4f853	system_heap.ko
dma_sync_single_for_cpu	0xec75e361	mali_kbase_mt6768_r49.ko
dma_sync_single_for_cpu	0xec75e361	musb_hdrc.ko
dma_sync_single_for_device	0xdc7c1d47	drm_dma_helper.ko
dma_sync_single_for_device	0xdc7c1d47	mali_kbase_mt6768_r49.ko
dma_sync_single_for_device	0xdc7c1d47	mtk-mml.ko
dma_sync_single_for_device	0xdc7c1d47	musb_hdrc.ko
dma_unmap_page_attrs	0x89b9e554	btif_drv.ko
dma_unmap_page_attrs	0x89b9e554	ccci_cldma.ko
dma_unmap_page_attrs	0x89b9e554	i2c-mt65xx.ko
dma_unmap_page_attrs	0x89b9e554	mali_kbase_mt6768_r49.ko
dma_unmap_page_attrs	0x89b9e554	musb_hdrc.ko
dma_unmap_page_attrs	0x89b9e554	spi-mt65xx.ko
dma_unmap_page_attrs	0x89b9e554	wlan_drv_gen4m_6768.ko
dma_unmap_sg_attrs	0xb0a846f0	cqhci.ko
dma_unmap_sg_attrs	0xb0a846f0	mediatek-drm.ko
dma_unmap_sg_attrs	0xb0a846f0	mtk-mmc.ko
dma_unmap_sg_attrs	0xb0a846f0	mtk_sec_heap.ko
dma_unmap_sg_attrs	0xb0a846f0	system_heap.ko
dma_unmap_sg_attrs	0xb0a846f0	trusted_mem.ko
dmabuf_page_pool_alloc	0x5fda3506	mtk_sec_heap.ko
dmabuf_page_pool_create	0x8034c53b	mtk_sec_heap.ko
dmabuf_page_pool_free	0x6dcaff34	mtk_sec_heap.ko
dmabuf_rbtree_dump_by_domain	0x121d1336	mtk_heap_debug.ko
dmabuf_rbtree_dump_by_domain	0x121d1336	mtk_sec_heap.ko
dmabuf_to_sec_id	0xeb43c76e	mdp_drv_mt6768.ko
dmabuf_to_sec_id	0xeb43c76e	mtk_disp_sec.ko
dmabuf_to_secure_handle	0xc891f21b	camera_mem.ko
dmabuf_to_secure_handle	0xc891f21b	gz_main_mod.ko
dmabuf_to_secure_handle	0xc891f21b	mdp_drv_mt6768.ko
dmabuf_to_secure_handle	0xc891f21b	mtk-vcodec-dec-v1.ko
dmabuf_to_secure_handle	0xc891f21b	mtk-vcodec-enc-v1.ko
dmabuf_to_secure_handle	0xc891f21b	mtk-vcu.ko
dmabuf_to_secure_handle	0xc891f21b	t-base-tui.ko
dmabuf_to_secure_handle	0xc891f21b	widevine_driver.ko
dmabuf_to_tmem_type	0xb0147cb8	mdp_drv_mt6768.ko
dmabuf_to_tmem_type	0xb0147cb8	mtk_disp_sec.ko
dmam_alloc_attrs	0x6f0dbd85	cqhci.ko
dmam_free_coherent	0x2f5014be	cqhci.ko
do_trace_netlink_extack	0xe6d2458e	cfg80211.ko
do_trace_netlink_extack	0xe6d2458e	wlan_drv_gen4m_6768.ko
do_wait_intr_irq	0x5102a30b	ccci_md_all.ko
double_rq_lock	0x8ebf2c86	scheduler.ko
down	0x6626afca	bt_drv_connac1x.ko
down	0x6626afca	emictrl.ko
down	0x6626afca	gps_drv_stp.ko
down	0x6626afca	isee.ko
down	0x6626afca	mali_kbase_mt6768_r49.ko
down	0x6626afca	mtk-vcodec-dec-v1.ko
down	0x6626afca	musb_hdrc.ko
down	0x6626afca	sensorHub.ko
down	0x6626afca	tcpc_class.ko
down	0x6626afca	thermal_monitor.ko
down	0x6626afca	ufs-mediatek-mod.ko
down	0x6626afca	wlan_drv_gen4m_6768.ko
down_interruptible	0x6bd0e573	aee_aed.ko
down_interruptible	0x6bd0e573	aee_rs.ko
down_interruptible	0x6bd0e573	fmradio_drv_mt6631.ko
down_interruptible	0x6bd0e573	mediatek-drm.ko
down_interruptible	0x6bd0e573	mtk-vcodec-dec-v1.ko
down_interruptible	0x6bd0e573	mtk-vcu.ko
down_interruptible	0x6bd0e573	sec.ko
down_killable	0x36b6ebbf	wlan_drv_gen4m_6768.ko
down_read	0x3355da1c	gz_tz_system.ko
down_read	0x3355da1c	mali_kbase_mt6768_r49.ko
down_read	0x3355da1c	mcDrvModule.ko
down_read	0x3355da1c	monitor_hang.ko
down_read	0x3355da1c	zram.ko
down_read_trylock	0x88f5cdef	mtk_heap_debug.ko
down_timeout	0x92e683f5	mtk-vcu.ko
down_timeout	0x92e683f5	wlan_drv_gen4m_6768.ko
down_trylock	0xe9ffc063	fmradio_drv_mt6631.ko
down_trylock	0xe9ffc063	isee.ko
down_trylock	0xe9ffc063	mali_kbase_mt6768_r49.ko
down_trylock	0xe9ffc063	mtk-vcodec-dec-v1.ko
down_trylock	0xe9ffc063	mtk-vcodec-enc-v1.ko
down_trylock	0xe9ffc063	thermal_monitor.ko
down_trylock	0xe9ffc063	ufs-mediatek-mod.ko
down_trylock	0xe9ffc063	wlan_drv_gen4m_6768.ko
down_write	0x28ed2847	ccci_md_all.ko
down_write	0x28ed2847	drm_dma_helper.ko
down_write	0x28ed2847	isee.ko
down_write	0x28ed2847	mali_kbase_mt6768_r49.ko
down_write	0x28ed2847	mediatek-drm.ko
down_write	0x28ed2847	monitor_hang.ko
down_write	0x28ed2847	snd-soc-mtk-common.ko
down_write	0x28ed2847	teeperf.ko
down_write	0x28ed2847	trusted_mem.ko
down_write	0x28ed2847	wmt_drv.ko
down_write	0x28ed2847	zram.ko
downgrade_write	0xd486fb9c	mali_kbase_mt6768_r49.ko
dpidle_enter	0x02a40c6e	mcdi.ko
dput	0x652c0884	mtk-cmdq-drv-ext.ko
dput	0x652c0884	mtk-mml.ko
dput	0x652c0884	mtk-smi-dbg.ko
driver_create_file	0x32d56d6d	accelhub.ko
driver_create_file	0x32d56d6d	alspshub.ko
driver_create_file	0x32d56d6d	barohub.ko
driver_create_file	0x32d56d6d	btif_drv.ko
driver_create_file	0x32d56d6d	cache-parity.ko
driver_create_file	0x32d56d6d	emictrl.ko
driver_create_file	0x32d56d6d	emiisu.ko
driver_create_file	0x32d56d6d	emimpu.ko
driver_create_file	0x32d56d6d	gps_drv_stp.ko
driver_create_file	0x32d56d6d	gyrohub.ko
driver_create_file	0x32d56d6d	maghub.ko
driver_create_file	0x32d56d6d	mt6358-accdet.ko
driver_create_file	0x32d56d6d	mtk_dramc.ko
driver_create_file	0x32d56d6d	pinctrl-mtk-v2.ko
driver_create_file	0x32d56d6d	sensorHub.ko
driver_create_file	0x32d56d6d	stepsignhub.ko
driver_remove_file	0x7d5d3727	accelhub.ko
driver_remove_file	0x7d5d3727	alspshub.ko
driver_remove_file	0x7d5d3727	barohub.ko
driver_remove_file	0x7d5d3727	btif_drv.ko
driver_remove_file	0x7d5d3727	cache-parity.ko
driver_remove_file	0x7d5d3727	gps_drv_stp.ko
driver_remove_file	0x7d5d3727	gyrohub.ko
driver_remove_file	0x7d5d3727	maghub.ko
driver_remove_file	0x7d5d3727	sensorHub.ko
driver_remove_file	0x7d5d3727	stepsignhub.ko
driver_unregister	0xc9475c33	ft8057m_spi.ko
driver_unregister	0xc9475c33	ft8057p_spi.ko
driver_unregister	0xc9475c33	icnl9916_spi.ko
driver_unregister	0xc9475c33	mtk_spi.ko
driver_unregister	0xc9475c33	nt36528_spi.ko
driver_unregister	0xc9475c33	spi_slave.ko
drm_add_edid_modes	0xfc128d85	mediatek-drm.ko
drm_add_modes_noedid	0xa74fb5e9	mediatek-drm.ko
drm_atomic_add_affected_connectors	0xd104b8b4	mediatek-drm.ko
drm_atomic_get_connector_state	0x54c19c6c	drm_display_helper.ko
drm_atomic_get_crtc_state	0x5bca7f0c	drm_display_helper.ko
drm_atomic_get_crtc_state	0x5bca7f0c	mediatek-drm.ko
drm_atomic_get_new_private_obj_state	0x602c65fe	drm_display_helper.ko
drm_atomic_get_old_private_obj_state	0xe15d27e9	drm_display_helper.ko
drm_atomic_get_private_obj_state	0x7535a9ef	drm_display_helper.ko
drm_atomic_helper_check	0x96cb29e8	mediatek-drm.ko
drm_atomic_helper_check_plane_state	0x75e07ced	mediatek-drm.ko
drm_atomic_helper_cleanup_planes	0xdc25a3e3	mediatek-drm.ko
drm_atomic_helper_commit_modeset_disables	0x805ade65	mediatek-drm.ko
drm_atomic_helper_commit_modeset_enables	0x8ce9cd62	mediatek-drm.ko
drm_atomic_helper_commit_planes	0x528b98e8	mediatek-drm.ko
drm_atomic_helper_connector_destroy_state	0x229fc462	mediatek-drm.ko
drm_atomic_helper_connector_duplicate_state	0xf2cbd5d3	mediatek-drm.ko
drm_atomic_helper_connector_reset	0xfc2c8f37	mediatek-drm.ko
drm_atomic_helper_damage_iter_init	0x2bcd464a	drm_dma_helper.ko
drm_atomic_helper_damage_iter_next	0x6b5c2b06	drm_dma_helper.ko
drm_atomic_helper_disable_plane	0x22b66a1e	mediatek-drm.ko
drm_atomic_helper_page_flip	0x51bd2d85	mediatek-drm.ko
drm_atomic_helper_prepare_planes	0x3418d651	mediatek-drm.ko
drm_atomic_helper_resume	0x53843117	mediatek-drm.ko
drm_atomic_helper_set_config	0x7c253754	mediatek-drm.ko
drm_atomic_helper_shutdown	0x61dafa28	mediatek-drm.ko
drm_atomic_helper_suspend	0xe0ad9349	mediatek-drm.ko
drm_atomic_helper_swap_state	0x2956ecbb	mediatek-drm.ko
drm_atomic_helper_update_plane	0x26293079	mediatek-drm.ko
drm_atomic_helper_wait_for_vblanks	0x00963cdf	mediatek-drm.ko
drm_atomic_private_obj_fini	0xb2fff60e	drm_display_helper.ko
drm_atomic_private_obj_init	0xc06a1e77	drm_display_helper.ko
drm_atomic_state_clear	0x5a7aaf58	mediatek-drm.ko
drm_atomic_state_default_release	0x5d0dffd8	mediatek-drm.ko
drm_atomic_state_init	0xd0e72103	mediatek-drm.ko
drm_bridge_attach	0x51dcc685	mediatek-drm.ko
drm_calc_timestamping_constants	0x578b2672	mediatek-drm.ko
drm_compat_ioctl	0x77eec29e	mediatek-drm.ko
drm_connector_attach_encoder	0xa13a2997	mediatek-drm.ko
drm_connector_cleanup	0xf28de3c9	mediatek-drm.ko
drm_connector_init	0x1b60da22	mediatek-drm.ko
drm_connector_register	0x80cd719c	drm_display_helper.ko
drm_connector_unregister	0xb9401569	drm_display_helper.ko
drm_connector_update_edid_property	0x296a9f74	mediatek-drm.ko
drm_crtc_add_crc_entry	0xaff5a07f	drm_display_helper.ko
drm_crtc_cleanup	0x24aaf7a3	mediatek-drm.ko
drm_crtc_commit_wait	0x073efa6a	drm_display_helper.ko
drm_crtc_handle_vblank	0x2d5103ce	mediatek-drm.ko
drm_crtc_init_with_planes	0x0f8a0a07	mediatek-drm.ko
drm_crtc_send_vblank_event	0xdfc6f48e	mediatek-drm.ko
drm_crtc_vblank_get	0x698760a4	mediatek-drm.ko
drm_crtc_vblank_off	0xe24ca841	mediatek-drm.ko
drm_crtc_vblank_on	0xea94e945	mediatek-drm.ko
drm_crtc_vblank_put	0x5458e174	mediatek-drm.ko
drm_crtc_wait_one_vblank	0x4b79aaa6	drm_display_helper.ko
drm_dev_alloc	0x53ae2e34	mediatek-drm.ko
drm_dev_printk	0x63ace0ba	drm_display_helper.ko
drm_dev_put	0xfcb85aed	mediatek-drm.ko
drm_dev_register	0xa2e789bc	mediatek-drm.ko
drm_dev_unregister	0x0b4bed34	mediatek-drm.ko
drm_display_mode_from_cea_vic	0x3bfe6b4a	drm_display_helper.ko
drm_display_mode_to_videomode	0xfe9f72f3	mediatek-drm.ko
drm_dp_aux_init	0xae2a447f	mediatek-drm.ko
drm_dp_aux_register	0xf136ea6c	mediatek-drm.ko
drm_dp_channel_eq_ok	0xedcf81ce	mediatek-drm.ko
drm_dp_clock_recovery_ok	0x8d701329	mediatek-drm.ko
drm_dp_dpcd_read	0xbdbbdde4	mediatek-drm.ko
drm_dp_dpcd_write	0xa1a117f9	mediatek-drm.ko
drm_dp_link_train_channel_eq_delay	0xe5c9614e	mediatek-drm.ko
drm_dp_link_train_clock_recovery_delay	0xd5f51d5e	mediatek-drm.ko
drm_edid_dup	0xb212dc3e	drm_display_helper.ko
drm_edid_duplicate	0x7edf470b	drm_display_helper.ko
drm_edid_duplicate	0x7edf470b	mediatek-drm.ko
drm_edid_free	0x397c3d27	drm_display_helper.ko
drm_edid_get_monitor_name	0x7c545285	drm_display_helper.ko
drm_edid_raw	0x4489a5e9	drm_display_helper.ko
drm_edid_read_ddc	0x40094718	drm_display_helper.ko
drm_edid_to_sad	0x6ac01ea8	mediatek-drm.ko
drm_encoder_cleanup	0xc7d737fb	mediatek-drm.ko
drm_encoder_init	0x3557d029	mediatek-drm.ko
drm_format_info	0x55eb38da	mediatek-drm.ko
drm_format_info_block_height	0x982d09b3	drm_dma_helper.ko
drm_format_info_block_width	0x74fc6fbd	drm_dma_helper.ko
drm_framebuffer_cleanup	0x2450fdef	mediatek-drm.ko
drm_framebuffer_init	0x3d23d58e	mediatek-drm.ko
drm_framebuffer_lookup	0x0b5f454e	mediatek-drm.ko
drm_framebuffer_remove	0x4c1b5d64	mediatek-drm.ko
drm_gem_create_mmap_offset	0xf2d20c15	drm_dma_helper.ko
drm_gem_create_mmap_offset	0xf2d20c15	mediatek-drm.ko
drm_gem_dma_vm_ops	0x0c560075	mediatek-drm.ko
drm_gem_fb_get_obj	0x0b8b7474	drm_dma_helper.ko
drm_gem_handle_create	0xdff7f832	drm_dma_helper.ko
drm_gem_handle_create	0xdff7f832	mediatek-drm.ko
drm_gem_handle_delete	0x4bb5dc8d	mediatek-drm.ko
drm_gem_mmap	0x35ae1b39	mediatek-drm.ko
drm_gem_mmap_obj	0x13c8513d	mediatek-drm.ko
drm_gem_object_free	0xd680a377	drm_dma_helper.ko
drm_gem_object_free	0xd680a377	mediatek-drm.ko
drm_gem_object_init	0x28bc3b4f	drm_dma_helper.ko
drm_gem_object_init	0x28bc3b4f	mediatek-drm.ko
drm_gem_object_lookup	0x1510e62c	mediatek-drm.ko
drm_gem_object_release	0x64bdd4b8	drm_dma_helper.ko
drm_gem_object_release	0x64bdd4b8	mediatek-drm.ko
drm_gem_prime_import_dev	0xb8a8b1be	mediatek-drm.ko
drm_gem_private_object_init	0x6082ba55	drm_dma_helper.ko
drm_gem_private_object_init	0x6082ba55	mediatek-drm.ko
drm_gem_vm_close	0x98318435	drm_dma_helper.ko
drm_gem_vm_close	0x98318435	mediatek-drm.ko
drm_gem_vm_open	0xae98f1a3	drm_dma_helper.ko
drm_get_edid	0x4a259a63	mediatek-drm.ko
drm_helper_hpd_irq_event	0x09ec0dae	mediatek-drm.ko
drm_helper_mode_fill_fb_struct	0xbe13fdf0	mediatek-drm.ko
drm_helper_probe_single_connector_modes	0x4a4f1631	mediatek-drm.ko
drm_ioctl	0x9bd78d7b	mediatek-drm.ko
drm_is_current_master	0xb8de00cd	mediatek-drm.ko
drm_kms_helper_hotplug_event	0x2608ea51	drm_display_helper.ko
drm_kms_helper_poll_disable	0x2b225f02	mediatek-drm.ko
drm_kms_helper_poll_enable	0x8f00a4d6	mediatek-drm.ko
drm_kms_helper_poll_fini	0x96c039ee	mediatek-drm.ko
drm_mode_config_cleanup	0x98646174	mediatek-drm.ko
drm_mode_config_reset	0x116319a9	mediatek-drm.ko
drm_mode_copy	0x9ce050be	mediatek-drm.ko
drm_mode_crtc_set_gamma_size	0x924d3571	mediatek-drm.ko
drm_mode_duplicate	0x9ab5781b	dsi_panel_c3n_35_02_0h_dsc_vdo.ko
drm_mode_duplicate	0x9ab5781b	dsi_panel_c3n_35_0f_0e_dsc_vdo.ko
drm_mode_duplicate	0x9ab5781b	dsi_panel_c3n_35_0f_0l_dsc_vdo.ko
drm_mode_duplicate	0x9ab5781b	dsi_panel_c3n_37_02_0d_dsc_vdo.ko
drm_mode_duplicate	0x9ab5781b	dsi_panel_c3n_43_02_0a_dsc_vdo.ko
drm_mode_duplicate	0x9ab5781b	dsi_panel_c3n_43_02_0k_dsc_vdo.ko
drm_mode_duplicate	0x9ab5781b	dsi_panel_c3n_43_02_0n_dsc_vdo.ko
drm_mode_duplicate	0x9ab5781b	dsi_panel_c3n_44_03_0b_dsc_vdo.ko
drm_mode_duplicate	0x9ab5781b	dsi_panel_c3n_44_03_0j_dsc_vdo.ko
drm_mode_duplicate	0x9ab5781b	dsi_panel_c3n_46_03_0c_dsc_vdo.ko
drm_mode_duplicate	0x9ab5781b	dsi_panel_c3n_46_03_0f_dsc_vdo.ko
drm_mode_duplicate	0x9ab5781b	dsi_panel_c3n_46_03_0g_dsc_vdo.ko
drm_mode_duplicate	0x9ab5781b	dsi_panel_c3n_null_dsc_vdo.ko
drm_mode_duplicate	0x9ab5781b	mediatek-drm.ko
drm_mode_object_find	0xc9fe9e2d	mediatek-drm.ko
drm_mode_object_put	0xbfd17cd9	drm_display_helper.ko
drm_mode_object_put	0xbfd17cd9	mediatek-drm.ko
drm_mode_probed_add	0x69806d75	dsi_panel_c3n_35_02_0h_dsc_vdo.ko
drm_mode_probed_add	0x69806d75	dsi_panel_c3n_35_0f_0e_dsc_vdo.ko
drm_mode_probed_add	0x69806d75	dsi_panel_c3n_35_0f_0l_dsc_vdo.ko
drm_mode_probed_add	0x69806d75	dsi_panel_c3n_37_02_0d_dsc_vdo.ko
drm_mode_probed_add	0x69806d75	dsi_panel_c3n_43_02_0a_dsc_vdo.ko
drm_mode_probed_add	0x69806d75	dsi_panel_c3n_43_02_0k_dsc_vdo.ko
drm_mode_probed_add	0x69806d75	dsi_panel_c3n_43_02_0n_dsc_vdo.ko
drm_mode_probed_add	0x69806d75	dsi_panel_c3n_44_03_0b_dsc_vdo.ko
drm_mode_probed_add	0x69806d75	dsi_panel_c3n_44_03_0j_dsc_vdo.ko
drm_mode_probed_add	0x69806d75	dsi_panel_c3n_46_03_0c_dsc_vdo.ko
drm_mode_probed_add	0x69806d75	dsi_panel_c3n_46_03_0f_dsc_vdo.ko
drm_mode_probed_add	0x69806d75	dsi_panel_c3n_46_03_0g_dsc_vdo.ko
drm_mode_probed_add	0x69806d75	dsi_panel_c3n_null_dsc_vdo.ko
drm_mode_probed_add	0x69806d75	mediatek-drm.ko
drm_mode_set_crtcinfo	0x4575a0ca	mediatek-drm.ko
drm_mode_set_name	0x4a35d30d	dsi_panel_c3n_35_02_0h_dsc_vdo.ko
drm_mode_set_name	0x4a35d30d	dsi_panel_c3n_35_0f_0e_dsc_vdo.ko
drm_mode_set_name	0x4a35d30d	dsi_panel_c3n_35_0f_0l_dsc_vdo.ko
drm_mode_set_name	0x4a35d30d	dsi_panel_c3n_37_02_0d_dsc_vdo.ko
drm_mode_set_name	0x4a35d30d	dsi_panel_c3n_43_02_0a_dsc_vdo.ko
drm_mode_set_name	0x4a35d30d	dsi_panel_c3n_43_02_0k_dsc_vdo.ko
drm_mode_set_name	0x4a35d30d	dsi_panel_c3n_43_02_0n_dsc_vdo.ko
drm_mode_set_name	0x4a35d30d	dsi_panel_c3n_44_03_0b_dsc_vdo.ko
drm_mode_set_name	0x4a35d30d	dsi_panel_c3n_44_03_0j_dsc_vdo.ko
drm_mode_set_name	0x4a35d30d	dsi_panel_c3n_46_03_0c_dsc_vdo.ko
drm_mode_set_name	0x4a35d30d	dsi_panel_c3n_46_03_0f_dsc_vdo.ko
drm_mode_set_name	0x4a35d30d	dsi_panel_c3n_46_03_0g_dsc_vdo.ko
drm_mode_set_name	0x4a35d30d	dsi_panel_c3n_null_dsc_vdo.ko
drm_mode_set_name	0x4a35d30d	mediatek-drm.ko
drm_mode_vrefresh	0xf1b5340a	dsi_panel_c3n_35_02_0h_dsc_vdo.ko
drm_mode_vrefresh	0xf1b5340a	dsi_panel_c3n_35_0f_0e_dsc_vdo.ko
drm_mode_vrefresh	0xf1b5340a	dsi_panel_c3n_35_0f_0l_dsc_vdo.ko
drm_mode_vrefresh	0xf1b5340a	dsi_panel_c3n_37_02_0d_dsc_vdo.ko
drm_mode_vrefresh	0xf1b5340a	dsi_panel_c3n_43_02_0a_dsc_vdo.ko
drm_mode_vrefresh	0xf1b5340a	dsi_panel_c3n_43_02_0k_dsc_vdo.ko
drm_mode_vrefresh	0xf1b5340a	dsi_panel_c3n_43_02_0n_dsc_vdo.ko
drm_mode_vrefresh	0xf1b5340a	dsi_panel_c3n_44_03_0b_dsc_vdo.ko
drm_mode_vrefresh	0xf1b5340a	dsi_panel_c3n_44_03_0j_dsc_vdo.ko
drm_mode_vrefresh	0xf1b5340a	dsi_panel_c3n_46_03_0c_dsc_vdo.ko
drm_mode_vrefresh	0xf1b5340a	dsi_panel_c3n_46_03_0f_dsc_vdo.ko
drm_mode_vrefresh	0xf1b5340a	dsi_panel_c3n_46_03_0g_dsc_vdo.ko
drm_mode_vrefresh	0xf1b5340a	dsi_panel_c3n_null_dsc_vdo.ko
drm_mode_vrefresh	0xf1b5340a	mediatek-drm.ko
drm_modeset_lock	0xce79badb	drm_display_helper.ko
drm_modeset_lock_single_interruptible	0xec0683e1	drm_display_helper.ko
drm_modeset_unlock	0xe203eb18	drm_display_helper.ko
drm_notifier_call_chain	0xc3f5d24a	dsi_panel_c3n_35_02_0h_dsc_vdo.ko
drm_notifier_call_chain	0xc3f5d24a	dsi_panel_c3n_35_0f_0e_dsc_vdo.ko
drm_notifier_call_chain	0xc3f5d24a	dsi_panel_c3n_35_0f_0l_dsc_vdo.ko
drm_notifier_call_chain	0xc3f5d24a	dsi_panel_c3n_37_02_0d_dsc_vdo.ko
drm_notifier_call_chain	0xc3f5d24a	dsi_panel_c3n_43_02_0a_dsc_vdo.ko
drm_notifier_call_chain	0xc3f5d24a	dsi_panel_c3n_43_02_0k_dsc_vdo.ko
drm_notifier_call_chain	0xc3f5d24a	dsi_panel_c3n_43_02_0n_dsc_vdo.ko
drm_notifier_call_chain	0xc3f5d24a	dsi_panel_c3n_44_03_0b_dsc_vdo.ko
drm_notifier_call_chain	0xc3f5d24a	dsi_panel_c3n_44_03_0j_dsc_vdo.ko
drm_notifier_call_chain	0xc3f5d24a	dsi_panel_c3n_46_03_0c_dsc_vdo.ko
drm_notifier_call_chain	0xc3f5d24a	dsi_panel_c3n_46_03_0f_dsc_vdo.ko
drm_notifier_call_chain	0xc3f5d24a	dsi_panel_c3n_46_03_0g_dsc_vdo.ko
drm_object_attach_property	0x8b9203f0	mediatek-drm.ko
drm_object_property_set_value	0xe3847dc5	drm_display_helper.ko
drm_object_property_set_value	0xe3847dc5	mediatek-drm.ko
drm_open	0xbd70bd94	mediatek-drm.ko
drm_panel_add	0x0e4c2bfe	dsi_panel_c3n_35_02_0h_dsc_vdo.ko
drm_panel_add	0x0e4c2bfe	dsi_panel_c3n_35_0f_0e_dsc_vdo.ko
drm_panel_add	0x0e4c2bfe	dsi_panel_c3n_35_0f_0l_dsc_vdo.ko
drm_panel_add	0x0e4c2bfe	dsi_panel_c3n_37_02_0d_dsc_vdo.ko
drm_panel_add	0x0e4c2bfe	dsi_panel_c3n_43_02_0a_dsc_vdo.ko
drm_panel_add	0x0e4c2bfe	dsi_panel_c3n_43_02_0k_dsc_vdo.ko
drm_panel_add	0x0e4c2bfe	dsi_panel_c3n_43_02_0n_dsc_vdo.ko
drm_panel_add	0x0e4c2bfe	dsi_panel_c3n_44_03_0b_dsc_vdo.ko
drm_panel_add	0x0e4c2bfe	dsi_panel_c3n_44_03_0j_dsc_vdo.ko
drm_panel_add	0x0e4c2bfe	dsi_panel_c3n_46_03_0c_dsc_vdo.ko
drm_panel_add	0x0e4c2bfe	dsi_panel_c3n_46_03_0f_dsc_vdo.ko
drm_panel_add	0x0e4c2bfe	dsi_panel_c3n_46_03_0g_dsc_vdo.ko
drm_panel_add	0x0e4c2bfe	dsi_panel_c3n_null_dsc_vdo.ko
drm_panel_disable	0x04c9b467	mediatek-drm.ko
drm_panel_enable	0x119d69cb	mediatek-drm.ko
drm_panel_get_modes	0x1468ff2a	mediatek-drm.ko
drm_panel_init	0xac1477ea	dsi_panel_c3n_35_02_0h_dsc_vdo.ko
drm_panel_init	0xac1477ea	dsi_panel_c3n_35_0f_0e_dsc_vdo.ko
drm_panel_init	0xac1477ea	dsi_panel_c3n_35_0f_0l_dsc_vdo.ko
drm_panel_init	0xac1477ea	dsi_panel_c3n_37_02_0d_dsc_vdo.ko
drm_panel_init	0xac1477ea	dsi_panel_c3n_43_02_0a_dsc_vdo.ko
drm_panel_init	0xac1477ea	dsi_panel_c3n_43_02_0k_dsc_vdo.ko
drm_panel_init	0xac1477ea	dsi_panel_c3n_43_02_0n_dsc_vdo.ko
drm_panel_init	0xac1477ea	dsi_panel_c3n_44_03_0b_dsc_vdo.ko
drm_panel_init	0xac1477ea	dsi_panel_c3n_44_03_0j_dsc_vdo.ko
drm_panel_init	0xac1477ea	dsi_panel_c3n_46_03_0c_dsc_vdo.ko
drm_panel_init	0xac1477ea	dsi_panel_c3n_46_03_0f_dsc_vdo.ko
drm_panel_init	0xac1477ea	dsi_panel_c3n_46_03_0g_dsc_vdo.ko
drm_panel_init	0xac1477ea	dsi_panel_c3n_null_dsc_vdo.ko
drm_panel_prepare	0x1c33eb47	mediatek-drm.ko
drm_panel_remove	0xbff229a7	dsi_panel_c3n_35_02_0h_dsc_vdo.ko
drm_panel_remove	0xbff229a7	dsi_panel_c3n_35_0f_0e_dsc_vdo.ko
drm_panel_remove	0xbff229a7	dsi_panel_c3n_35_0f_0l_dsc_vdo.ko
drm_panel_remove	0xbff229a7	dsi_panel_c3n_37_02_0d_dsc_vdo.ko
drm_panel_remove	0xbff229a7	dsi_panel_c3n_43_02_0a_dsc_vdo.ko
drm_panel_remove	0xbff229a7	dsi_panel_c3n_43_02_0k_dsc_vdo.ko
drm_panel_remove	0xbff229a7	dsi_panel_c3n_43_02_0n_dsc_vdo.ko
drm_panel_remove	0xbff229a7	dsi_panel_c3n_44_03_0b_dsc_vdo.ko
drm_panel_remove	0xbff229a7	dsi_panel_c3n_44_03_0j_dsc_vdo.ko
drm_panel_remove	0xbff229a7	dsi_panel_c3n_46_03_0c_dsc_vdo.ko
drm_panel_remove	0xbff229a7	dsi_panel_c3n_46_03_0f_dsc_vdo.ko
drm_panel_remove	0xbff229a7	dsi_panel_c3n_46_03_0g_dsc_vdo.ko
drm_panel_remove	0xbff229a7	dsi_panel_c3n_null_dsc_vdo.ko
drm_panel_unprepare	0x88ab8851	mediatek-drm.ko
drm_plane_cleanup	0x6f13839a	mediatek-drm.ko
drm_plane_create_alpha_property	0xdef96472	mediatek-drm.ko
drm_plane_create_blend_mode_property	0xdc788945	mediatek-drm.ko
drm_poll	0x0a0a555c	mediatek-drm.ko
drm_prime_gem_destroy	0x231fe607	drm_dma_helper.ko
drm_prime_gem_destroy	0x231fe607	mediatek-drm.ko
drm_prime_get_contiguous_size	0xdad9c8b1	drm_dma_helper.ko
drm_printf	0x28779e52	drm_display_helper.ko
drm_printf	0x28779e52	drm_dma_helper.ko
drm_property_blob_put	0xd100ef98	mediatek-drm.ko
drm_property_create_blob	0x277e8e7a	mediatek-drm.ko
drm_property_create_range	0x091ada25	mediatek-drm.ko
drm_property_lookup_blob	0x0fc64ca8	mediatek-drm.ko
drm_read	0x5a024b93	mediatek-drm.ko
drm_register_client	0xcc73e398	gf_fingerprint.ko
drm_register_client	0xcc73e398	mtk_spi.ko
drm_register_client	0xcc73e398	sil_fingerprint.ko
drm_register_fps_chg_callback	0xaab7da79	ged.ko
drm_register_fps_chg_callback	0xaab7da79	mtk_fpsgo.ko
drm_release	0x2b3b9c91	mediatek-drm.ko
drm_universal_plane_init	0x82247119	mediatek-drm.ko
drm_unregister_client	0xff581545	gf_fingerprint.ko
drm_unregister_client	0xff581545	mtk_spi.ko
drm_unregister_fps_chg_callback	0x59e44647	ged.ko
drm_unregister_fps_chg_callback	0x59e44647	mtk_fpsgo.ko
drm_vblank_init	0x72703d66	mediatek-drm.ko
drm_writeback_connector_init	0xc456c2c6	mediatek-drm.ko
drm_writeback_queue_job	0xcbeaa412	mediatek-drm.ko
drm_writeback_signal_completion	0x7ff1ce06	mediatek-drm.ko
drmm_mode_config_init	0x59ae89d8	mediatek-drm.ko
drop_reasons_register_subsys	0x78cc75d2	mac80211.ko
drop_reasons_unregister_subsys	0xff2d565c	mac80211.ko
dsu_freq_changed_hook	0xc999b13b	mtk_em.ko
dump_backtrace	0x950d3423	connadp.ko
dump_page	0xd189ad1d	mtk-cmdq-drv-ext.ko
dump_stack	0x6b2dc060	clk-common.ko
dump_stack	0x6b2dc060	cmdq-bdg-mailbox.ko
dump_stack	0x6b2dc060	connadp.ko
dump_stack	0x6b2dc060	mali_kbase_mt6768_r49.ko
dump_stack	0x6b2dc060	mdp_drv_mt6768.ko
dump_stack	0x6b2dc060	mediatek-drm.ko
dump_stack	0x6b2dc060	met.ko
dump_stack	0x6b2dc060	millet_core.ko
dump_stack	0x6b2dc060	mrdump.ko
dump_stack	0x6b2dc060	mtk-cmdq-drv-ext.ko
dump_stack	0x6b2dc060	mtk-vcodec-dec-v1.ko
dump_stack	0x6b2dc060	musb_hdrc.ko
dump_stack	0x6b2dc060	snd-soc-mtk-common.ko
dump_stack	0x6b2dc060	wlan_drv_gen4m_6768.ko
dvfsrc_get_required_opp_peak_bw	0x53c18d57	mtk-dvfsrc-helper.ko
dvfsrc_get_required_opp_peak_bw	0x53c18d57	mtk_cm_mgr_mt6768.ko
dvfsrc_get_required_opp_peak_bw	0x53c18d57	mtk_fpsgo.ko
dvfsrc_get_required_opp_peak_bw	0x53c18d57	musb_boost.ko
dvfsrc_get_required_opp_peak_bw_legacy	0x4ec1bb3e	mediatek-drm.ko
eenv_dsu_init_hook	0x8d8af079	mtk_em.ko
em_cpu_get	0x4489aa86	cpufreq_sugov_ext.ko
em_cpu_get	0x4489aa86	mtk_pbm.ko
em_cpu_get	0x4489aa86	mtk_perf_common.ko
em_cpu_get	0x4489aa86	scheduler.ko
em_dev_register_perf_domain	0x696c52a4	CPU_DVFS.ko
emergency_restart	0xd0c05159	mi_memory.ko
enable_irq	0xfcec0987	btif_drv.ko
enable_irq	0xfcec0987	camera_isp_4_t.ko
enable_irq	0xfcec0987	ccci_ccif.ko
enable_irq	0xfcec0987	ccci_cldma.ko
enable_irq	0xfcec0987	ccci_md_all.ko
enable_irq	0xfcec0987	ccu_isp4.ko
enable_irq	0xfcec0987	connadp.ko
enable_irq	0xfcec0987	dbg_error_flag.ko
enable_irq	0xfcec0987	extcon-mtk-usb.ko
enable_irq	0xfcec0987	ft8057m_spi.ko
enable_irq	0xfcec0987	ft8057p_spi.ko
enable_irq	0xfcec0987	gf_fingerprint.ko
enable_irq	0xfcec0987	gz_irq_mod.ko
enable_irq	0xfcec0987	icnl9916_spi.ko
enable_irq	0xfcec0987	mediatek-drm.ko
enable_irq	0xfcec0987	mt6358-accdet.ko
enable_irq	0xfcec0987	mt6358-regulator.ko
enable_irq	0xfcec0987	mt6358_battery.ko
enable_irq	0xfcec0987	mt6370-charger.ko
enable_irq	0xfcec0987	mt6370.ko
enable_irq	0xfcec0987	mtk-btcvsd.ko
enable_irq	0xfcec0987	mtk-cqdma.ko
enable_irq	0xfcec0987	mtk-kpd.ko
enable_irq	0xfcec0987	mtk-mmc.ko
enable_irq	0xfcec0987	mtk-vcodec-dec-v1.ko
enable_irq	0xfcec0987	mtk-vcodec-enc-v1.ko
enable_irq	0xfcec0987	mtk_battery_oc_throttling.ko
enable_irq	0xfcec0987	musb_hdrc.ko
enable_irq	0xfcec0987	nt36528_spi.ko
enable_irq	0xfcec0987	nxp_i2c.ko
enable_irq	0xfcec0987	sensorHub.ko
enable_irq	0xfcec0987	sil_fingerprint.ko
enable_irq	0xfcec0987	snd-soc-fs15xx.ko
enable_irq	0xfcec0987	tcpc_rt1711h.ko
enable_irq	0xfcec0987	tcpc_upm7610.ko
enable_irq	0xfcec0987	ufs-mediatek-mod.ko
enable_irq	0xfcec0987	upm6920_charger.ko
enable_irq	0xfcec0987	wlan_drv_gen4m_6768.ko
enable_irq	0xfcec0987	wmt_drv.ko
enable_percpu_irq	0x335c570f	gz_irq_mod.ko
esd_panel_dead	0x96461447	dsi_panel_c3n_35_02_0h_dsc_vdo.ko
esd_panel_dead	0x96461447	dsi_panel_c3n_35_0f_0e_dsc_vdo.ko
esd_panel_dead	0x96461447	dsi_panel_c3n_35_0f_0l_dsc_vdo.ko
esd_panel_dead	0x96461447	dsi_panel_c3n_37_02_0d_dsc_vdo.ko
esd_panel_dead	0x96461447	dsi_panel_c3n_43_02_0a_dsc_vdo.ko
esd_panel_dead	0x96461447	dsi_panel_c3n_43_02_0k_dsc_vdo.ko
esd_panel_dead	0x96461447	dsi_panel_c3n_43_02_0n_dsc_vdo.ko
esd_panel_dead	0x96461447	dsi_panel_c3n_44_03_0b_dsc_vdo.ko
esd_panel_dead	0x96461447	dsi_panel_c3n_44_03_0j_dsc_vdo.ko
esd_panel_dead	0x96461447	dsi_panel_c3n_46_03_0c_dsc_vdo.ko
esd_panel_dead	0x96461447	dsi_panel_c3n_46_03_0f_dsc_vdo.ko
esd_panel_dead	0x96461447	dsi_panel_c3n_46_03_0g_dsc_vdo.ko
eth_header	0xcaebd873	ccmni.ko
eth_header_cache	0x12c320e0	ccmni.ko
eth_header_cache_update	0xf2240070	ccmni.ko
eth_header_parse	0x67f04aa5	ccmni.ko
eth_mac_addr	0x54995d20	mac80211.ko
eth_mac_addr	0x54995d20	mtk_u_ether.ko
eth_type_trans	0xd410da59	cfg80211.ko
eth_type_trans	0xd410da59	mac80211.ko
eth_type_trans	0xd410da59	mtk_u_ether.ko
eth_type_trans	0xd410da59	wlan_drv_gen4m_6768.ko
eth_validate_addr	0x4d320cd9	mtk_u_ether.ko
ether_setup	0x8f10e1ba	mac80211.ko
ether_setup	0x8f10e1ba	wlan_drv_gen4m_6768.ko
ethtool_op_get_link	0x427732de	mac80211.ko
ethtool_op_get_link	0x427732de	mtk_u_ether.ko
exec_ccci_kern_func	0xcdd61926	MTK_INTERNAL_SPM.ko
exec_ccci_kern_func	0xcdd61926	mtk_md_power_throttling.ko
exec_ccci_kern_func	0xcdd61926	thermal_monitor.ko
extcon_get_edev_by_phandle	0x6e877c5d	musb_hdrc.ko
extcon_get_state	0xe333490b	musb_hdrc.ko
extcon_set_state_sync	0x05e14cd7	extcon-mtk-usb.ko
extcon_set_state_sync	0x05e14cd7	mediatek-drm.ko
fbt_cal_target_time_fp	0x8589338c	fpsgo.ko
fbt_power_rl_fp	0xc2913dff	fpsgo.ko
fd_install	0xa525f622	ged.ko
fd_install	0xa525f622	mali_kbase_mt6768_r49.ko
fd_install	0xa525f622	mdp_drv_mt6768.ko
fd_install	0xa525f622	mediatek-drm.ko
fd_install	0xa525f622	mtk_sync.ko
fget	0x893ea9ef	ged.ko
fget	0x893ea9ef	mediatek-drm.ko
file_path	0xa7d237ec	zram.ko
filp_close	0x5728d8b8	zram.ko
filp_open_block	0x1d5ede85	zram.ko
find_get_pid	0xe1289bdd	monitor_hang.ko
find_get_pid	0xe1289bdd	mtk_heap_debug.ko
find_panel_ctx	0x0f7eaf81	dsi_panel_c3n_35_02_0h_dsc_vdo.ko
find_panel_ctx	0x0f7eaf81	dsi_panel_c3n_35_0f_0e_dsc_vdo.ko
find_panel_ctx	0x0f7eaf81	dsi_panel_c3n_35_0f_0l_dsc_vdo.ko
find_panel_ctx	0x0f7eaf81	dsi_panel_c3n_37_02_0d_dsc_vdo.ko
find_panel_ctx	0x0f7eaf81	dsi_panel_c3n_43_02_0a_dsc_vdo.ko
find_panel_ctx	0x0f7eaf81	dsi_panel_c3n_43_02_0k_dsc_vdo.ko
find_panel_ctx	0x0f7eaf81	dsi_panel_c3n_43_02_0n_dsc_vdo.ko
find_panel_ctx	0x0f7eaf81	dsi_panel_c3n_44_03_0b_dsc_vdo.ko
find_panel_ctx	0x0f7eaf81	dsi_panel_c3n_44_03_0j_dsc_vdo.ko
find_panel_ctx	0x0f7eaf81	dsi_panel_c3n_46_03_0c_dsc_vdo.ko
find_panel_ctx	0x0f7eaf81	dsi_panel_c3n_46_03_0f_dsc_vdo.ko
find_panel_ctx	0x0f7eaf81	dsi_panel_c3n_46_03_0g_dsc_vdo.ko
find_panel_ctx	0x0f7eaf81	dsi_panel_c3n_null_dsc_vdo.ko
find_panel_ext	0x4c8270b2	dsi_panel_c3n_35_02_0h_dsc_vdo.ko
find_panel_ext	0x4c8270b2	dsi_panel_c3n_35_0f_0e_dsc_vdo.ko
find_panel_ext	0x4c8270b2	dsi_panel_c3n_35_0f_0l_dsc_vdo.ko
find_panel_ext	0x4c8270b2	dsi_panel_c3n_37_02_0d_dsc_vdo.ko
find_panel_ext	0x4c8270b2	dsi_panel_c3n_43_02_0a_dsc_vdo.ko
find_panel_ext	0x4c8270b2	dsi_panel_c3n_43_02_0k_dsc_vdo.ko
find_panel_ext	0x4c8270b2	dsi_panel_c3n_43_02_0n_dsc_vdo.ko
find_panel_ext	0x4c8270b2	dsi_panel_c3n_44_03_0b_dsc_vdo.ko
find_panel_ext	0x4c8270b2	dsi_panel_c3n_44_03_0j_dsc_vdo.ko
find_panel_ext	0x4c8270b2	dsi_panel_c3n_46_03_0c_dsc_vdo.ko
find_panel_ext	0x4c8270b2	dsi_panel_c3n_46_03_0f_dsc_vdo.ko
find_panel_ext	0x4c8270b2	dsi_panel_c3n_46_03_0g_dsc_vdo.ko
find_panel_ext	0x4c8270b2	dsi_panel_c3n_null_dsc_vdo.ko
find_panel_ext	0x4c8270b2	mediatek-drm.ko
find_pid_ns	0x4ab44f29	aee_aed.ko
find_task_by_vpid	0xea3513e1	blocktag.ko
find_task_by_vpid	0xea3513e1	cpufreq_sugov_ext.ko
find_task_by_vpid	0xea3513e1	ged.ko
find_task_by_vpid	0xea3513e1	mme.ko
find_task_by_vpid	0xea3513e1	mtk-vcodec-common.ko
find_task_by_vpid	0xea3513e1	mtk_fpsgo.ko
find_task_by_vpid	0xea3513e1	perfhelper.ko
find_task_by_vpid	0xea3513e1	scheduler.ko
find_vma_intersection	0x552fbcfe	gz_tz_system.ko
find_vma_intersection	0x552fbcfe	mali_kbase_mt6768_r49.ko
find_vpid	0xf12a4332	ged.ko
find_vpid	0xf12a4332	thermal_monitor.ko
finish_wait	0x92540fbf	atf_logger.ko
finish_wait	0x92540fbf	bt_drv_connac1x.ko
finish_wait	0x92540fbf	camera_dpe_isp40.ko
finish_wait	0x92540fbf	camera_fdvt_isp40.ko
finish_wait	0x92540fbf	camera_isp_4_t.ko
finish_wait	0x92540fbf	ccci_cldma.ko
finish_wait	0x92540fbf	ccci_md_all.ko
finish_wait	0x92540fbf	ccci_util_lib.ko
finish_wait	0x92540fbf	ccu_isp4.ko
finish_wait	0x92540fbf	cfg80211.ko
finish_wait	0x92540fbf	cqhci.ko
finish_wait	0x92540fbf	drm_display_helper.ko
finish_wait	0x92540fbf	fmradio_drv_mt6631.ko
finish_wait	0x92540fbf	ft8057m_spi.ko
finish_wait	0x92540fbf	ft8057p_spi.ko
finish_wait	0x92540fbf	gps_drv_stp.ko
finish_wait	0x92540fbf	gz_ipc_mod.ko
finish_wait	0x92540fbf	isee.ko
finish_wait	0x92540fbf	mali_kbase_mt6768_r49.ko
finish_wait	0x92540fbf	mcDrvModule.ko
finish_wait	0x92540fbf	mdp_drv_mt6768.ko
finish_wait	0x92540fbf	mediatek-drm.ko
finish_wait	0x92540fbf	mediatek_eem.ko
finish_wait	0x92540fbf	mmqos-common.ko
finish_wait	0x92540fbf	monitor_hang.ko
finish_wait	0x92540fbf	mt6358_battery.ko
finish_wait	0x92540fbf	mt6370-charger.ko
finish_wait	0x92540fbf	mtk-btcvsd.ko
finish_wait	0x92540fbf	mtk-cmdq-drv-ext.ko
finish_wait	0x92540fbf	mtk-mml.ko
finish_wait	0x92540fbf	mtk-vcodec-common.ko
finish_wait	0x92540fbf	mtk-vcodec-dec-v1.ko
finish_wait	0x92540fbf	mtk-vcodec-enc-v1.ko
finish_wait	0x92540fbf	mtk-vcu.ko
finish_wait	0x92540fbf	mtk_battery_manager.ko
finish_wait	0x92540fbf	mtk_bp_thl.ko
finish_wait	0x92540fbf	mtk_charger_framework.ko
finish_wait	0x92540fbf	mtk_chg_type_det.ko
finish_wait	0x92540fbf	mtk_dynamic_loading_throttling.ko
finish_wait	0x92540fbf	mtk_fpsgo.ko
finish_wait	0x92540fbf	mtk_low_battery_throttling.ko
finish_wait	0x92540fbf	nxp_i2c.ko
finish_wait	0x92540fbf	sensorHub.ko
finish_wait	0x92540fbf	sil_fingerprint.ko
finish_wait	0x92540fbf	snd-soc-sipa-tuning.ko
finish_wait	0x92540fbf	system_heap.ko
finish_wait	0x92540fbf	tcpc_class.ko
finish_wait	0x92540fbf	touch_boost.ko
finish_wait	0x92540fbf	wlan_drv_gen4m_6768.ko
finish_wait	0x92540fbf	wmt_drv.ko
finish_wait	0x92540fbf	xm_smart_chg.ko
flashlight_dev_register_by_device_id	0xe8fd8896	leds-mt6370-flash.ko
flashlight_kicker_pbm	0x8287fd03	leds-mt6370-flash.ko
flashlight_pt_is_low	0xe39abd31	leds-mt6370-flash.ko
floor_c_data_report_t	0x6e8c4986	stepsignhub.ko
floor_c_flush_report	0xa789d6fd	stepsignhub.ko
flush_dcache_page	0x90f81d72	zram.ko
flush_delayed_work	0x1148c0ea	ccci_cldma.ko
flush_delayed_work	0x1148c0ea	ccmni.ko
flush_delayed_work	0x1148c0ea	cfg80211.ko
flush_delayed_work	0x1148c0ea	mac80211.ko
flush_delayed_work	0x1148c0ea	pd_dbg_info.ko
flush_delayed_work	0x1148c0ea	tcpc_class.ko
flush_delayed_work	0x1148c0ea	wlan_drv_gen4m_6768.ko
flush_work	0x4735ac17	cache-parity.ko
flush_work	0x4735ac17	ccci_ccif.ko
flush_work	0x4735ac17	ccci_cldma.ko
flush_work	0x4735ac17	cfg80211.ko
flush_work	0x4735ac17	dbg_error_flag.ko
flush_work	0x4735ac17	drm_display_helper.ko
flush_work	0x4735ac17	flashlight.ko
flush_work	0x4735ac17	main2af.ko
flush_work	0x4735ac17	main3af.ko
flush_work	0x4735ac17	mainaf.ko
flush_work	0x4735ac17	mali_kbase_mt6768_r49.ko
flush_work	0x4735ac17	mediatek-drm.ko
flush_work	0x4735ac17	mtk_u_ether.ko
flush_work	0x4735ac17	sub2af.ko
flush_work	0x4735ac17	subaf.ko
flush_work	0x4735ac17	ufs-mediatek-dbg.ko
flush_work	0x4735ac17	wlan_drv_gen4m_6768.ko
flush_work	0x4735ac17	zsmalloc.ko
fmeter_set_ops	0xaca276a3	clk-fmeter-mt6768.ko
foc_tp_notify_lcd_esd	0xde8d08ec	ft8057m_spi.ko
foc_tp_notify_lcd_esd	0xde8d08ec	ft8057p_spi.ko
foc_ts_esd_resume_probe	0x2e990910	ft8057m_spi.ko
foc_ts_esd_resume_probe	0x2e990910	ft8057p_spi.ko
foc_ts_need_do_esd_recovery	0x5eebe907	ft8057m_spi.ko
foc_ts_need_do_esd_recovery	0x5eebe907	ft8057p_spi.ko
folio_total_mapcount	0x1dc457c7	mi_rmap_efficiency.ko
folio_wait_bit	0x2a10e25b	zsmalloc.ko
follow_pfn	0x6b9e43d1	gz_tz_system.ko
font_vga_8x16	0xa01d3df6	mediatek-drm.ko
for_each_kernel_tracepoint	0x10a09bd4	MTK_INTERNAL_SPM.ko
for_each_kernel_tracepoint	0x10a09bd4	aee_aed.ko
for_each_kernel_tracepoint	0x10a09bd4	blocktag.ko
for_each_kernel_tracepoint	0x10a09bd4	bootprof.ko
for_each_kernel_tracepoint	0x10a09bd4	met.ko
for_each_kernel_tracepoint	0x10a09bd4	mtk-mmc-dbg.ko
for_each_kernel_tracepoint	0x10a09bd4	mtk-mmc.ko
for_each_kernel_tracepoint	0x10a09bd4	mtk_cm_mgr.ko
for_each_kernel_tracepoint	0x10a09bd4	mtk_fpsgo.ko
for_each_kernel_tracepoint	0x10a09bd4	mtk_pbm.ko
for_each_kernel_tracepoint	0x10a09bd4	pidmap.ko
for_each_kernel_tracepoint	0x10a09bd4	ufs-mediatek-dbg.ko
for_each_kernel_tracepoint	0x10a09bd4	ufs-mediatek-mod.ko
fortify_panic	0xcbd4898c	8250_mtk.ko
fortify_panic	0xcbd4898c	MTK_INTERNAL_SPM.ko
fortify_panic	0xcbd4898c	accel_common.ko
fortify_panic	0xcbd4898c	aee_aed.ko
fortify_panic	0xcbd4898c	alsps_common.ko
fortify_panic	0xcbd4898c	baro_common.ko
fortify_panic	0xcbd4898c	binder_gki.ko
fortify_panic	0xcbd4898c	blocktag.ko
fortify_panic	0xcbd4898c	bootprof.ko
fortify_panic	0xcbd4898c	bt_drv_connac1x.ko
fortify_panic	0xcbd4898c	btif_drv.ko
fortify_panic	0xcbd4898c	cache-parity.ko
fortify_panic	0xcbd4898c	camera_dpe_isp40.ko
fortify_panic	0xcbd4898c	camera_isp_4_t.ko
fortify_panic	0xcbd4898c	ccci_md_all.ko
fortify_panic	0xcbd4898c	ccci_util_lib.ko
fortify_panic	0xcbd4898c	ccmni.ko
fortify_panic	0xcbd4898c	ccu_isp4.ko
fortify_panic	0xcbd4898c	cfg80211.ko
fortify_panic	0xcbd4898c	clk-common.ko
fortify_panic	0xcbd4898c	cmdq-bdg-test.ko
fortify_panic	0xcbd4898c	cmdq-sec-drv.ko
fortify_panic	0xcbd4898c	cmdq-test.ko
fortify_panic	0xcbd4898c	conn_md_drv.ko
fortify_panic	0xcbd4898c	connadp.ko
fortify_panic	0xcbd4898c	cpufreq_sugov_ext.ko
fortify_panic	0xcbd4898c	cqhci.ko
fortify_panic	0xcbd4898c	device-apc-common-legacy.ko
fortify_panic	0xcbd4898c	drm_display_helper.ko
fortify_panic	0xcbd4898c	emiisu.ko
fortify_panic	0xcbd4898c	emimpu.ko
fortify_panic	0xcbd4898c	extdev_io_class.ko
fortify_panic	0xcbd4898c	fhctl.ko
fortify_panic	0xcbd4898c	flashlight.ko
fortify_panic	0xcbd4898c	fmradio_drv_mt6631.ko
fortify_panic	0xcbd4898c	ft8057m_spi.ko
fortify_panic	0xcbd4898c	ft8057p_spi.ko
fortify_panic	0xcbd4898c	ged.ko
fortify_panic	0xcbd4898c	gps_drv_stp.ko
fortify_panic	0xcbd4898c	gyro_common.ko
fortify_panic	0xcbd4898c	gz_ipc_mod.ko
fortify_panic	0xcbd4898c	gz_main_mod.ko
fortify_panic	0xcbd4898c	gz_tz_system.ko
fortify_panic	0xcbd4898c	i2c-mt65xx.ko
fortify_panic	0xcbd4898c	icnl9916_spi.ko
fortify_panic	0xcbd4898c	imgsensor_isp4_t.ko
fortify_panic	0xcbd4898c	isee.ko
fortify_panic	0xcbd4898c	lct_audio_info.ko
fortify_panic	0xcbd4898c	lct_tp.ko
fortify_panic	0xcbd4898c	leds-mt6370-flash.ko
fortify_panic	0xcbd4898c	leds-mtk.ko
fortify_panic	0xcbd4898c	log_store.ko
fortify_panic	0xcbd4898c	mac80211.ko
fortify_panic	0xcbd4898c	mag_common.ko
fortify_panic	0xcbd4898c	maghub.ko
fortify_panic	0xcbd4898c	mainaf.ko
fortify_panic	0xcbd4898c	mali_kbase_mt6768_r49.ko
fortify_panic	0xcbd4898c	mcDrvModule.ko
fortify_panic	0xcbd4898c	mcdi.ko
fortify_panic	0xcbd4898c	mdp_drv_mt6768.ko
fortify_panic	0xcbd4898c	mediatek-drm.ko
fortify_panic	0xcbd4898c	met.ko
fortify_panic	0xcbd4898c	mi_memory.ko
fortify_panic	0xcbd4898c	mme.ko
fortify_panic	0xcbd4898c	mmprofile.ko
fortify_panic	0xcbd4898c	monitor_hang.ko
fortify_panic	0xcbd4898c	mrdump.ko
fortify_panic	0xcbd4898c	mt6358-accdet.ko
fortify_panic	0xcbd4898c	mt6358_battery.ko
fortify_panic	0xcbd4898c	mt635x-auxadc.ko
fortify_panic	0xcbd4898c	mtk-cmdq-drv-ext.ko
fortify_panic	0xcbd4898c	mtk-dvfsrc-helper.ko
fortify_panic	0xcbd4898c	mtk-mmc-dbg.ko
fortify_panic	0xcbd4898c	mtk-mml.ko
fortify_panic	0xcbd4898c	mtk-smi-dbg.ko
fortify_panic	0xcbd4898c	mtk-vcodec-common.ko
fortify_panic	0xcbd4898c	mtk-vcodec-dec-v1.ko
fortify_panic	0xcbd4898c	mtk-vcodec-enc-v1.ko
fortify_panic	0xcbd4898c	mtk-vcu.ko
fortify_panic	0xcbd4898c	mtk_battery_manager.ko
fortify_panic	0xcbd4898c	mtk_charger_cooling.ko
fortify_panic	0xcbd4898c	mtk_charger_framework.ko
fortify_panic	0xcbd4898c	mtk_fpsgo.ko
fortify_panic	0xcbd4898c	mtk_gpu_qos.ko
fortify_panic	0xcbd4898c	mtk_heap_debug.ko
fortify_panic	0xcbd4898c	mtk_jpeg.ko
fortify_panic	0xcbd4898c	mtk_mdpm_v1.ko
fortify_panic	0xcbd4898c	mtk_peak_power_budget.ko
fortify_panic	0xcbd4898c	mtk_perf_ioctl.ko
fortify_panic	0xcbd4898c	mtk_printk_ctrl.ko
fortify_panic	0xcbd4898c	mtk_u_ether.ko
fortify_panic	0xcbd4898c	musb_hdrc.ko
fortify_panic	0xcbd4898c	nt36528_spi.ko
fortify_panic	0xcbd4898c	perf_helper.ko
fortify_panic	0xcbd4898c	pidmap.ko
fortify_panic	0xcbd4898c	pinctrl-mtk-common-v2_debug.ko
fortify_panic	0xcbd4898c	pmic_lbat_service.ko
fortify_panic	0xcbd4898c	powerhal_cpu_ctrl.ko
fortify_panic	0xcbd4898c	rpmb-mtk.ko
fortify_panic	0xcbd4898c	rtc-mt6397.ko
fortify_panic	0xcbd4898c	scp.ko
fortify_panic	0xcbd4898c	sec-rng.ko
fortify_panic	0xcbd4898c	sensorHub.ko
fortify_panic	0xcbd4898c	sensor_list.ko
fortify_panic	0xcbd4898c	situationhub.ko
fortify_panic	0xcbd4898c	snd-soc-fs15xx.ko
fortify_panic	0xcbd4898c	snd-soc-mt6358.ko
fortify_panic	0xcbd4898c	snd-soc-mtk-common.ko
fortify_panic	0xcbd4898c	spi-mt65xx.ko
fortify_panic	0xcbd4898c	spi_slave.ko
fortify_panic	0xcbd4898c	system_heap.ko
fortify_panic	0xcbd4898c	t-base-tui.ko
fortify_panic	0xcbd4898c	tcpc_class.ko
fortify_panic	0xcbd4898c	tcpc_rt1711h.ko
fortify_panic	0xcbd4898c	tcpc_upm7610.ko
fortify_panic	0xcbd4898c	thermal_monitor.ko
fortify_panic	0xcbd4898c	ufs-mediatek-dbg.ko
fortify_panic	0xcbd4898c	ufs-mediatek-mod.ko
fortify_panic	0xcbd4898c	uload_ind.ko
fortify_panic	0xcbd4898c	upm6920_charger.ko
fortify_panic	0xcbd4898c	usb_meta.ko
fortify_panic	0xcbd4898c	v4l2-flash-led-class.ko
fortify_panic	0xcbd4898c	widevine_driver.ko
fortify_panic	0xcbd4898c	wlan_drv_gen4m_6768.ko
fortify_panic	0xcbd4898c	wmt_chrdev_wifi.ko
fortify_panic	0xcbd4898c	wmt_drv.ko
fortify_panic	0xcbd4898c	xiaomi_touch.ko
fortify_panic	0xcbd4898c	xm_smart_chg.ko
fortify_panic	0xcbd4898c	zram.ko
fpc1022_fp_exist	0x2772ddb7	gf_fingerprint.ko
fpc1022_fp_exist	0x2772ddb7	sil_fingerprint.ko
fpsgo_get_cmd_fp	0xebd8412d	mtk_fpsgo.ko
fpsgo_get_fps_fp	0x3410366d	mtk_fpsgo.ko
fpsgo_get_fstb_active_fp	0xecb67d01	mtk_fpsgo.ko
fpsgo_get_lr_pair_fp	0x03522510	mtk_fpsgo.ko
fpsgo_get_pid_fp	0x42dd7c5a	mtk_fpsgo.ko
fpsgo_main_trace	0x7c051004	fpsgo.ko
fpsgo_notify_acquire_fp	0xf0f156b6	mtk_fpsgo.ko
fpsgo_notify_bqid_fp	0xf7cb819f	mtk_fpsgo.ko
fpsgo_notify_buffer_quota_fp	0x815612c6	mtk_fpsgo.ko
fpsgo_notify_connect_fp	0xe5dbe114	mtk_fpsgo.ko
fpsgo_notify_fbt_is_boost_fp	0x20ba2e0b	mtk_fpsgo.ko
fpsgo_notify_frame_hint_fp	0x447f9d8e	mtk_fpsgo.ko
fpsgo_notify_qudeq_fp	0xf11fcc52	mtk_fpsgo.ko
fpsgo_notify_sbe_policy_fp	0xcd89a4fb	mtk_fpsgo.ko
fpsgo_notify_sbe_rescue_fp	0x1bfb38fb	mtk_fpsgo.ko
fpsgo_notify_smart_launch_algorithm_fp	0x4fa74750	mtk_fpsgo.ko
fpsgo_notify_swap_buffer_fp	0x1968478c	mtk_fpsgo.ko
fpsgo_notify_ux_buffer_count_fp	0x32add59a	mtk_fpsgo.ko
fpsgo_notify_vsync_fp	0x43fc37b1	mtk_fpsgo.ko
fpsgo_notify_vsync_period_fp	0x2b8dcd34	mtk_fpsgo.ko
fpsgo_power_rl_delete_fp	0xc72caeac	fpsgo.ko
fpsgo_rl_create_render_in_list_fp	0x330f3deb	fpsgo.ko
fpsgo_rl_delete_render_info_fp	0xb6ee5d1a	fpsgo.ko
fpsgo_set_last_quota_fp	0x39ba5d91	fpsgo.ko
fpsgo_set_last_quota_fps_ori_fp	0x8e3c9c0f	fpsgo.ko
fpsgo_set_last_target_t_fp	0xf6309e9c	fpsgo.ko
fpsgo_set_rl_expected_l2q_us_fp	0x79ae2eb0	mtk_fpsgo.ko
fpsgo_set_rl_l2q_enable_fp	0xbfed9edc	mtk_fpsgo.ko
fpsgo_wait_fstb_active_fp	0xe7a77b8c	mtk_fpsgo.ko
fput	0x46599f31	ged.ko
fput	0x46599f31	mali_kbase_mt6768_r49.ko
fput	0x46599f31	mdp_drv_mt6768.ko
fput	0x46599f31	mtk-vcu.ko
free_irq	0xc1514a3b	btif_drv.ko
free_irq	0xc1514a3b	camera_dpe_isp40.ko
free_irq	0xc1514a3b	camera_fdvt_isp40.ko
free_irq	0xc1514a3b	camera_isp_4_t.ko
free_irq	0xc1514a3b	ft8057m_spi.ko
free_irq	0xc1514a3b	ft8057p_spi.ko
free_irq	0xc1514a3b	gf_fingerprint.ko
free_irq	0xc1514a3b	gz_irq_mod.ko
free_irq	0xc1514a3b	icnl9916_spi.ko
free_irq	0xc1514a3b	mali_kbase_mt6768_r49.ko
free_irq	0xc1514a3b	mcDrvModule.ko
free_irq	0xc1514a3b	mtk-uart-apdma.ko
free_irq	0xc1514a3b	musb_hdrc.ko
free_irq	0xc1514a3b	nt36528_spi.ko
free_irq	0xc1514a3b	nxp_i2c.ko
free_irq	0xc1514a3b	scp.ko
free_irq	0xc1514a3b	sil_fingerprint.ko
free_irq	0xc1514a3b	sspm_v1.ko
free_irq	0xc1514a3b	wlan_drv_gen4m_6768.ko
free_irq	0xc1514a3b	wmt_drv.ko
free_netdev	0x0295f227	ccmni.ko
free_netdev	0x0295f227	mac80211.ko
free_netdev	0x0295f227	mtk_u_ether.ko
free_netdev	0x0295f227	mtk_usb_f_rndis.ko
free_netdev	0x0295f227	wlan_drv_gen4m_6768.ko
free_pages	0x4302d0eb	CPU_DVFS.ko
free_pages	0x4302d0eb	aee_aed.ko
free_pages	0x4302d0eb	c2k_usb.ko
free_pages	0x4302d0eb	gz_main_mod.ko
free_pages	0x4302d0eb	iommu_gz.ko
free_pages	0x4302d0eb	isee.ko
free_pages	0x4302d0eb	mcDrvModule.ko
free_pages	0x4302d0eb	mediatek_eem.ko
free_pages	0x4302d0eb	met.ko
free_pages	0x4302d0eb	mtk_ppm_v3.ko
free_pages	0x4302d0eb	powerhal_cpu_ctrl.ko
free_pages_exact	0xeb44339a	gz_ipc_mod.ko
free_pages_exact	0xeb44339a	gz_virtio_mod.ko
free_percpu	0xfce5a203	gz_irq_mod.ko
free_percpu	0xfce5a203	mac80211.ko
free_percpu	0xfce5a203	met.ko
free_percpu	0xfce5a203	zram.ko
free_percpu_irq	0x7a6b169c	gz_irq_mod.ko
freezer_active	0xd73653c4	binder_gki.ko
freezer_active	0xd73653c4	mcDrvModule.ko
freezer_active	0xd73653c4	millet_binder.ko
freezer_active	0xd73653c4	millet_sig.ko
freezer_cgrp_subsys	0x15bb3d42	millet_oem_cgroup.ko
freezing_slow_path	0x6b26c273	binder_gki.ko
freezing_slow_path	0x6b26c273	mcDrvModule.ko
freezing_slow_path	0x6b26c273	millet_binder.ko
freezing_slow_path	0x6b26c273	millet_sig.ko
freq_qos_add_notifier	0xa24657e7	mtk_fpsgo.ko
freq_qos_add_notifier	0xa24657e7	mtk_perf_common.ko
freq_qos_add_notifier	0xa24657e7	scheduler.ko
freq_qos_add_request	0xdb4e2667	mediatek-drm.ko
freq_qos_add_request	0xdb4e2667	mtk_cpu_power_throttling.ko
freq_qos_add_request	0xdb4e2667	mtk_fpsgo.ko
freq_qos_add_request	0xdb4e2667	mtk_pbm.ko
freq_qos_add_request	0xdb4e2667	mtk_ppm_v3.ko
freq_qos_add_request	0xdb4e2667	musb_boost.ko
freq_qos_add_request	0xdb4e2667	powerhal_cpu_ctrl.ko
freq_qos_add_request	0xdb4e2667	thermal_monitor.ko
freq_qos_add_request	0xdb4e2667	touch_boost.ko
freq_qos_add_request	0xdb4e2667	wlan_drv_gen4m_6768.ko
freq_qos_remove_notifier	0x954c46b1	mtk_perf_common.ko
freq_qos_remove_request	0xfefe2f2f	mediatek-drm.ko
freq_qos_remove_request	0xfefe2f2f	mtk_cpu_power_throttling.ko
freq_qos_remove_request	0xfefe2f2f	mtk_pbm.ko
freq_qos_remove_request	0xfefe2f2f	musb_boost.ko
freq_qos_remove_request	0xfefe2f2f	thermal_monitor.ko
freq_qos_update_request	0x1af93d4f	mtk_cpu_power_throttling.ko
freq_qos_update_request	0x1af93d4f	mtk_fpsgo.ko
freq_qos_update_request	0x1af93d4f	mtk_pbm.ko
freq_qos_update_request	0x1af93d4f	mtk_ppm_v3.ko
freq_qos_update_request	0x1af93d4f	musb_boost.ko
freq_qos_update_request	0x1af93d4f	powerhal_cpu_ctrl.ko
freq_qos_update_request	0x1af93d4f	thermal_monitor.ko
freq_qos_update_request	0x1af93d4f	touch_boost.ko
freq_qos_update_request	0x1af93d4f	wlan_drv_gen4m_6768.ko
freq_reg_info	0xa666a903	mac80211.ko
frozen_uid_min	0xc33dbc8b	millet_binder.ko
fs_bio_set	0x7d70a149	zram.ko
fsg_common_create_luns	0xd1a3e8e0	usb_meta.ko
fsg_common_set_cdev	0x84314e3c	usb_meta.ko
fsg_common_set_inquiry_string	0x6acb4179	usb_meta.ko
fsg_common_set_sysfs	0x7e26d4a5	usb_meta.ko
fsg_config_from_params	0xab6c68ac	usb_meta.ko
fsm_add_codec_controls	0x0962e573	snd-soc-mt6358.ko
fsm_get_entity	0x802a9927	ccci_fsm_scp.ko
fsm_sipa_amp_event	0x19604460	mt6768-mt6358.ko
fstb_check_render_info_status_fp	0xa0f5cdf3	fpsgo.ko
fstb_event_buffer	0xac462a67	fpsgo.ko
fstb_event_buffer_size	0xf092ad6d	fpsgo.ko
fstb_filter_poll_enable	0xbb20b869	fpsgo.ko
fstb_get_logic_head_trace_event_fp	0x5ee98860	fpsgo.ko
fstb_get_target_fps_fp	0x9d26c051	fpsgo.ko
fstb_no_r_timer_enable	0x7a113186	fpsgo.ko
fstb_record_app_self_ctrl_time	0x7ae4ec57	fpsgo.ko
ftrace_record_opp_v1	0x04b39dae	mtk-mmdvfs-debug.ko
fts_fwresume_work	0x838cf20c	dsi_panel_c3n_44_03_0j_dsc_vdo.ko
fts_fwresume_work	0x838cf20c	dsi_panel_c3n_46_03_0c_dsc_vdo.ko
fts_fwresume_work	0x838cf20c	dsi_panel_c3n_46_03_0f_dsc_vdo.ko
fts_fwresume_work	0x838cf20c	dsi_panel_c3n_46_03_0g_dsc_vdo.ko
fts_fwresume_work	0x838cf20c	ft8057m_spi.ko
fts_fwresume_work	0x838cf20c	ft8057p_spi.ko
fts_gesture_flag	0x84df2037	dsi_panel_c3n_44_03_0j_dsc_vdo.ko
fts_gesture_flag	0x84df2037	dsi_panel_c3n_46_03_0c_dsc_vdo.ko
fts_gesture_flag	0x84df2037	dsi_panel_c3n_46_03_0f_dsc_vdo.ko
fts_gesture_flag	0x84df2037	dsi_panel_c3n_46_03_0g_dsc_vdo.ko
fts_gesture_flag	0x84df2037	ft8057m_spi.ko
fts_gesture_flag	0x84df2037	ft8057p_spi.ko
fusion_driver_add	0xb4c11e32	gamerotvechub.ko
fusion_driver_add	0xb4c11e32	gmagrotvechub.ko
fusion_driver_add	0xb4c11e32	gravityhub.ko
fusion_driver_add	0xb4c11e32	linearacchub.ko
fusion_driver_add	0xb4c11e32	orienthub.ko
fusion_driver_add	0xb4c11e32	rotatvechub.ko
fusion_driver_add	0xb4c11e32	uncali_acchub.ko
fusion_driver_add	0xb4c11e32	uncali_gyrohub.ko
fusion_driver_add	0xb4c11e32	uncali_maghub.ko
fusion_probe	0xac05b5c9	sensor_probe.ko
fusion_register_control_path	0xb29cfcc2	gamerotvechub.ko
fusion_register_control_path	0xb29cfcc2	gmagrotvechub.ko
fusion_register_control_path	0xb29cfcc2	gravityhub.ko
fusion_register_control_path	0xb29cfcc2	linearacchub.ko
fusion_register_control_path	0xb29cfcc2	orienthub.ko
fusion_register_control_path	0xb29cfcc2	rotatvechub.ko
fusion_register_control_path	0xb29cfcc2	uncali_acchub.ko
fusion_register_control_path	0xb29cfcc2	uncali_gyrohub.ko
fusion_register_control_path	0xb29cfcc2	uncali_maghub.ko
fusion_register_data_path	0xf9aa87be	gamerotvechub.ko
fusion_register_data_path	0xf9aa87be	gmagrotvechub.ko
fusion_register_data_path	0xf9aa87be	gravityhub.ko
fusion_register_data_path	0xf9aa87be	linearacchub.ko
fusion_register_data_path	0xf9aa87be	orienthub.ko
fusion_register_data_path	0xf9aa87be	rotatvechub.ko
fusion_register_data_path	0xf9aa87be	uncali_acchub.ko
fusion_register_data_path	0xf9aa87be	uncali_gyrohub.ko
fusion_register_data_path	0xf9aa87be	uncali_maghub.ko
fusion_remove	0x04cc8210	sensor_probe.ko
fwnode_gpiod_get_index	0x77b66d8d	mt6370-charger.ko
fwnode_gpiod_get_index	0x77b66d8d	mt6370-regulator.ko
fwnode_handle_get	0x6fd8ff35	v4l2-flash-led-class.ko
fwnode_handle_put	0xd15be9b2	leds-mtk-disp.ko
fwnode_handle_put	0xd15be9b2	leds-mtk-pwm.ko
fwnode_handle_put	0xd15be9b2	v4l2-flash-led-class.ko
fwnode_property_read_string	0xc8bea0be	leds-mt6370-flash.ko
fwnode_property_read_string	0xc8bea0be	leds-mtk.ko
fwnode_property_read_u32_array	0xbba8b935	leds-mt6370-flash.ko
fwnode_property_read_u32_array	0xbba8b935	leds-mtk.ko
gConEmiPhyBase	0x18f0a9e3	gps_drv_stp.ko
gConEmiPhyBase	0x18f0a9e3	wlan_drv_gen4m_6768.ko
gConEmiSize	0xf6499c27	wlan_drv_gen4m_6768.ko
g_flag_shifts	0x7acfaaf0	mediatek-drm.ko
g_flag_shifts	0x7acfaaf0	mtk_disp_sec.ko
g_mobile_log	0x95eacc30	mtk_disp_sec.ko
g_print_mme_log	0xc4ccb536	mediatek-drm.ko
g_print_mme_log	0xc4ccb536	mtk_disp_sec.ko
g_ring_buffer_units	0x5c505c48	mediatek-drm.ko
g_ring_buffer_units	0x5c505c48	mtk_disp_sec.ko
gcd	0xea124bd1	cfg80211.ko
gce_mminfra	0xe22be631	cmdq-sec-drv.ko
gce_mminfra	0xe22be631	cmdq-test.ko
gce_mminfra	0xe22be631	mdp_drv_mt6768.ko
gce_mminfra	0xe22be631	mediatek-drm.ko
gce_mminfra	0xe22be631	mtk-mml.ko
gce_mminfra	0xe22be631	mtk-vcu.ko
gce_shift_bit	0x99fd4b53	cmdq-sec-drv.ko
gce_shift_bit	0x99fd4b53	cmdq-test.ko
gce_shift_bit	0x99fd4b53	mdp_drv_mt6768.ko
gce_shift_bit	0x99fd4b53	mediatek-drm.ko
gce_shift_bit	0x99fd4b53	mtk-mml.ko
ged_dvfs_cal_gpu_utilization_ex_fp	0x1f1724b1	mali_kbase_mt6768_r49.ko
ged_dvfs_get_last_commit_idx	0xf591cac9	mali_kbase_mt6768_r49.ko
ged_dvfs_get_last_commit_stack_idx	0xa454238c	mali_kbase_mt6768_r49.ko
ged_dvfs_get_last_commit_top_idx	0x0ab3f4a2	mali_kbase_mt6768_r49.ko
ged_dvfs_gpu_clock_switch_notify	0xcca965ad	mali_kbase_mt6768_r49.ko
ged_dvfs_gpu_freq_commit_fp	0xe4931974	mali_kbase_mt6768_r49.ko
ged_dvfs_gpu_freq_dual_commit_fp	0xc904191f	mali_kbase_mt6768_r49.ko
ged_dvfs_set_gpu_core_mask_fp	0xe76b433c	mali_kbase_mt6768_r49.ko
ged_dvfs_update_step_size	0x7cf81440	mali_kbase_mt6768_r49.ko
ged_dvfs_write_sysram_last_commit_dual	0x4938108a	mali_kbase_mt6768_r49.ko
ged_dvfs_write_sysram_last_commit_dual_test	0xf743f07c	mali_kbase_mt6768_r49.ko
ged_dvfs_write_sysram_last_commit_idx	0x71d75692	mali_kbase_mt6768_r49.ko
ged_dvfs_write_sysram_last_commit_idx_test	0xd9f56975	mali_kbase_mt6768_r49.ko
ged_dvfs_write_sysram_last_commit_stack_idx	0x8ea8a514	mali_kbase_mt6768_r49.ko
ged_dvfs_write_sysram_last_commit_stack_idx_test	0x23e0c7af	mali_kbase_mt6768_r49.ko
ged_dvfs_write_sysram_last_commit_top_idx	0xae40922f	mali_kbase_mt6768_r49.ko
ged_dvfs_write_sysram_last_commit_top_idx_test	0x88271236	mali_kbase_mt6768_r49.ko
ged_get_last_commit_idx_fp	0x1cf2dc32	ged.ko
ged_get_last_commit_stack_idx_fp	0x8cda41e8	ged.ko
ged_get_last_commit_top_idx_fp	0x6d43198f	ged.ko
ged_kpi_output_gfx_info2_fp	0xc2100112	mtk_fpsgo.ko
ged_kpi_set_target_FPS_margin	0x70c1cca8	mtk_fpsgo.ko
gen_pool_add_owner	0xbefa51a3	isee.ko
gen_pool_alloc_algo_owner	0x2b593aa8	isee.ko
gen_pool_best_fit	0xb737b185	isee.ko
gen_pool_create	0xced0f4d4	isee.ko
gen_pool_destroy	0x6c224cda	isee.ko
gen_pool_free_owner	0x060ba97c	isee.ko
gen_pool_set_algo	0x96e5d30f	isee.ko
gen_pool_virt_to_phys	0x7d0ba682	isee.ko
generic_file_llseek	0x2bb0cebf	iommu_debug.ko
generic_file_llseek	0x2bb0cebf	mali_kbase_mt6768_r49.ko
generic_file_llseek	0x2bb0cebf	mediatek-drm.ko
generic_file_llseek	0x2bb0cebf	mme.ko
generic_file_llseek	0x2bb0cebf	mmprofile.ko
generic_file_llseek	0x2bb0cebf	mtk-cmdq-drv-ext.ko
generic_file_llseek	0x2bb0cebf	mtk-smi-dbg.ko
generic_handle_irq	0x7ceaf0d5	pinctrl-mtk-v2.ko
genl_register_family	0xadf44091	cfg80211.ko
genl_register_family	0xadf44091	wmt_drv.ko
genl_unregister_family	0x2da2876e	cfg80211.ko
genl_unregister_family	0x2da2876e	wmt_drv.ko
genlmsg_multicast_allns	0xbaf368b6	cfg80211.ko
genlmsg_put	0x653de350	cfg80211.ko
genlmsg_put	0x653de350	wmt_drv.ko
get_adapter_by_name	0xa725c12f	mtk_charger_framework.ko
get_adapter_by_name	0xa725c12f	mtk_pd_charging.ko
get_adapter_by_name	0xa725c12f	mtk_pep40.ko
get_adaptive_margin	0x26b142db	scheduler.ko
get_all_provider_clks	0x7fd73726	clk-mt6768-pg.ko
get_battery_current	0x55549ec3	sgm41543_charger.ko
get_cdsu_sram_base_addr	0x085909db	scheduler.ko
get_charger_by_name	0x45c0602e	mtk_charger_framework.ko
get_charger_by_name	0x45c0602e	mtk_chg_type_det.ko
get_charger_by_name	0x45c0602e	mtk_pd_charging.ko
get_charger_by_name	0x45c0602e	mtk_pep.ko
get_charger_by_name	0x45c0602e	mtk_pep20.ko
get_charger_by_name	0x45c0602e	mtk_pep40.ko
get_charger_by_name	0x45c0602e	rt_pd_manager.ko
get_charger_by_name	0x45c0602e	tcpc_class.ko
get_charger_by_name	0x45c0602e	xm_smart_chg.ko
get_chg_alg_by_name	0x1792dffb	mtk_charger_framework.ko
get_clkg_sram_base_addr	0x26188cfb	scheduler.ko
get_cpu_device	0x178e53ce	CPU_DVFS.ko
get_cpu_device	0x178e53ce	mtk_cpuhp.ko
get_cpu_device	0x178e53ce	scheduler.ko
get_cpu_gear_uclamp_max_capacity	0x84cb39c0	scheduler.ko
get_cpu_idle_time	0x9fe899b7	cpufreq_sugov_ext.ko
get_cpu_idle_time	0x9fe899b7	load_track.ko
get_cpu_idle_time	0x9fe899b7	mtk_fpsgo.ko
get_cpu_idle_time	0x9fe899b7	scheduler.ko
get_cpu_idle_time_us	0x7b9793a2	blocktag.ko
get_cpu_idle_time_us	0x7b9793a2	met.ko
get_cpu_idle_time_us	0x7b9793a2	thermal_monitor.ko
get_cpu_iowait_time_us	0x1234e483	blocktag.ko
get_cpu_iowait_time_us	0x1234e483	met.ko
get_cpu_iowait_time_us	0x1234e483	thermal_monitor.ko
get_cpu_power_hook	0x2c526f0f	mtk_em.ko
get_cpu_pwr_eff_hook	0xde62b85e	mtk_em.ko
get_cpuhop_ppm_callback	0xdba833ad	mtk_ppm_v3.ko
get_cur_ddr_ratio	0x4eca130a	met_emi_api.ko
get_cur_ddr_ratio_symbol	0xa3e39d8c	met_emi_api.ko
get_curr_cap	0xa9fac2a5	mtk_fpsgo.ko
get_device	0x1aca537e	mali_kbase_mt6768_r49.ko
get_device	0x1aca537e	mediatek-drm.ko
get_device	0x1aca537e	rpmb.ko
get_dpt_sram_base	0x4c1ceeb2	mtk_em.ko
get_eas_dsu_ctrl	0x55f0d26c	scheduler.ko
get_eas_hook	0x799c4c88	scheduler.ko
get_em_wl	0xc4019a1f	scheduler.ko
get_freq_volt_hook	0x2d498084	mtk_em.ko
get_gear_cpumask	0x84e9f08e	scheduler.ko
get_governor_parent_kobj	0x556100b3	cpufreq_sugov_ext.ko
get_l3ctl_sram_base_addr	0xa3a55de2	scheduler.ko
get_lct_tp_work_status	0x5f088deb	ft8057m_spi.ko
get_lct_tp_work_status	0x5f088deb	ft8057p_spi.ko
get_lct_tp_work_status	0x5f088deb	nt36528_spi.ko
get_low_latency_mode	0xc60dde3d	wlan_drv_gen4m_6768.ko
get_md1_power	0xd3af17a6	mtk_pbm.ko
get_md_bin_capability	0x5aa36892	ccci_md_all.ko
get_md_cache_region_info	0xdb033c0a	ccci_md_all.ko
get_md_img_type	0x55714f75	ccci_md_all.ko
get_md_resv_ccb_info	0xd767d2cf	ccci_md_all.ko
get_md_resv_csmem_info	0x53c6d267	ccci_md_all.ko
get_md_resv_mem_info	0xcab9bc76	ccci_md_all.ko
get_md_resv_mem_info	0xcab9bc76	snd-soc-mtk-common.ko
get_md_resv_phy_cap_size	0x26d966fd	ccci_md_all.ko
get_md_resv_sib_size	0x8bd51a07	ccci_md_all.ko
get_md_resv_udc_info	0x08eb1085	ccci_md_all.ko
get_md_sib_mem_info	0xdccf1550	ccci_md_all.ko
get_md_smem_cachable_offset	0x18c331d7	ccci_md_all.ko
get_md_smem_dfd_size	0x204036fe	ccci_md_all.ko
get_modem_is_enabled	0xa60386f1	ccci_fsm_scp.ko
get_modem_is_enabled	0xa60386f1	ccci_md_all.ko
get_mt6768_reg_value	0xb452e7cf	pd-chk-mt6768.ko
get_mtee_is_enabled	0x51939dcb	ccci_md_all.ko
get_mtk_em_api_data	0x2f1e7309	mtk_em.ko
get_net_ns_by_fd	0xd69da978	cfg80211.ko
get_net_ns_by_pid	0xebad6587	cfg80211.ko
get_nr_collab_type	0x27521ed7	scheduler.ko
get_nr_gears	0xef559a24	scheduler.ko
get_pid_task	0x10406924	monitor_hang.ko
get_pid_task	0x10406924	mtk_heap_debug.ko
get_pid_task	0x10406924	thermal_monitor.ko
get_random_bytes	0x41ed3709	MTK_INTERNAL_SPM.ko
get_random_bytes	0x41ed3709	ccci_md_all.ko
get_random_bytes	0x41ed3709	ccmni.ko
get_random_bytes	0x41ed3709	drm_display_helper.ko
get_random_bytes	0x41ed3709	ged.ko
get_random_bytes	0x41ed3709	mac80211.ko
get_random_bytes	0x41ed3709	mali_mgm_mt6768_r49.ko
get_random_bytes	0x41ed3709	mtk-mml.ko
get_random_bytes	0x41ed3709	mtk_gpufreq_mt6768.ko
get_random_bytes	0x41ed3709	mtk_u_ether.ko
get_random_bytes	0x41ed3709	rpmb-mtk.ko
get_random_bytes	0x41ed3709	ufs-mediatek-dbg.ko
get_random_bytes	0x41ed3709	wlan_drv_gen4m_6768.ko
get_random_u16	0x044f0ad9	mac80211.ko
get_random_u32	0xd36dc10c	CPU_DVFS.ko
get_random_u32	0xd36dc10c	ccci_md_all.ko
get_sbb_active_ratio_gear	0x2d17e429	scheduler.ko
get_smcnr_dev	0x8acf1526	gz_ipc_mod.ko
get_smcnr_dev	0x8acf1526	gz_irq_mod.ko
get_smcnr_dev	0x8acf1526	gz_log_mod.ko
get_smcnr_dev	0x8acf1526	gz_main_mod.ko
get_smcnr_dev	0x8acf1526	gz_virtio_mod.ko
get_smem_align_padding_size	0x0668fd33	ccci_md_all.ko
get_smem_amms_pos_size	0xb4196514	ccci_md_all.ko
get_smem_phy_start_addr	0xe15670ef	snd-soc-mtk-common.ko
get_soc_md_rt_rat	0xa0612e94	ccci_md_all.ko
get_soc_md_rt_rat_idx	0x023fc232	ccci_md_all.ko
get_sys_max_cap_cluster	0xa4f53f2a	scheduler.ko
get_task_mm	0x0b93558f	aee_aed.ko
get_task_mm	0x0b93558f	mcDrvModule.ko
get_task_mm	0x0b93558f	monitor_hang.ko
get_task_mm	0x0b93558f	mtk_heap_debug.ko
get_thermal_slope_intercept	0xa80c3b16	mediatek_eem.ko
get_unused_fd_flags	0xa843805a	ged.ko
get_unused_fd_flags	0xa843805a	mali_kbase_mt6768_r49.ko
get_unused_fd_flags	0xa843805a	mdp_drv_mt6768.ko
get_unused_fd_flags	0xa843805a	mediatek-drm.ko
get_unused_fd_flags	0xa843805a	mtk_sync.ko
get_user_pages	0x0644bfd6	mali_kbase_mt6768_r49.ko
get_user_pages_fast	0x2859b9c5	mali_kbase_mt6768_r49.ko
get_user_pages_remote	0xd3bfd5fa	gz_tz_system.ko
get_user_pages_remote	0xd3bfd5fa	monitor_hang.ko
get_wl_dsu	0xefd86370	scheduler.ko
get_zeroed_page	0xf09b5d9a	mcDrvModule.ko
gether_update_dl_max_xfer_size	0xbc0ae7c8	mtk_usb_f_rndis.ko
gmrv_data_report	0xf97c259b	gmagrotvechub.ko
gmrv_flush_report	0x7b59ab36	gmagrotvechub.ko
goodix_fp_exist	0xa8797e93	gf_fingerprint.ko
goodix_fp_exist	0xa8797e93	sil_fingerprint.ko
gov_attr_set_get	0xfa5bbea6	cpufreq_sugov_ext.ko
gov_attr_set_init	0x429c318d	cpufreq_sugov_ext.ko
gov_attr_set_put	0x6a934bb6	cpufreq_sugov_ext.ko
governor_sysfs_ops	0xf4540512	cpufreq_sugov_ext.ko
gpio_dump_regs	0x7ec58d17	MTK_INTERNAL_SPM.ko
gpio_dump_regs_range	0x5d37f189	i2c-mt65xx.ko
gpio_dump_regs_range	0x5d37f189	mtk-mmc-dbg.ko
gpio_dump_regs_range	0x5d37f189	mtk-mmc.ko
gpio_free	0xfe990052	fmradio_drv_mt6631.ko
gpio_free	0xfe990052	ft8057m_spi.ko
gpio_free	0xfe990052	ft8057p_spi.ko
gpio_free	0xfe990052	icnl9916_spi.ko
gpio_free	0xfe990052	mtk_spi.ko
gpio_free	0xfe990052	nt36528_spi.ko
gpio_free	0xfe990052	nxp_i2c.ko
gpio_free	0xfe990052	sc_sc080cs_i.ko
gpio_free	0xfe990052	snd-soc-fs15xx.ko
gpio_free	0xfe990052	sp_sp0821_iii.ko
gpio_request	0x47229b5c	fmradio_drv_mt6631.ko
gpio_request	0x47229b5c	ft8057m_spi.ko
gpio_request	0x47229b5c	ft8057p_spi.ko
gpio_request	0x47229b5c	mediatek-drm.ko
gpio_request	0x47229b5c	nxp_i2c.ko
gpio_request	0x47229b5c	sgm41543_charger.ko
gpio_request	0x47229b5c	sil_fingerprint.ko
gpio_request	0x47229b5c	snd-soc-fs15xx.ko
gpio_request	0x47229b5c	upm6920_charger.ko
gpio_request_one	0x403f9529	icnl9916_spi.ko
gpio_request_one	0x403f9529	nt36528_spi.ko
gpio_request_one	0x403f9529	snd-soc-fs15xx.ko
gpio_to_desc	0xe463d5a2	ccci_md_all.ko
gpio_to_desc	0xe463d5a2	fmradio_drv_mt6631.ko
gpio_to_desc	0xe463d5a2	ft8057m_spi.ko
gpio_to_desc	0xe463d5a2	ft8057p_spi.ko
gpio_to_desc	0xe463d5a2	gf_fingerprint.ko
gpio_to_desc	0xe463d5a2	icnl9916_spi.ko
gpio_to_desc	0xe463d5a2	mediatek-drm.ko
gpio_to_desc	0xe463d5a2	mt6358-accdet.ko
gpio_to_desc	0xe463d5a2	mtk_spi.ko
gpio_to_desc	0xe463d5a2	nt36528_spi.ko
gpio_to_desc	0xe463d5a2	nxp_i2c.ko
gpio_to_desc	0xe463d5a2	pinctrl-mtk-common-v2_debug.ko
gpio_to_desc	0xe463d5a2	sc_sc080cs_i.ko
gpio_to_desc	0xe463d5a2	scp.ko
gpio_to_desc	0xe463d5a2	sensorHub.ko
gpio_to_desc	0xe463d5a2	sgm41543_charger.ko
gpio_to_desc	0xe463d5a2	sil_fingerprint.ko
gpio_to_desc	0xe463d5a2	simtray.ko
gpio_to_desc	0xe463d5a2	snd-soc-fs15xx.ko
gpio_to_desc	0xe463d5a2	sp_sp0821_iii.ko
gpio_to_desc	0xe463d5a2	tcpc_rt1711h.ko
gpio_to_desc	0xe463d5a2	tcpc_upm7610.ko
gpio_to_desc	0xe463d5a2	upm6920_charger.ko
gpio_to_desc	0xe463d5a2	wifi_ant_check.ko
gpio_to_desc	0xe463d5a2	wmt_drv.ko
gpiochip_add_data_with_key	0xcb6c2db6	pinctrl-mtk-v2.ko
gpiochip_generic_free	0x897c09da	pinctrl-mtk-v2.ko
gpiochip_generic_request	0xfd76f5c9	pinctrl-mtk-v2.ko
gpiochip_get_data	0x3d0dd462	pinctrl-mtk-common-v2_debug.ko
gpiochip_get_data	0x3d0dd462	pinctrl-mtk-v2.ko
gpiochip_lock_as_irq	0xa82884f6	pinctrl-mtk-v2.ko
gpiochip_unlock_as_irq	0x8421b796	pinctrl-mtk-v2.ko
gpiod_direction_input	0xf597a412	ft8057m_spi.ko
gpiod_direction_input	0xf597a412	ft8057p_spi.ko
gpiod_direction_input	0xf597a412	mediatek-drm.ko
gpiod_direction_input	0xf597a412	nxp_i2c.ko
gpiod_direction_input	0xf597a412	sgm41543_charger.ko
gpiod_direction_input	0xf597a412	sil_fingerprint.ko
gpiod_direction_input	0xf597a412	tcpc_rt1711h.ko
gpiod_direction_input	0xf597a412	tcpc_upm7610.ko
gpiod_direction_input	0xf597a412	upm6920_charger.ko
gpiod_direction_output	0x34f056d8	phy-generic.ko
gpiod_direction_output	0x34f056d8	spi-mt65xx.ko
gpiod_direction_output_raw	0x14913b18	fmradio_drv_mt6631.ko
gpiod_direction_output_raw	0x14913b18	ft8057m_spi.ko
gpiod_direction_output_raw	0x14913b18	ft8057p_spi.ko
gpiod_direction_output_raw	0x14913b18	nxp_i2c.ko
gpiod_direction_output_raw	0x14913b18	sgm41543_charger.ko
gpiod_direction_output_raw	0x14913b18	sil_fingerprint.ko
gpiod_direction_output_raw	0x14913b18	snd-soc-fs15xx.ko
gpiod_direction_output_raw	0x14913b18	upm6920_charger.ko
gpiod_direction_output_raw	0x14913b18	wmt_drv.ko
gpiod_get_raw_value	0xbe3c27c4	ccci_md_all.ko
gpiod_get_raw_value	0xbe3c27c4	icnl9916_spi.ko
gpiod_get_raw_value	0xbe3c27c4	mediatek-drm.ko
gpiod_get_raw_value	0xbe3c27c4	mtk_spi.ko
gpiod_get_raw_value	0xbe3c27c4	nxp_i2c.ko
gpiod_get_raw_value	0xbe3c27c4	pinctrl-mtk-common-v2_debug.ko
gpiod_get_raw_value	0xbe3c27c4	scp.ko
gpiod_get_raw_value	0xbe3c27c4	sensorHub.ko
gpiod_get_raw_value	0xbe3c27c4	sil_fingerprint.ko
gpiod_get_raw_value	0xbe3c27c4	simtray.ko
gpiod_get_raw_value	0xbe3c27c4	snd-soc-fs15xx.ko
gpiod_get_raw_value	0xbe3c27c4	tcpc_rt1711h.ko
gpiod_get_raw_value	0xbe3c27c4	wifi_ant_check.ko
gpiod_get_raw_value	0xbe3c27c4	wmt_drv.ko
gpiod_get_value	0x111e27e1	phy-generic.ko
gpiod_get_value_cansleep	0xea2b92bf	extcon-mtk-usb.ko
gpiod_set_debounce	0x8bd4c568	ccci_md_all.ko
gpiod_set_debounce	0x8bd4c568	extcon-mtk-usb.ko
gpiod_set_debounce	0x8bd4c568	mt6358-accdet.ko
gpiod_set_raw_value	0xf26a1fd7	fmradio_drv_mt6631.ko
gpiod_set_raw_value	0xf26a1fd7	icnl9916_spi.ko
gpiod_set_raw_value	0xf26a1fd7	nxp_i2c.ko
gpiod_set_raw_value	0xf26a1fd7	sensorHub.ko
gpiod_set_raw_value	0xf26a1fd7	snd-soc-fs15xx.ko
gpiod_set_raw_value_cansleep	0x97b51f63	sc_sc080cs_i.ko
gpiod_set_raw_value_cansleep	0x97b51f63	sp_sp0821_iii.ko
gpiod_set_value	0x0f26de5c	dsi_panel_c3n_35_02_0h_dsc_vdo.ko
gpiod_set_value	0x0f26de5c	dsi_panel_c3n_35_0f_0e_dsc_vdo.ko
gpiod_set_value	0x0f26de5c	dsi_panel_c3n_35_0f_0l_dsc_vdo.ko
gpiod_set_value	0x0f26de5c	dsi_panel_c3n_37_02_0d_dsc_vdo.ko
gpiod_set_value	0x0f26de5c	dsi_panel_c3n_43_02_0a_dsc_vdo.ko
gpiod_set_value	0x0f26de5c	dsi_panel_c3n_43_02_0k_dsc_vdo.ko
gpiod_set_value	0x0f26de5c	dsi_panel_c3n_43_02_0n_dsc_vdo.ko
gpiod_set_value	0x0f26de5c	dsi_panel_c3n_44_03_0b_dsc_vdo.ko
gpiod_set_value	0x0f26de5c	dsi_panel_c3n_44_03_0j_dsc_vdo.ko
gpiod_set_value	0x0f26de5c	dsi_panel_c3n_46_03_0c_dsc_vdo.ko
gpiod_set_value	0x0f26de5c	dsi_panel_c3n_46_03_0f_dsc_vdo.ko
gpiod_set_value	0x0f26de5c	dsi_panel_c3n_46_03_0g_dsc_vdo.ko
gpiod_set_value	0x0f26de5c	dsi_panel_c3n_null_dsc_vdo.ko
gpiod_set_value	0x0f26de5c	mediatek-drm.ko
gpiod_set_value_cansleep	0xef1ed392	phy-generic.ko
gpiod_to_irq	0x2546e6c9	extcon-mtk-usb.ko
gpiod_to_irq	0x2546e6c9	ft8057m_spi.ko
gpiod_to_irq	0x2546e6c9	ft8057p_spi.ko
gpiod_to_irq	0x2546e6c9	gf_fingerprint.ko
gpiod_to_irq	0x2546e6c9	icnl9916_spi.ko
gpiod_to_irq	0x2546e6c9	mediatek-drm.ko
gpiod_to_irq	0x2546e6c9	mtk-mmc.ko
gpiod_to_irq	0x2546e6c9	mtk_spi.ko
gpiod_to_irq	0x2546e6c9	nt36528_spi.ko
gpiod_to_irq	0x2546e6c9	nxp_i2c.ko
gpiod_to_irq	0x2546e6c9	phy-generic.ko
gpiod_to_irq	0x2546e6c9	sgm41543_charger.ko
gpiod_to_irq	0x2546e6c9	snd-soc-fs15xx.ko
gpiod_to_irq	0x2546e6c9	tcpc_rt1711h.ko
gpiod_to_irq	0x2546e6c9	tcpc_upm7610.ko
gpiod_to_irq	0x2546e6c9	upm6920_charger.ko
gpiod_to_irq	0x2546e6c9	wifi_ant_check.ko
gpiod_to_irq	0x2546e6c9	wmt_drv.ko
gpufreq_bringup	0xfb01b4e5	ged.ko
gpufreq_bringup	0xfb01b4e5	mali_kbase_mt6768_r49.ko
gpufreq_commit	0x83a878ce	mali_kbase_mt6768_r49.ko
gpufreq_dual_commit	0x1f6dcb06	mali_kbase_mt6768_r49.ko
gpufreq_get_core_mask_table	0xb886d41f	ged.ko
gpufreq_get_core_num	0x3e1ed8a9	ged.ko
gpufreq_get_cur_freq	0x0bfda5a8	ged.ko
gpufreq_get_cur_freq	0x0bfda5a8	mali_kbase_mt6768_r49.ko
gpufreq_get_cur_freq	0x0bfda5a8	thermal_monitor.ko
gpufreq_get_cur_limit_idx	0xd3329da2	ged.ko
gpufreq_get_cur_limiter	0xde236815	ged.ko
gpufreq_get_cur_oppidx	0xc2fa1ae0	ged.ko
gpufreq_get_cur_oppidx	0xc2fa1ae0	mali_kbase_mt6768_r49.ko
gpufreq_get_cur_oppidx	0xc2fa1ae0	mtk_gpu_qos.ko
gpufreq_get_cur_out_freq	0xcff40235	ged.ko
gpufreq_get_cur_out_freq	0xcff40235	mtk_gpu_qos.ko
gpufreq_get_cur_volt	0xdffed6fb	ged.ko
gpufreq_get_cur_volt	0xdffed6fb	mali_kbase_mt6768_r49.ko
gpufreq_get_dvfs_state	0x608e0767	ged.ko
gpufreq_get_dynamic_power	0xd887beae	ged.ko
gpufreq_get_dynamic_power	0xd887beae	mali_kbase_mt6768_r49.ko
gpufreq_get_freq_by_idx	0x686d006d	ged.ko
gpufreq_get_freq_by_idx	0x686d006d	mali_kbase_mt6768_r49.ko
gpufreq_get_freq_by_idx	0x686d006d	mtk_gpu_qos.ko
gpufreq_get_leakage_power	0x1ce31752	ged.ko
gpufreq_get_leakage_power	0x1ce31752	mali_kbase_mt6768_r49.ko
gpufreq_get_max_power	0xb8e0fe7d	thermal_monitor.ko
gpufreq_get_min_power	0x7bf30939	thermal_monitor.ko
gpufreq_get_opp_num	0x484164d5	ged.ko
gpufreq_get_opp_num	0x484164d5	mtk_gpu_qos.ko
gpufreq_get_oppidx_by_freq	0xfc97a9d7	ged.ko
gpufreq_get_power_by_idx	0x170611ee	ged.ko
gpufreq_get_power_state	0xdef472f1	ged.ko
gpufreq_get_shader_present	0x82667f4d	mali_kbase_mt6768_r49.ko
gpufreq_get_working_table	0xd11990b4	ged.ko
gpufreq_power_control	0xf43c8e9e	mali_kbase_mt6768_r49.ko
gpufreq_power_ctrl_enable	0xea926b14	mali_kbase_mt6768_r49.ko
gpufreq_register_gpufreq_fp	0x6b294261	mtk_gpufreq_mt6768.ko
gpufreq_register_gpuppm_fp	0xca6f6b5a	mtk_gpufreq_mt6768.ko
gpufreq_set_limit	0x961a3acf	ged.ko
gpufreq_set_limit	0x961a3acf	mali_kbase_mt6768_r49.ko
gpufreq_set_limit_by_power	0xbf1e72c5	thermal_monitor.ko
grav_data_report	0x051595a0	gravityhub.ko
grav_flush_report	0x311b37e9	gravityhub.ko
grv_data_report	0xea5f3b0d	gamerotvechub.ko
grv_flush_report	0x78c309ba	gamerotvechub.ko
gyro_bias_report	0xf073c426	gyrohub.ko
gyro_cali_report	0x583e5e43	gyrohub.ko
gyro_data_report	0x49cc8873	gyrohub.ko
gyro_driver_add	0x56758285	gyrohub.ko
gyro_factory_device_deregister	0x5786fc8c	gyrohub.ko
gyro_factory_device_register	0x048b385e	gyrohub.ko
gyro_flush_report	0xd7dc4034	gyrohub.ko
gyro_probe	0xea7a5ffe	sensor_probe.ko
gyro_register_control_path	0x0bb3e62a	gyrohub.ko
gyro_register_data_path	0x7f62713f	gyrohub.ko
gyro_remove	0xbc3758f5	sensor_probe.ko
gyro_temp_report	0xffa259b2	gyrohub.ko
handle_level_irq	0xf6bd6304	mt6397.ko
handle_level_irq	0xf6bd6304	pinctrl-mtk-v2.ko
handle_nested_irq	0x549525ef	mt6397.ko
handle_sysrq	0xc9993ea2	monitor_hang.ko
hang_dump_proc	0xe3207269	mtk_heap_debug.ko
hang_dump_proc	0xe3207269	mtk_sec_heap.ko
have_governor_per_policy	0x47aad3b9	cpufreq_sugov_ext.ko
heap_monitor_exit	0x2cb1952e	mtk_heap_debug.ko
heap_monitor_init	0x12a67d04	mtk_heap_debug.ko
heap_monitor_proc_open	0x68af3b20	mtk_heap_debug.ko
heap_monitor_proc_write	0xdb93af9b	mtk_heap_debug.ko
hex_asc	0x7129e5f8	mdp_drv_mt6768.ko
hex_dump_to_buffer	0xfe916dc6	icnl9916_spi.ko
hex_dump_to_buffer	0xfe916dc6	wlan_drv_gen4m_6768.ko
hex_to_bin	0xab6d5b3b	mtk_u_ether.ko
housekeeping_cpumask	0xf48490a1	scheduler.ko
housekeeping_overridden	0x74e73871	scheduler.ko
housekeeping_test_cpu	0x4bdb8dcc	scheduler.ko
hrtimer_active	0x33d2e21b	blocktag.ko
hrtimer_active	0x33d2e21b	ccci_md_all.ko
hrtimer_active	0x33d2e21b	mali_kbase_mt6768_r49.ko
hrtimer_active	0x33d2e21b	tcpc_class.ko
hrtimer_cancel	0xbcacfac9	blocktag.ko
hrtimer_cancel	0xbcacfac9	flashlight.ko
hrtimer_cancel	0xbcacfac9	ged.ko
hrtimer_cancel	0xbcacfac9	main2af.ko
hrtimer_cancel	0xbcacfac9	main3af.ko
hrtimer_cancel	0xbcacfac9	mainaf.ko
hrtimer_cancel	0xbcacfac9	mali_kbase_mt6768_r49.ko
hrtimer_cancel	0xbcacfac9	mediatek_eem.ko
hrtimer_cancel	0xbcacfac9	met.ko
hrtimer_cancel	0xbcacfac9	mtk_fpsgo.ko
hrtimer_cancel	0xbcacfac9	mtk_perf_common.ko
hrtimer_cancel	0xbcacfac9	sspm_v1.ko
hrtimer_cancel	0xbcacfac9	sub2af.ko
hrtimer_cancel	0xbcacfac9	subaf.ko
hrtimer_cancel	0xbcacfac9	touch_boost.ko
hrtimer_cancel	0xbcacfac9	wlan_drv_gen4m_6768.ko
hrtimer_forward	0xad4af251	blocktag.ko
hrtimer_forward	0xad4af251	main2af.ko
hrtimer_forward	0xad4af251	main3af.ko
hrtimer_forward	0xad4af251	mainaf.ko
hrtimer_forward	0xad4af251	mali_kbase_mt6768_r49.ko
hrtimer_forward	0xad4af251	mediatek_eem.ko
hrtimer_forward	0xad4af251	met.ko
hrtimer_forward	0xad4af251	mtk_perf_common.ko
hrtimer_forward	0xad4af251	sspm_v1.ko
hrtimer_forward	0xad4af251	sub2af.ko
hrtimer_forward	0xad4af251	subaf.ko
hrtimer_init	0x33853d50	accel_common.ko
hrtimer_init	0x33853d50	aee_hangdet.ko
hrtimer_init	0x33853d50	baro_common.ko
hrtimer_init	0x33853d50	blocktag.ko
hrtimer_init	0x33853d50	ccci_md_all.ko
hrtimer_init	0x33853d50	flashlight.ko
hrtimer_init	0x33853d50	ged.ko
hrtimer_init	0x33853d50	gyro_common.ko
hrtimer_init	0x33853d50	mag_common.ko
hrtimer_init	0x33853d50	main2af.ko
hrtimer_init	0x33853d50	main3af.ko
hrtimer_init	0x33853d50	mainaf.ko
hrtimer_init	0x33853d50	mali_kbase_mt6768_r49.ko
hrtimer_init	0x33853d50	mcdi.ko
hrtimer_init	0x33853d50	mediatek_eem.ko
hrtimer_init	0x33853d50	met.ko
hrtimer_init	0x33853d50	mt6358_battery.ko
hrtimer_init	0x33853d50	mtk_battery_manager.ko
hrtimer_init	0x33853d50	mtk_fpsgo.ko
hrtimer_init	0x33853d50	mtk_perf_common.ko
hrtimer_init	0x33853d50	sspm_v1.ko
hrtimer_init	0x33853d50	sub2af.ko
hrtimer_init	0x33853d50	subaf.ko
hrtimer_init	0x33853d50	touch_boost.ko
hrtimer_init	0x33853d50	ufs-mediatek-mod.ko
hrtimer_start_range_ns	0x8256381e	accel_common.ko
hrtimer_start_range_ns	0x8256381e	baro_common.ko
hrtimer_start_range_ns	0x8256381e	blocktag.ko
hrtimer_start_range_ns	0x8256381e	ccci_md_all.ko
hrtimer_start_range_ns	0x8256381e	flashlight.ko
hrtimer_start_range_ns	0x8256381e	ged.ko
hrtimer_start_range_ns	0x8256381e	gyro_common.ko
hrtimer_start_range_ns	0x8256381e	mag_common.ko
hrtimer_start_range_ns	0x8256381e	main2af.ko
hrtimer_start_range_ns	0x8256381e	main3af.ko
hrtimer_start_range_ns	0x8256381e	mainaf.ko
hrtimer_start_range_ns	0x8256381e	mali_kbase_mt6768_r49.ko
hrtimer_start_range_ns	0x8256381e	mediatek_eem.ko
hrtimer_start_range_ns	0x8256381e	met.ko
hrtimer_start_range_ns	0x8256381e	mt6358_battery.ko
hrtimer_start_range_ns	0x8256381e	mtk_battery_manager.ko
hrtimer_start_range_ns	0x8256381e	mtk_fpsgo.ko
hrtimer_start_range_ns	0x8256381e	mtk_perf_common.ko
hrtimer_start_range_ns	0x8256381e	sspm_v1.ko
hrtimer_start_range_ns	0x8256381e	sub2af.ko
hrtimer_start_range_ns	0x8256381e	subaf.ko
hrtimer_start_range_ns	0x8256381e	touch_boost.ko
hrtimer_start_range_ns	0x8256381e	ufs-mediatek-mod.ko
hrtimer_try_to_cancel	0xd7573d81	ged.ko
i2c_add_adapter	0x08514214	drm_display_helper.ko
i2c_add_adapter	0x08514214	i2c-mt65xx.ko
i2c_client_get_device_id	0xba871b83	mtk-sp-spk-amp.ko
i2c_del_adapter	0x4785abdb	drm_display_helper.ko
i2c_del_adapter	0x4785abdb	i2c-mt65xx.ko
i2c_del_driver	0x2efefc69	camera_eeprom_isp4_t.ko
i2c_del_driver	0x2efefc69	dsi_panel_c3n_bias.ko
i2c_del_driver	0x2efefc69	gc_gc6133c_ii.ko
i2c_del_driver	0x2efefc69	imgsensor_isp4_t.ko
i2c_del_driver	0x2efefc69	main2af.ko
i2c_del_driver	0x2efefc69	main3af.ko
i2c_del_driver	0x2efefc69	mainaf.ko
i2c_del_driver	0x2efefc69	mt6370.ko
i2c_del_driver	0x2efefc69	mtk-sp-spk-amp.ko
i2c_del_driver	0x2efefc69	nxp_i2c.ko
i2c_del_driver	0x2efefc69	sc_sc080cs_i.ko
i2c_del_driver	0x2efefc69	sgm41543_charger.ko
i2c_del_driver	0x2efefc69	snd-soc-fs15xx.ko
i2c_del_driver	0x2efefc69	snd-soc-mt6660.ko
i2c_del_driver	0x2efefc69	sp_sp0821_iii.ko
i2c_del_driver	0x2efefc69	sub2af.ko
i2c_del_driver	0x2efefc69	subaf.ko
i2c_del_driver	0x2efefc69	tcpc_rt1711h.ko
i2c_del_driver	0x2efefc69	tcpc_upm7610.ko
i2c_del_driver	0x2efefc69	upm6920_charger.ko
i2c_get_adapter	0x4e906e62	t-base-tui.ko
i2c_get_dma_safe_msg_buf	0x42041512	i2c-mt65xx.ko
i2c_put_dma_safe_msg_buf	0x4dae16e4	i2c-mt65xx.ko
i2c_register_driver	0x0a488459	camera_eeprom_isp4_t.ko
i2c_register_driver	0x0a488459	dsi_panel_c3n_bias.ko
i2c_register_driver	0x0a488459	gc_gc6133c_ii.ko
i2c_register_driver	0x0a488459	imgsensor_isp4_t.ko
i2c_register_driver	0x0a488459	main2af.ko
i2c_register_driver	0x0a488459	main3af.ko
i2c_register_driver	0x0a488459	mainaf.ko
i2c_register_driver	0x0a488459	mt6370.ko
i2c_register_driver	0x0a488459	mtk-sp-spk-amp.ko
i2c_register_driver	0x0a488459	nxp_i2c.ko
i2c_register_driver	0x0a488459	sc_sc080cs_i.ko
i2c_register_driver	0x0a488459	sgm41543_charger.ko
i2c_register_driver	0x0a488459	snd-soc-fs15xx.ko
i2c_register_driver	0x0a488459	snd-soc-mt6660.ko
i2c_register_driver	0x0a488459	sp_sp0821_iii.ko
i2c_register_driver	0x0a488459	sub2af.ko
i2c_register_driver	0x0a488459	subaf.ko
i2c_register_driver	0x0a488459	tcpc_rt1711h.ko
i2c_register_driver	0x0a488459	tcpc_upm7610.ko
i2c_register_driver	0x0a488459	upm6920_charger.ko
i2c_smbus_read_byte_data	0x31837669	gc_gc6133c_ii.ko
i2c_smbus_read_byte_data	0x31837669	sgm41543_charger.ko
i2c_smbus_read_byte_data	0x31837669	sp_sp0821_iii.ko
i2c_smbus_read_byte_data	0x31837669	tcpc_rt1711h.ko
i2c_smbus_read_byte_data	0x31837669	tcpc_upm7610.ko
i2c_smbus_read_i2c_block_data	0x8409fa72	mt6370.ko
i2c_smbus_read_i2c_block_data	0x8409fa72	snd-soc-mt6660.ko
i2c_smbus_read_i2c_block_data	0x8409fa72	tcpc_rt1711h.ko
i2c_smbus_read_i2c_block_data	0x8409fa72	tcpc_upm7610.ko
i2c_smbus_write_byte_data	0xfbb7e254	gc_gc6133c_ii.ko
i2c_smbus_write_byte_data	0xfbb7e254	sgm41543_charger.ko
i2c_smbus_write_byte_data	0xfbb7e254	sp_sp0821_iii.ko
i2c_smbus_write_byte_data	0xfbb7e254	tcpc_rt1711h.ko
i2c_smbus_write_byte_data	0xfbb7e254	tcpc_upm7610.ko
i2c_smbus_write_i2c_block_data	0x99422d3d	mt6370.ko
i2c_smbus_write_i2c_block_data	0x99422d3d	snd-soc-mt6660.ko
i2c_smbus_write_i2c_block_data	0x99422d3d	tcpc_rt1711h.ko
i2c_smbus_write_i2c_block_data	0x99422d3d	tcpc_upm7610.ko
i2c_transfer	0x870e91c2	camera_eeprom_isp4_t.ko
i2c_transfer	0x870e91c2	drm_display_helper.ko
i2c_transfer	0x870e91c2	hwmon.ko
i2c_transfer	0x870e91c2	imgsensor_isp4_t.ko
i2c_transfer	0x870e91c2	main2af.ko
i2c_transfer	0x870e91c2	mainaf.ko
i2c_transfer	0x870e91c2	sc_sc080cs_i.ko
i2c_transfer	0x870e91c2	snd-soc-fs15xx.ko
i2c_transfer_buffer_flags	0x54f98a04	dsi_panel_c3n_bias.ko
i2c_transfer_buffer_flags	0x54f98a04	hwmon.ko
i2c_transfer_buffer_flags	0x54f98a04	main2af.ko
i2c_transfer_buffer_flags	0x54f98a04	main3af.ko
i2c_transfer_buffer_flags	0x54f98a04	mainaf.ko
i2c_transfer_buffer_flags	0x54f98a04	nxp_i2c.ko
i2c_transfer_buffer_flags	0x54f98a04	snd-soc-fs15xx.ko
i2c_transfer_buffer_flags	0x54f98a04	subaf.ko
i2c_unregister_device	0x3bf8c6ca	dsi_panel_c3n_bias.ko
icc_link_create	0xc3892311	mtk-emi.ko
icc_node_add	0x59b1c5ad	mtk-emi.ko
icc_node_create	0xdae087b6	mtk-emi.ko
icc_nodes_remove	0xc691f8b7	mtk-emi.ko
icc_provider_deregister	0xc44b1297	mtk-emi.ko
icc_provider_init	0xfec0429c	mtk-emi.ko
icc_provider_register	0xa0ecb17e	mtk-emi.ko
icc_put	0xc3da920e	mtk_cm_mgr_mt6768.ko
icc_put	0xc3da920e	mtk_fpsgo.ko
icc_set_bw	0x54401b7c	mediatek-drm.ko
icc_set_bw	0x54401b7c	mmqos-common.ko
icc_set_bw	0x54401b7c	mtk-dvfsrc-helper.ko
icc_set_bw	0x54401b7c	mtk_cm_mgr.ko
icc_set_bw	0x54401b7c	mtk_cm_mgr_mt6768.ko
icc_set_bw	0x54401b7c	mtk_fpsgo.ko
icc_sync_state	0xcbda708f	mtk-emi.ko
ida_alloc_range	0x89d256b7	isee.ko
ida_alloc_range	0x89d256b7	mtk_usb_f_rndis.ko
ida_alloc_range	0x89d256b7	musb_hdrc.ko
ida_alloc_range	0x89d256b7	rpmb.ko
ida_destroy	0x20a5ab84	isee.ko
ida_destroy	0x20a5ab84	rpmb.ko
ida_free	0xe1ef42dd	isee.ko
ida_free	0xe1ef42dd	mtk_usb_f_rndis.ko
ida_free	0xe1ef42dd	musb_hdrc.ko
ida_free	0xe1ef42dd	rpmb.ko
idle_get_current_time_ms	0x35a9d610	mcdi.ko
idr_alloc	0xb62587b5	gz_ipc_mod.ko
idr_alloc	0xb62587b5	isee.ko
idr_alloc	0xb62587b5	mac80211.ko
idr_alloc	0xb62587b5	mtk-icc-core.ko
idr_alloc	0xb62587b5	zram.ko
idr_destroy	0x2e526de0	gz_ipc_mod.ko
idr_destroy	0x2e526de0	isee.ko
idr_destroy	0x2e526de0	mac80211.ko
idr_destroy	0x2e526de0	zram.ko
idr_find	0x31d7c7bc	gz_ipc_mod.ko
idr_find	0x31d7c7bc	isee.ko
idr_find	0x31d7c7bc	mac80211.ko
idr_find	0x31d7c7bc	mtk-icc-core.ko
idr_find	0x31d7c7bc	zram.ko
idr_for_each	0x8426f15b	gz_ipc_mod.ko
idr_for_each	0x8426f15b	mac80211.ko
idr_for_each	0x8426f15b	zram.ko
idr_get_next	0x0aec4ab0	mac80211.ko
idr_remove	0x841a578a	gz_ipc_mod.ko
idr_remove	0x841a578a	isee.ko
idr_remove	0x841a578a	mac80211.ko
idr_remove	0x841a578a	mtk-icc-core.ko
idr_remove	0x841a578a	zram.ko
ieee80211_amsdu_to_8023s	0xb6d068e1	mac80211.ko
ieee80211_bss_get_elem	0xa4886abf	mac80211.ko
ieee80211_chandef_to_operating_class	0xfbedff0e	mac80211.ko
ieee80211_chandef_to_operating_class	0xfbedff0e	wlan_drv_gen4m_6768.ko
ieee80211_channel_to_freq_khz	0x5584448a	mac80211.ko
ieee80211_channel_to_freq_khz	0x5584448a	wlan_drv_gen4m_6768.ko
ieee80211_data_to_8023_exthdr	0x85b2c047	mac80211.ko
ieee80211_freq_khz_to_channel	0x6bedf402	mac80211.ko
ieee80211_freq_khz_to_channel	0x6bedf402	wlan_drv_gen4m_6768.ko
ieee80211_get_channel_khz	0x681a1586	mac80211.ko
ieee80211_get_channel_khz	0x681a1586	wlan_drv_gen4m_6768.ko
ieee80211_hdrlen	0x7ef39823	mac80211.ko
ieee80211_ie_split_ric	0x275269b3	mac80211.ko
ieee80211_is_valid_amsdu	0xc5a9b4e5	mac80211.ko
ieee80211_mandatory_rates	0x272d6876	mac80211.ko
ieee80211_operating_class_to_band	0xf40bc2f5	mac80211.ko
ieee80211_radiotap_iterator_init	0xb3f40e25	mac80211.ko
ieee80211_radiotap_iterator_next	0x57e81fc4	mac80211.ko
ieee80211_s1g_channel_width	0x1bb59029	mac80211.ko
iio_channel_get	0x619e6d0e	ccci_auxadc.ko
iio_channel_get	0x619e6d0e	mt6358_battery.ko
iio_channel_get	0x619e6d0e	thermal_monitor.ko
iio_channel_release	0xdd323220	ccci_auxadc.ko
iio_device_alloc	0x403fb53c	sensorHub.ko
iio_device_free	0x67f602f4	sensorHub.ko
iio_device_unregister	0x30d6e954	mt6577_auxadc.ko
iio_device_unregister	0x30d6e954	sensorHub.ko
iio_read_channel_attribute	0x26165ffa	mtk_dynamic_loading_throttling.ko
iio_read_channel_processed	0xeac41aea	ccci_auxadc.ko
iio_read_channel_processed	0xeac41aea	mt6358-accdet.ko
iio_read_channel_processed	0xeac41aea	mt6358_battery.ko
iio_read_channel_processed	0xeac41aea	mt6370-charger.ko
iio_read_channel_processed	0xeac41aea	mtk_battery_manager.ko
iio_read_channel_processed	0xeac41aea	mtk_dynamic_loading_throttling.ko
iio_read_channel_processed	0xeac41aea	sgm41543_charger.ko
iio_read_channel_processed	0xeac41aea	thermal_monitor.ko
iio_read_channel_processed	0xeac41aea	upm6920_charger.ko
iio_read_channel_raw	0xb5efca1c	ccci_auxadc.ko
iio_read_channel_raw	0xb5efca1c	mtk_dynamic_loading_throttling.ko
iio_read_channel_raw	0xb5efca1c	snd-soc-mt6358.ko
inc_zone_page_state	0x8c01962c	zsmalloc.ko
inet_csk_get_port	0x186320a6	cfg80211.ko
init_collab_driver_hook	0xe60e0150	mtk_em.ko
init_dummy_netdev	0xc5c2890a	wlan_drv_gen4m_6768.ko
init_lct_tp_gesture	0x6d86a0d3	ft8057p_spi.ko
init_lct_tp_gesture	0x6d86a0d3	nt36528_spi.ko
init_lct_tp_grip_area	0xd1c6bc46	ft8057m_spi.ko
init_lct_tp_grip_area	0xd1c6bc46	ft8057p_spi.ko
init_lct_tp_grip_area	0xd1c6bc46	icnl9916_spi.ko
init_lct_tp_grip_area	0xd1c6bc46	nt36528_spi.ko
init_lct_tp_info	0x6d90137e	ft8057m_spi.ko
init_lct_tp_info	0x6d90137e	ft8057p_spi.ko
init_lct_tp_info	0x6d90137e	icnl9916_spi.ko
init_lct_tp_info	0x6d90137e	nt36528_spi.ko
init_lct_tp_proximity_switch	0xc30c1bc3	ft8057m_spi.ko
init_lct_tp_proximity_switch	0xc30c1bc3	ft8057p_spi.ko
init_lct_tp_proximity_switch	0xc30c1bc3	icnl9916_spi.ko
init_lct_tp_proximity_switch	0xc30c1bc3	nt36528_spi.ko
init_lct_tp_selftest	0x0838c08d	ft8057m_spi.ko
init_lct_tp_selftest	0x0838c08d	ft8057p_spi.ko
init_lct_tp_selftest	0x0838c08d	icnl9916_spi.ko
init_lct_tp_selftest	0x0838c08d	nt36528_spi.ko
init_lct_tp_work	0xa6f2c748	ft8057m_spi.ko
init_lct_tp_work	0xa6f2c748	ft8057p_spi.ko
init_lct_tp_work	0xa6f2c748	nt36528_spi.ko
init_md_section_level	0x05668b68	ccci_md_all.ko
init_millet_subsystem	0x61857cae	millet_binder.ko
init_millet_subsystem	0x61857cae	millet_hs.ko
init_millet_subsystem	0x61857cae	millet_pkg.ko
init_millet_subsystem	0x61857cae	millet_sig.ko
init_net	0xc9119916	cfg80211.ko
init_net	0xc9119916	gf_fingerprint.ko
init_net	0xc9119916	millet_core.ko
init_net	0xc9119916	millet_pkg.ko
init_net	0xc9119916	mtk_battery_manager.ko
init_net	0xc9119916	thermal_monitor.ko
init_net	0xc9119916	wifi_ant_check.ko
init_net	0xc9119916	wlan_drv_gen4m_6768.ko
init_net	0xc9119916	wmt_chrdev_wifi.ko
init_net	0xc9119916	wmt_drv.ko
init_scp	0x190bd51f	mtk-scpsys-mt6768.ko
init_task	0x5e840913	aee_hangdet.ko
init_task	0x5e840913	connadp.ko
init_task	0x5e840913	monitor_hang.ko
init_task	0x5e840913	mtk_heap_debug.ko
init_task	0x5e840913	perf_helper.ko
init_task	0x5e840913	perfhelper.ko
init_task	0x5e840913	scheduler.ko
init_task	0x5e840913	trace_mmstat.ko
init_timer_key	0x79cf5987	aee_hangdet.ko
init_timer_key	0x79cf5987	alsps_common.ko
init_timer_key	0x79cf5987	bt_drv_connac1x.ko
init_timer_key	0x79cf5987	c2k_usb.ko
init_timer_key	0x79cf5987	ccci_ccif.ko
init_timer_key	0x79cf5987	ccci_cldma.ko
init_timer_key	0x79cf5987	ccci_md_all.ko
init_timer_key	0x79cf5987	ccmni.ko
init_timer_key	0x79cf5987	cfg80211.ko
init_timer_key	0x79cf5987	cmdq-bdg-mailbox.ko
init_timer_key	0x79cf5987	cmdq-sec-drv.ko
init_timer_key	0x79cf5987	cmdq-test.ko
init_timer_key	0x79cf5987	extcon-mtk-usb.ko
init_timer_key	0x79cf5987	fmradio_drv_mt6631.ko
init_timer_key	0x79cf5987	ft8057m_spi.ko
init_timer_key	0x79cf5987	ft8057p_spi.ko
init_timer_key	0x79cf5987	icnl9916_spi.ko
init_timer_key	0x79cf5987	load_track.ko
init_timer_key	0x79cf5987	mac80211.ko
init_timer_key	0x79cf5987	mali_kbase_mt6768_r49.ko
init_timer_key	0x79cf5987	mdp_drv_mt6768.ko
init_timer_key	0x79cf5987	mediatek-drm.ko
init_timer_key	0x79cf5987	met.ko
init_timer_key	0x79cf5987	mmqos-common.ko
init_timer_key	0x79cf5987	mt6358-accdet.ko
init_timer_key	0x79cf5987	mt6358-regulator.ko
init_timer_key	0x79cf5987	mt6370-charger.ko
init_timer_key	0x79cf5987	mtk-cmdq-drv-ext.ko
init_timer_key	0x79cf5987	mtk-mmc.ko
init_timer_key	0x79cf5987	mtk-vcodec-dec-v1.ko
init_timer_key	0x79cf5987	mtk_cm_mgr.ko
init_timer_key	0x79cf5987	mtk_cm_mgr_mt6768.ko
init_timer_key	0x79cf5987	mtk_dynamic_loading_throttling.ko
init_timer_key	0x79cf5987	mtk_iommu.ko
init_timer_key	0x79cf5987	mtk_jpeg.ko
init_timer_key	0x79cf5987	mtk_low_battery_throttling.ko
init_timer_key	0x79cf5987	mtk_pbm.ko
init_timer_key	0x79cf5987	mtk_peak_power_budget.ko
init_timer_key	0x79cf5987	musb_hdrc.ko
init_timer_key	0x79cf5987	nt36528_spi.ko
init_timer_key	0x79cf5987	nxp_i2c.ko
init_timer_key	0x79cf5987	pmic_lbat_service.ko
init_timer_key	0x79cf5987	scp.ko
init_timer_key	0x79cf5987	sensorHub.ko
init_timer_key	0x79cf5987	sgm41543_charger.ko
init_timer_key	0x79cf5987	snd-soc-fs15xx.ko
init_timer_key	0x79cf5987	sspm_v1.ko
init_timer_key	0x79cf5987	step_counter.ko
init_timer_key	0x79cf5987	tcpc_class.ko
init_timer_key	0x79cf5987	thermal_monitor.ko
init_timer_key	0x79cf5987	trace_mmstat.ko
init_timer_key	0x79cf5987	trusted_mem.ko
init_timer_key	0x79cf5987	ufs-mediatek-mod.ko
init_timer_key	0x79cf5987	upm6920_charger.ko
init_timer_key	0x79cf5987	usb_meta.ko
init_timer_key	0x79cf5987	wifi_ant_check.ko
init_timer_key	0x79cf5987	wlan_drv_gen4m_6768.ko
init_timer_key	0x79cf5987	wmt_drv.ko
init_uts_ns	0x650eee35	aee_hangdet.ko
init_uts_ns	0x650eee35	cfg80211.ko
init_wait_entry	0xfe487975	atf_logger.ko
init_wait_entry	0xfe487975	bt_drv_connac1x.ko
init_wait_entry	0xfe487975	camera_dpe_isp40.ko
init_wait_entry	0xfe487975	camera_fdvt_isp40.ko
init_wait_entry	0xfe487975	camera_isp_4_t.ko
init_wait_entry	0xfe487975	ccci_cldma.ko
init_wait_entry	0xfe487975	ccci_md_all.ko
init_wait_entry	0xfe487975	ccci_util_lib.ko
init_wait_entry	0xfe487975	ccu_isp4.ko
init_wait_entry	0xfe487975	cfg80211.ko
init_wait_entry	0xfe487975	cqhci.ko
init_wait_entry	0xfe487975	drm_display_helper.ko
init_wait_entry	0xfe487975	fmradio_drv_mt6631.ko
init_wait_entry	0xfe487975	ft8057m_spi.ko
init_wait_entry	0xfe487975	ft8057p_spi.ko
init_wait_entry	0xfe487975	gps_drv_stp.ko
init_wait_entry	0xfe487975	gz_ipc_mod.ko
init_wait_entry	0xfe487975	isee.ko
init_wait_entry	0xfe487975	mali_kbase_mt6768_r49.ko
init_wait_entry	0xfe487975	mcDrvModule.ko
init_wait_entry	0xfe487975	mdp_drv_mt6768.ko
init_wait_entry	0xfe487975	mediatek-drm.ko
init_wait_entry	0xfe487975	mediatek_eem.ko
init_wait_entry	0xfe487975	mmqos-common.ko
init_wait_entry	0xfe487975	monitor_hang.ko
init_wait_entry	0xfe487975	mt6358_battery.ko
init_wait_entry	0xfe487975	mt6370-charger.ko
init_wait_entry	0xfe487975	mtk-btcvsd.ko
init_wait_entry	0xfe487975	mtk-cmdq-drv-ext.ko
init_wait_entry	0xfe487975	mtk-mml.ko
init_wait_entry	0xfe487975	mtk-vcodec-common.ko
init_wait_entry	0xfe487975	mtk-vcodec-dec-v1.ko
init_wait_entry	0xfe487975	mtk-vcodec-enc-v1.ko
init_wait_entry	0xfe487975	mtk-vcu.ko
init_wait_entry	0xfe487975	mtk_battery_manager.ko
init_wait_entry	0xfe487975	mtk_bp_thl.ko
init_wait_entry	0xfe487975	mtk_charger_framework.ko
init_wait_entry	0xfe487975	mtk_chg_type_det.ko
init_wait_entry	0xfe487975	mtk_dynamic_loading_throttling.ko
init_wait_entry	0xfe487975	mtk_fpsgo.ko
init_wait_entry	0xfe487975	mtk_low_battery_throttling.ko
init_wait_entry	0xfe487975	nxp_i2c.ko
init_wait_entry	0xfe487975	sensorHub.ko
init_wait_entry	0xfe487975	sil_fingerprint.ko
init_wait_entry	0xfe487975	snd-soc-sipa-tuning.ko
init_wait_entry	0xfe487975	system_heap.ko
init_wait_entry	0xfe487975	tcpc_class.ko
init_wait_entry	0xfe487975	touch_boost.ko
init_wait_entry	0xfe487975	wlan_drv_gen4m_6768.ko
init_wait_entry	0xfe487975	wmt_drv.ko
init_wait_entry	0xfe487975	xm_smart_chg.ko
init_wl_collab_mask_driver_hook	0xe45c784c	mtk_em.ko
inject_md_status_event	0x145226de	ccci_md_all.ko
inject_pin_status_event	0xb472de60	ccci_md_all.ko
input_allocate_device	0x92978681	ft8057m_spi.ko
input_allocate_device	0x92978681	ft8057p_spi.ko
input_allocate_device	0x92978681	gf_fingerprint.ko
input_allocate_device	0x92978681	icnl9916_spi.ko
input_allocate_device	0x92978681	nt36528_spi.ko
input_allocate_device	0x92978681	sil_fingerprint.ko
input_close_device	0xfd8652bb	touch_boost.ko
input_event	0xb1b7d5c2	ft8057m_spi.ko
input_event	0xb1b7d5c2	ft8057p_spi.ko
input_event	0xb1b7d5c2	gf_fingerprint.ko
input_event	0xb1b7d5c2	icnl9916_spi.ko
input_event	0xb1b7d5c2	mtk-kpd.ko
input_event	0xb1b7d5c2	mtk-pmic-keys.ko
input_event	0xb1b7d5c2	nt36528_spi.ko
input_event	0xb1b7d5c2	sil_fingerprint.ko
input_free_device	0xbe4c4cd3	ft8057m_spi.ko
input_free_device	0xbe4c4cd3	ft8057p_spi.ko
input_free_device	0xbe4c4cd3	gf_fingerprint.ko
input_free_device	0xbe4c4cd3	nt36528_spi.ko
input_free_device	0xbe4c4cd3	sil_fingerprint.ko
input_mt_init_slots	0x4dd4bb3d	ft8057m_spi.ko
input_mt_init_slots	0x4dd4bb3d	ft8057p_spi.ko
input_mt_init_slots	0x4dd4bb3d	icnl9916_spi.ko
input_mt_init_slots	0x4dd4bb3d	nt36528_spi.ko
input_mt_report_slot_state	0xef47c7bb	ft8057m_spi.ko
input_mt_report_slot_state	0xef47c7bb	ft8057p_spi.ko
input_mt_report_slot_state	0xef47c7bb	icnl9916_spi.ko
input_mt_report_slot_state	0xef47c7bb	nt36528_spi.ko
input_open_device	0x0e4f3a83	touch_boost.ko
input_register_device	0xff82e142	ft8057m_spi.ko
input_register_device	0xff82e142	ft8057p_spi.ko
input_register_device	0xff82e142	gf_fingerprint.ko
input_register_device	0xff82e142	icnl9916_spi.ko
input_register_device	0xff82e142	mtk-kpd.ko
input_register_device	0xff82e142	mtk-pmic-keys.ko
input_register_device	0xff82e142	nt36528_spi.ko
input_register_device	0xff82e142	sil_fingerprint.ko
input_register_handle	0xb5242671	touch_boost.ko
input_register_handler	0xcd2420cf	touch_boost.ko
input_set_abs_params	0x48ed3934	ft8057m_spi.ko
input_set_abs_params	0x48ed3934	ft8057p_spi.ko
input_set_abs_params	0x48ed3934	icnl9916_spi.ko
input_set_abs_params	0x48ed3934	nt36528_spi.ko
input_set_capability	0x11cb8a31	ft8057m_spi.ko
input_set_capability	0x11cb8a31	ft8057p_spi.ko
input_set_capability	0x11cb8a31	icnl9916_spi.ko
input_set_capability	0x11cb8a31	mtk-pmic-keys.ko
input_set_capability	0x11cb8a31	nt36528_spi.ko
input_unregister_device	0x918cd65f	ft8057m_spi.ko
input_unregister_device	0x918cd65f	ft8057p_spi.ko
input_unregister_device	0x918cd65f	gf_fingerprint.ko
input_unregister_device	0x918cd65f	icnl9916_spi.ko
input_unregister_device	0x918cd65f	mtk-kpd.ko
input_unregister_device	0x918cd65f	nt36528_spi.ko
input_unregister_device	0x918cd65f	sil_fingerprint.ko
input_unregister_handle	0xc5281a03	touch_boost.ko
io_schedule_timeout	0xfbc4f89e	ufs-mediatek-mod.ko
iomem_resource	0xc7da062f	mali_kbase_mt6768_r49.ko
iomem_resource	0xc7da062f	wlan_drv_gen4m_6768.ko
iommu_alloc_resv_region	0x115dbbde	mtk_iommu.ko
iommu_dev_disable_feature	0xf0278a7f	mediatek-drm.ko
iommu_device_register	0xf17ca88f	mtk_iommu.ko
iommu_device_sysfs_add	0xc3c3566f	mtk_iommu.ko
iommu_device_sysfs_remove	0x1a213617	mtk_iommu.ko
iommu_device_unregister	0x27adc25d	mtk_iommu.ko
iommu_fwspec_add_ids	0x47336f85	mtk_iommu.ko
iommu_get_domain_for_dev	0x4b3b9e2b	mediatek-drm.ko
iommu_get_domain_for_dev	0x4b3b9e2b	mtk-cmdq-drv-ext.ko
iommu_get_domain_for_dev	0x4b3b9e2b	mtk-vcodec-dec-v1.ko
iommu_get_domain_for_dev	0x4b3b9e2b	mtk-vcodec-enc-v1.ko
iommu_get_domain_for_dev	0x4b3b9e2b	mtk-vcu.ko
iommu_group_alloc	0x8d22bb58	mtk_iommu.ko
iommu_group_ref_get	0x4d6d0bbc	mtk_iommu.ko
iommu_iova_to_phys	0x2bc776f2	mtk-cmdq-drv-ext.ko
iommu_iova_to_phys	0x2bc776f2	mtk-vcu.ko
iommu_map	0x39d3fd0e	mediatek-drm.ko
iommu_present	0x63d59b72	mediatek-drm.ko
ioremap_prot	0x40863ba1	8250_mtk.ko
ioremap_prot	0x40863ba1	CPU_DVFS.ko
ioremap_prot	0x40863ba1	aee_aed.ko
ioremap_prot	0x40863ba1	atf_logger.ko
ioremap_prot	0x40863ba1	ccci_md_all.ko
ioremap_prot	0x40863ba1	ccci_util_lib.ko
ioremap_prot	0x40863ba1	clk-mt6768-pg.ko
ioremap_prot	0x40863ba1	clkchk-mt6768.ko
ioremap_prot	0x40863ba1	clkdbg-mt6768.ko
ioremap_prot	0x40863ba1	cmdq-sec-drv.ko
ioremap_prot	0x40863ba1	cmdq-test.ko
ioremap_prot	0x40863ba1	cpufreq_sugov_ext.ko
ioremap_prot	0x40863ba1	emiisu.ko
ioremap_prot	0x40863ba1	ged.ko
ioremap_prot	0x40863ba1	gps_drv_stp.ko
ioremap_prot	0x40863ba1	i2c-mt65xx.ko
ioremap_prot	0x40863ba1	isee.ko
ioremap_prot	0x40863ba1	log_store.ko
ioremap_prot	0x40863ba1	mali_kbase_mt6768_r49.ko
ioremap_prot	0x40863ba1	mediatek-drm.ko
ioremap_prot	0x40863ba1	met.ko
ioremap_prot	0x40863ba1	mmqos-common.ko
ioremap_prot	0x40863ba1	mrdump.ko
ioremap_prot	0x40863ba1	mtk-btcvsd.ko
ioremap_prot	0x40863ba1	mtk-cmdq-drv-ext.ko
ioremap_prot	0x40863ba1	mtk-mmc.ko
ioremap_prot	0x40863ba1	mtk-mmdvfs-debug.ko
ioremap_prot	0x40863ba1	mtk-smi-dbg.ko
ioremap_prot	0x40863ba1	mtk-smi.ko
ioremap_prot	0x40863ba1	mtk-uart-apdma.ko
ioremap_prot	0x40863ba1	mtk_perf_common.ko
ioremap_prot	0x40863ba1	mtk_power_gs_v1.ko
ioremap_prot	0x40863ba1	scheduler.ko
ioremap_prot	0x40863ba1	scp.ko
ioremap_prot	0x40863ba1	sspm_v1.ko
ioremap_prot	0x40863ba1	wlan_drv_gen4m_6768.ko
ioremap_prot	0x40863ba1	wmt_drv.ko
iounmap	0xedc03953	8250_mtk.ko
iounmap	0xedc03953	aee_aed.ko
iounmap	0xedc03953	ccci_md_all.ko
iounmap	0xedc03953	ccci_util_lib.ko
iounmap	0xedc03953	gps_drv_stp.ko
iounmap	0xedc03953	i2c-mt65xx.ko
iounmap	0xedc03953	mali_kbase_mt6768_r49.ko
iounmap	0xedc03953	mdp_drv_mt6768.ko
iounmap	0xedc03953	mediatek-drm.ko
iounmap	0xedc03953	met.ko
iounmap	0xedc03953	mtk-btcvsd.ko
iounmap	0xedc03953	mtk-mmc.ko
iounmap	0xedc03953	mtk-smi.ko
iounmap	0xedc03953	mtk-uart-apdma.ko
iounmap	0xedc03953	mtk_power_gs_v1.ko
iounmap	0xedc03953	wlan_drv_gen4m_6768.ko
iounmap	0xedc03953	wmt_drv.ko
ipi_desc_get	0xc3f038a3	aee_hangdet.ko
ipv6_find_hdr	0x0bc9fa84	millet_pkg.ko
ipv6_skip_exthdr	0xdf485b11	ccmni.ko
irq_create_mapping_affinity	0xbd78e1f5	pinctrl-mtk-v2.ko
irq_create_of_mapping	0x43d6a81b	gz_irq_mod.ko
irq_domain_remove	0x71d7cd72	mt6397.ko
irq_domain_simple_ops	0xb08d6fcd	pinctrl-mtk-v2.ko
irq_domain_xlate_twocell	0x0b3ff797	mt6397.ko
irq_find_matching_fwspec	0x42f2007d	gz_irq_mod.ko
irq_get_irq_data	0x93ab3199	MTK_INTERNAL_SPM.ko
irq_get_irq_data	0x93ab3199	btif_drv.ko
irq_get_irq_data	0x93ab3199	cache-parity.ko
irq_get_irq_data	0x93ab3199	mali_kbase_mt6768_r49.ko
irq_get_irq_data	0x93ab3199	mcDrvModule.ko
irq_get_irq_data	0x93ab3199	mt6397.ko
irq_get_irq_data	0x93ab3199	pinctrl-mtk-v2.ko
irq_get_irq_data	0x93ab3199	wmt_drv.ko
irq_get_irqchip_state	0x1d222ced	mtk-uart-apdma.ko
irq_modify_status	0x7522f3ba	mediatek-drm.ko
irq_modify_status	0x7522f3ba	mt6397.ko
irq_modify_status	0x7522f3ba	mtk-mmc.ko
irq_of_parse_and_map	0xa40d3d19	MTK_INTERNAL_SPM.ko
irq_of_parse_and_map	0xa40d3d19	btif_drv.ko
irq_of_parse_and_map	0xa40d3d19	cache-parity.ko
irq_of_parse_and_map	0xa40d3d19	camera_dpe_isp40.ko
irq_of_parse_and_map	0xa40d3d19	camera_fdvt_isp40.ko
irq_of_parse_and_map	0xa40d3d19	camera_isp_4_t.ko
irq_of_parse_and_map	0xa40d3d19	ccci_ccif.ko
irq_of_parse_and_map	0xa40d3d19	ccci_cldma.ko
irq_of_parse_and_map	0xa40d3d19	ccci_md_all.ko
irq_of_parse_and_map	0xa40d3d19	ccu_isp4.ko
irq_of_parse_and_map	0xa40d3d19	connadp.ko
irq_of_parse_and_map	0xa40d3d19	dbg_error_flag.ko
irq_of_parse_and_map	0xa40d3d19	device-apc-common-legacy.ko
irq_of_parse_and_map	0xa40d3d19	emimpu.ko
irq_of_parse_and_map	0xa40d3d19	fmradio_drv_mt6631.ko
irq_of_parse_and_map	0xa40d3d19	mcDrvModule.ko
irq_of_parse_and_map	0xa40d3d19	mdp_drv_mt6768.ko
irq_of_parse_and_map	0xa40d3d19	mediatek-drm.ko
irq_of_parse_and_map	0xa40d3d19	mediatek_eem.ko
irq_of_parse_and_map	0xa40d3d19	mt6358-accdet.ko
irq_of_parse_and_map	0xa40d3d19	mtk-kpd.ko
irq_of_parse_and_map	0xa40d3d19	mtk-pwm.ko
irq_of_parse_and_map	0xa40d3d19	musb_hdrc.ko
irq_of_parse_and_map	0xa40d3d19	pinctrl-mtk-v2.ko
irq_of_parse_and_map	0xa40d3d19	thermal_monitor.ko
irq_of_parse_and_map	0xa40d3d19	wlan_drv_gen4m_6768.ko
irq_of_parse_and_map	0xa40d3d19	wmt_drv.ko
irq_set_affinity	0x135e366e	arm_dsu_pmu.ko
irq_set_affinity	0x135e366e	ufs-mediatek-mod.ko
irq_set_chained_handler_and_data	0x7a44980f	pinctrl-mtk-v2.ko
irq_set_chip_and_handler_name	0xeb6cf98d	mt6397.ko
irq_set_chip_and_handler_name	0xeb6cf98d	pinctrl-mtk-v2.ko
irq_set_chip_data	0x20a789ac	mt6397.ko
irq_set_chip_data	0x20a789ac	pinctrl-mtk-v2.ko
irq_set_irq_type	0x0bc477a2	MTK_INTERNAL_SPM.ko
irq_set_irq_type	0x0bc477a2	ccci_md_all.ko
irq_set_irq_type	0x0bc477a2	mt6358-accdet.ko
irq_set_irq_type	0x0bc477a2	mtk_spi.ko
irq_set_irq_type	0x0bc477a2	musb_hdrc.ko
irq_set_irq_wake	0xce2840e7	8250_mtk.ko
irq_set_irq_wake	0xce2840e7	ccci_ccif.ko
irq_set_irq_wake	0xce2840e7	ccci_md_all.ko
irq_set_irq_wake	0xce2840e7	clk-common.ko
irq_set_irq_wake	0xce2840e7	extcon-mtk-usb.ko
irq_set_irq_wake	0xce2840e7	ft8057m_spi.ko
irq_set_irq_wake	0xce2840e7	ft8057p_spi.ko
irq_set_irq_wake	0xce2840e7	gf_fingerprint.ko
irq_set_irq_wake	0xce2840e7	icnl9916_spi.ko
irq_set_irq_wake	0xce2840e7	mediatek-drm.ko
irq_set_irq_wake	0xce2840e7	mt6370.ko
irq_set_irq_wake	0xce2840e7	mt6397.ko
irq_set_irq_wake	0xce2840e7	mtk-kpd.ko
irq_set_irq_wake	0xce2840e7	mtk-mmc.ko
irq_set_irq_wake	0xce2840e7	mtk-pmic-keys.ko
irq_set_irq_wake	0xce2840e7	mtk-uart-apdma.ko
irq_set_irq_wake	0xce2840e7	mtk_spi.ko
irq_set_irq_wake	0xce2840e7	musb_hdrc.ko
irq_set_irq_wake	0xce2840e7	nt36528_spi.ko
irq_set_irq_wake	0xce2840e7	nxp_i2c.ko
irq_set_irq_wake	0xce2840e7	rtc-mt6397.ko
irq_set_irq_wake	0xce2840e7	sgm41543_charger.ko
irq_set_irq_wake	0xce2840e7	sil_fingerprint.ko
irq_set_irq_wake	0xce2840e7	tcpc_rt1711h.ko
irq_set_irq_wake	0xce2840e7	tcpc_upm7610.ko
irq_set_irq_wake	0xce2840e7	upm6920_charger.ko
irq_set_irq_wake	0xce2840e7	wlan_drv_gen4m_6768.ko
irq_set_irq_wake	0xce2840e7	wmt_drv.ko
irq_set_irqchip_state	0xb88dbfce	ccci_md_all.ko
irq_to_desc	0x8c42aed2	MTK_INTERNAL_SPM.ko
irq_to_desc	0x8c42aed2	aee_hangdet.ko
irq_to_desc	0x8c42aed2	ft8057m_spi.ko
irq_to_desc	0x8c42aed2	ft8057p_spi.ko
irq_to_desc	0x8c42aed2	icnl9916_spi.ko
irq_to_desc	0x8c42aed2	irq-dbg.ko
irq_to_desc	0x8c42aed2	mediatek-drm.ko
irq_to_desc	0x8c42aed2	mt6358_battery.ko
irq_to_desc	0x8c42aed2	nt36528_spi.ko
irq_to_desc	0x8c42aed2	ufs-mediatek-mod.ko
irq_work_queue	0x4cc51d38	cpufreq_sugov_ext.ko
irq_work_run	0x541bd60a	met.ko
irq_work_sync	0x117b4830	cpufreq_sugov_ext.ko
is_dcm_initialized	0xdb1c636e	mt6768_dcm.ko
is_disable_map_sec	0x8daea7e0	mtk-vcodec-dec-v1.ko
is_disable_map_sec	0x8daea7e0	mtk-vcodec-enc-v1.ko
is_disable_map_sec	0x8daea7e0	mtk-vcu.ko
is_disable_map_sec	0x8daea7e0	mtk_sec_heap.ko
is_dma_buf_file	0x09a8be6d	mtk_heap_debug.ko
is_dpt_support_driver_hook	0x88010db6	mtk_em.ko
is_dpt_support_driver_hook	0x88010db6	scheduler.ko
is_gearless_support	0x49ff5efa	mtk_perf_common.ko
is_mtk_mm_heap_dmabuf	0x820de26e	mtk_heap_debug.ko
is_mtk_sec_heap_dmabuf	0x60e968c3	mtk_disp_sec.ko
is_mtk_sec_heap_dmabuf	0x60e968c3	mtk_heap_debug.ko
is_pkvm_enabled	0x6161e8ef	mtk_sec_heap.ko
is_sbb_trigger	0x18dfb83b	scheduler.ko
is_system_heap_dmabuf	0xe4825d26	mtk_heap_debug.ko
is_task_latency_sensitive	0x4151fab9	mtk_fpsgo.ko
is_valid_reg	0xc39b2362	clkchk-mt6768.ko
is_vmalloc_addr	0xc31db0ce	ccci_cldma.ko
is_vmalloc_addr	0xc31db0ce	i2c-mt65xx.ko
is_vmalloc_addr	0xc31db0ce	mcDrvModule.ko
is_vmalloc_addr	0xc31db0ce	musb_hdrc.ko
is_vmalloc_addr	0xc31db0ce	spi-mt65xx.ko
is_vmalloc_addr	0xc31db0ce	wlan_drv_gen4m_6768.ko
iterate_fd	0xb3ea934f	mtk_heap_debug.ko
jiffies	0x15ba50a6	aee_aed.ko
jiffies	0x15ba50a6	aee_hangdet.ko
jiffies	0x15ba50a6	alsps_common.ko
jiffies	0x15ba50a6	btif_drv.ko
jiffies	0x15ba50a6	c2k_usb.ko
jiffies	0x15ba50a6	ccci_ccif.ko
jiffies	0x15ba50a6	ccci_cldma.ko
jiffies	0x15ba50a6	ccmni.ko
jiffies	0x15ba50a6	cfg80211.ko
jiffies	0x15ba50a6	cmdq-bdg-mailbox.ko
jiffies	0x15ba50a6	cmdq-sec-drv.ko
jiffies	0x15ba50a6	cmdq-test.ko
jiffies	0x15ba50a6	cpufreq_sugov_ext.ko
jiffies	0x15ba50a6	drm_display_helper.ko
jiffies	0x15ba50a6	fmradio_drv_mt6631.ko
jiffies	0x15ba50a6	ft8057m_spi.ko
jiffies	0x15ba50a6	ft8057p_spi.ko
jiffies	0x15ba50a6	mac80211.ko
jiffies	0x15ba50a6	mali_kbase_mt6768_r49.ko
jiffies	0x15ba50a6	mcDrvModule.ko
jiffies	0x15ba50a6	mediatek-drm.ko
jiffies	0x15ba50a6	mmqos-common.ko
jiffies	0x15ba50a6	mt6358-accdet.ko
jiffies	0x15ba50a6	mtk-cmdq-drv-ext.ko
jiffies	0x15ba50a6	mtk-mmc.ko
jiffies	0x15ba50a6	mtk-scpsys.ko
jiffies	0x15ba50a6	mtk-vcodec-common.ko
jiffies	0x15ba50a6	mtk-vcodec-dec-v1.ko
jiffies	0x15ba50a6	mtk-vcodec-enc-v1.ko
jiffies	0x15ba50a6	mtk-vcu.ko
jiffies	0x15ba50a6	mtk_cm_mgr_mt6768.ko
jiffies	0x15ba50a6	mtk_dynamic_loading_throttling.ko
jiffies	0x15ba50a6	mtk_iommu.ko
jiffies	0x15ba50a6	mtk_jpeg.ko
jiffies	0x15ba50a6	mtk_low_battery_throttling.ko
jiffies	0x15ba50a6	mtk_peak_power_budget.ko
jiffies	0x15ba50a6	mtk_u_ether.ko
jiffies	0x15ba50a6	mtk_usb_f_rndis.ko
jiffies	0x15ba50a6	musb_hdrc.ko
jiffies	0x15ba50a6	nxp_i2c.ko
jiffies	0x15ba50a6	pd_dbg_info.ko
jiffies	0x15ba50a6	scheduler.ko
jiffies	0x15ba50a6	scp.ko
jiffies	0x15ba50a6	sensorHub.ko
jiffies	0x15ba50a6	sspm_v1.ko
jiffies	0x15ba50a6	step_counter.ko
jiffies	0x15ba50a6	tcpc_class.ko
jiffies	0x15ba50a6	thermal_monitor.ko
jiffies	0x15ba50a6	ufs-mediatek-mod.ko
jiffies	0x15ba50a6	wlan_drv_gen4m_6768.ko
jiffies	0x15ba50a6	wmt_drv.ko
jiffies_64_to_clock_t	0xb1ddf995	met.ko
jiffies_to_msecs	0x37befc70	ccci_md_all.ko
jiffies_to_msecs	0x37befc70	cfg80211.ko
jiffies_to_msecs	0x37befc70	fmradio_drv_mt6631.ko
jiffies_to_msecs	0x37befc70	ft8057m_spi.ko
jiffies_to_msecs	0x37befc70	ft8057p_spi.ko
jiffies_to_msecs	0x37befc70	isee.ko
jiffies_to_msecs	0x37befc70	mac80211.ko
jiffies_to_msecs	0x37befc70	mmqos-common.ko
jiffies_to_msecs	0x37befc70	mt6358-accdet.ko
jiffies_to_msecs	0x37befc70	mtk-scpsys.ko
jiffies_to_msecs	0x37befc70	mtk-vcodec-dec-v1.ko
jiffies_to_msecs	0x37befc70	mtk-vcodec-enc-v1.ko
jiffies_to_msecs	0x37befc70	mtk-vcu.ko
jiffies_to_msecs	0x37befc70	rtc-mt6397.ko
jiffies_to_msecs	0x37befc70	scp.ko
jiffies_to_msecs	0x37befc70	sil_fingerprint.ko
jiffies_to_msecs	0x37befc70	wlan_drv_gen4m_6768.ko
jiffies_to_msecs	0x37befc70	wmt_drv.ko
jiffies_to_usecs	0x7f24de73	mtk-vcodec-dec-v1.ko
jiffies_to_usecs	0x7f24de73	mtk_jpeg.ko
jiffies_to_usecs	0x7f24de73	rtc-mt6397.ko
jiffies_to_usecs	0x7f24de73	tcpc_class.ko
kasan_flag_enabled	0xa6f6226c	ccci_cldma.ko
kasan_flag_enabled	0xa6f6226c	cfg80211.ko
kasan_flag_enabled	0xa6f6226c	drm_dma_helper.ko
kasan_flag_enabled	0xa6f6226c	isee.ko
kasan_flag_enabled	0xa6f6226c	mali_kbase_mt6768_r49.ko
kasan_flag_enabled	0xa6f6226c	mali_mgm_mt6768_r49.ko
kasan_flag_enabled	0xa6f6226c	mi_memory.ko
kasan_flag_enabled	0xa6f6226c	monitor_hang.ko
kasan_flag_enabled	0xa6f6226c	mtk-mml.ko
kasan_flag_enabled	0xa6f6226c	mtk_sec_heap.ko
kasan_flag_enabled	0xa6f6226c	mtk_u_ether.ko
kasan_flag_enabled	0xa6f6226c	system_heap.ko
kasan_flag_enabled	0xa6f6226c	trusted_mem.ko
kasan_flag_enabled	0xa6f6226c	ufs-mediatek-mod.ko
kasan_flag_enabled	0xa6f6226c	zram.ko
kasan_flag_enabled	0xa6f6226c	zsmalloc.ko
kasprintf	0xfb384d37	mediatek-drm.ko
kasprintf	0xfb384d37	mtk-icc-core.ko
kasprintf	0xfb384d37	mtk_charger_algorithm_class.ko
kasprintf	0xfb384d37	system_heap.ko
kasprintf	0xfb384d37	usb_meta.ko
kernel_cpustat	0xc54f8db6	blocktag.ko
kernel_cpustat	0xc54f8db6	met.ko
kernel_cpustat	0xc54f8db6	thermal_monitor.ko
kernel_kobj	0x47f1766b	MTK_INTERNAL_SPM.ko
kernel_kobj	0x47f1766b	ccci_md_all.ko
kernel_kobj	0x47f1766b	ccci_util_lib.ko
kernel_kobj	0x47f1766b	clkbuf.ko
kernel_kobj	0x47f1766b	ged.ko
kernel_kobj	0x47f1766b	mrdump.ko
kernel_kobj	0x47f1766b	mtk-dvfsrc-helper.ko
kernel_kobj	0x47f1766b	mtk_charger_cooling.ko
kernel_kobj	0x47f1766b	mtk_cm_mgr.ko
kernel_kobj	0x47f1766b	mtk_fpsgo.ko
kernel_kobj	0x47f1766b	thermal_monitor.ko
kernel_param_lock	0x94e70da6	mac80211.ko
kernel_param_unlock	0xc1ca6e63	mac80211.ko
kernel_power_off	0xf184d189	mt6358_battery.ko
kernel_power_off	0xf184d189	mtk_battery_manager.ko
kernel_power_off	0xf184d189	mtk_charger_framework.ko
kernel_power_off	0xf184d189	mtk_low_battery_throttling.ko
kernel_restart	0x1e7bbcb3	rtc-mt6397.ko
kernel_sigaction	0xc0374d9c	isee.ko
kernfs_find_and_get_ns	0x2557e2f8	leds-mtk.ko
kernfs_find_and_get_ns	0x2557e2f8	thermal_monitor.ko
kernfs_notify	0x7ffbf248	leds-mtk.ko
kernfs_path_from_node	0xb16536b7	aee_hangdet.ko
kernfs_put	0xb1dec08d	leds-mtk.ko
key_put	0xb74a7f5d	cfg80211.ko
keyring_alloc	0xf36bf22b	cfg80211.ko
kfree	0x037a0cba	CPU_DVFS.ko
kfree	0x037a0cba	MTK_INTERNAL_SPM.ko
kfree	0x037a0cba	accel_common.ko
kfree	0x037a0cba	accelhub.ko
kfree	0x037a0cba	adapter_class.ko
kfree	0x037a0cba	aee_aed.ko
kfree	0x037a0cba	aee_hangdet.ko
kfree	0x037a0cba	aee_rs.ko
kfree	0x037a0cba	alsps_common.ko
kfree	0x037a0cba	alspshub.ko
kfree	0x037a0cba	atf_logger.ko
kfree	0x037a0cba	baro_common.ko
kfree	0x037a0cba	barohub.ko
kfree	0x037a0cba	blocktag.ko
kfree	0x037a0cba	bootprof.ko
kfree	0x037a0cba	btif_drv.ko
kfree	0x037a0cba	c2k_usb.ko
kfree	0x037a0cba	cache-parity.ko
kfree	0x037a0cba	cam_qos_4.ko
kfree	0x037a0cba	camera_dpe_isp40.ko
kfree	0x037a0cba	camera_eeprom_isp4_t.ko
kfree	0x037a0cba	camera_fdvt_isp40.ko
kfree	0x037a0cba	camera_isp_4_t.ko
kfree	0x037a0cba	camera_mem.ko
kfree	0x037a0cba	ccci_ccif.ko
kfree	0x037a0cba	ccci_cldma.ko
kfree	0x037a0cba	ccci_md_all.ko
kfree	0x037a0cba	ccci_util_lib.ko
kfree	0x037a0cba	ccmni.ko
kfree	0x037a0cba	ccu_isp4.ko
kfree	0x037a0cba	cfg80211.ko
kfree	0x037a0cba	charger_class.ko
kfree	0x037a0cba	clk-common.ko
kfree	0x037a0cba	clk-mt6768-pg.ko
kfree	0x037a0cba	clk-mt6768.ko
kfree	0x037a0cba	cmdq-bdg-mailbox.ko
kfree	0x037a0cba	cmdq-bdg-test.ko
kfree	0x037a0cba	cmdq-sec-drv.ko
kfree	0x037a0cba	conn_md_drv.ko
kfree	0x037a0cba	connadp.ko
kfree	0x037a0cba	cpufreq_sugov_ext.ko
kfree	0x037a0cba	drm_display_helper.ko
kfree	0x037a0cba	drm_dma_helper.ko
kfree	0x037a0cba	emiisu.ko
kfree	0x037a0cba	emimpu.ko
kfree	0x037a0cba	extcon-mtk-usb.ko
kfree	0x037a0cba	extdev_io_class.ko
kfree	0x037a0cba	flashlight.ko
kfree	0x037a0cba	fmradio_drv_mt6631.ko
kfree	0x037a0cba	ft8057m_spi.ko
kfree	0x037a0cba	ft8057p_spi.ko
kfree	0x037a0cba	fusion.ko
kfree	0x037a0cba	ged.ko
kfree	0x037a0cba	gf_fingerprint.ko
kfree	0x037a0cba	gps_drv_stp.ko
kfree	0x037a0cba	gyro_common.ko
kfree	0x037a0cba	gyrohub.ko
kfree	0x037a0cba	gz_ipc_mod.ko
kfree	0x037a0cba	gz_irq_mod.ko
kfree	0x037a0cba	gz_log_mod.ko
kfree	0x037a0cba	gz_main_mod.ko
kfree	0x037a0cba	gz_tz_system.ko
kfree	0x037a0cba	gz_virtio_mod.ko
kfree	0x037a0cba	hwmon.ko
kfree	0x037a0cba	i2c-mt65xx.ko
kfree	0x037a0cba	icnl9916_spi.ko
kfree	0x037a0cba	imgsensor_isp4_t.ko
kfree	0x037a0cba	iommu_debug.ko
kfree	0x037a0cba	irq-dbg.ko
kfree	0x037a0cba	isee.ko
kfree	0x037a0cba	lc_charger_sysfs.ko
kfree	0x037a0cba	lct_tp.ko
kfree	0x037a0cba	leds-mtk.ko
kfree	0x037a0cba	load_track.ko
kfree	0x037a0cba	log_store.ko
kfree	0x037a0cba	mac80211.ko
kfree	0x037a0cba	mag_common.ko
kfree	0x037a0cba	maghub.ko
kfree	0x037a0cba	mali_kbase_mt6768_r49.ko
kfree	0x037a0cba	mali_mgm_mt6768_r49.ko
kfree	0x037a0cba	mcDrvModule.ko
kfree	0x037a0cba	mdp_drv_mt6768.ko
kfree	0x037a0cba	mediatek-drm.ko
kfree	0x037a0cba	mediatek_eem.ko
kfree	0x037a0cba	mediatek_static_power.ko
kfree	0x037a0cba	met.ko
kfree	0x037a0cba	mi_memory.ko
kfree	0x037a0cba	miev.ko
kfree	0x037a0cba	mme.ko
kfree	0x037a0cba	mmprofile.ko
kfree	0x037a0cba	monitor_hang.ko
kfree	0x037a0cba	mrdump.ko
kfree	0x037a0cba	mt6358_battery.ko
kfree	0x037a0cba	mtk-cmdq-drv-ext.ko
kfree	0x037a0cba	mtk-composite.ko
kfree	0x037a0cba	mtk-cqdma.ko
kfree	0x037a0cba	mtk-dvfsrc-helper.ko
kfree	0x037a0cba	mtk-icc-core.ko
kfree	0x037a0cba	mtk-mmc-dbg.ko
kfree	0x037a0cba	mtk-mmc.ko
kfree	0x037a0cba	mtk-mmdvfs-debug.ko
kfree	0x037a0cba	mtk-mml.ko
kfree	0x037a0cba	mtk-smi-bwc.ko
kfree	0x037a0cba	mtk-smi-dbg.ko
kfree	0x037a0cba	mtk-socinfo.ko
kfree	0x037a0cba	mtk-uart-apdma.ko
kfree	0x037a0cba	mtk-vcodec-common.ko
kfree	0x037a0cba	mtk-vcodec-dec-v1.ko
kfree	0x037a0cba	mtk-vcodec-enc-v1.ko
kfree	0x037a0cba	mtk-vcu.ko
kfree	0x037a0cba	mtk_battery_oc_throttling.ko
kfree	0x037a0cba	mtk_charger_algorithm_class.ko
kfree	0x037a0cba	mtk_cm_mgr.ko
kfree	0x037a0cba	mtk_cm_mgr_mt6768.ko
kfree	0x037a0cba	mtk_cpu_power_throttling.ko
kfree	0x037a0cba	mtk_fpsgo.ko
kfree	0x037a0cba	mtk_gpu_hal.ko
kfree	0x037a0cba	mtk_gpufreq_mt6768.ko
kfree	0x037a0cba	mtk_heap_debug.ko
kfree	0x037a0cba	mtk_ioctl_powerhal.ko
kfree	0x037a0cba	mtk_iommu.ko
kfree	0x037a0cba	mtk_jpeg.ko
kfree	0x037a0cba	mtk_md_power_throttling.ko
kfree	0x037a0cba	mtk_pbm.ko
kfree	0x037a0cba	mtk_perf_common.ko
kfree	0x037a0cba	mtk_perf_ioctl.ko
kfree	0x037a0cba	mtk_ppm_v3.ko
kfree	0x037a0cba	mtk_rpmsg_mbox.ko
kfree	0x037a0cba	mtk_sec_heap.ko
kfree	0x037a0cba	mtk_spi.ko
kfree	0x037a0cba	mtk_sync.ko
kfree	0x037a0cba	mtk_tinysys_ipi.ko
kfree	0x037a0cba	mtk_u_ether.ko
kfree	0x037a0cba	mtk_usb_f_rndis.ko
kfree	0x037a0cba	musb_boost.ko
kfree	0x037a0cba	musb_hdrc.ko
kfree	0x037a0cba	nt36528_spi.ko
kfree	0x037a0cba	nxp_i2c.ko
kfree	0x037a0cba	pd_dbg_info.ko
kfree	0x037a0cba	perfhelper.ko
kfree	0x037a0cba	pinctrl-mtk-v2.ko
kfree	0x037a0cba	pmic_lbat_service.ko
kfree	0x037a0cba	rpmb-mtk.ko
kfree	0x037a0cba	rpmb.ko
kfree	0x037a0cba	rps_perf.ko
kfree	0x037a0cba	scheduler.ko
kfree	0x037a0cba	scp.ko
kfree	0x037a0cba	sensorHub.ko
kfree	0x037a0cba	sil_fingerprint.ko
kfree	0x037a0cba	situation.ko
kfree	0x037a0cba	situationhub.ko
kfree	0x037a0cba	snd-soc-fs15xx.ko
kfree	0x037a0cba	snd-soc-mt6358.ko
kfree	0x037a0cba	snd-soc-mt6768-afe.ko
kfree	0x037a0cba	snd-soc-mtk-common.ko
kfree	0x037a0cba	snd-soc-sipa-tuning.ko
kfree	0x037a0cba	spi-mt65xx.ko
kfree	0x037a0cba	spi_slave.ko
kfree	0x037a0cba	sspm_v1.ko
kfree	0x037a0cba	step_counter.ko
kfree	0x037a0cba	system_heap.ko
kfree	0x037a0cba	tcpc_class.ko
kfree	0x037a0cba	thermal_monitor.ko
kfree	0x037a0cba	touch_boost.ko
kfree	0x037a0cba	trusted_mem.ko
kfree	0x037a0cba	ufs-mediatek-dbg.ko
kfree	0x037a0cba	ufs-mediatek-mod.ko
kfree	0x037a0cba	uload_ind.ko
kfree	0x037a0cba	usb_meta.ko
kfree	0x037a0cba	v4l2-flash-led-class.ko
kfree	0x037a0cba	wlan_drv_gen4m_6768.ko
kfree	0x037a0cba	wmt_drv.ko
kfree	0x037a0cba	xiaomi_touch.ko
kfree	0x037a0cba	xm_smart_chg.ko
kfree	0x037a0cba	zram.ko
kfree	0x037a0cba	zsmalloc.ko
kfree_const	0xf474fdcb	mtk-icc-core.ko
kfree_const	0xf474fdcb	reboot-mode.ko
kfree_sensitive	0xd0760fc0	ccu_isp4.ko
kfree_sensitive	0xd0760fc0	cfg80211.ko
kfree_sensitive	0xd0760fc0	mac80211.ko
kfree_sensitive	0xd0760fc0	mtk-composite.ko
kfree_skb_list_reason	0xa4d89cab	mac80211.ko
kfree_skb_reason	0x0b20770c	cfg80211.ko
kfree_skb_reason	0x0b20770c	gf_fingerprint.ko
kfree_skb_reason	0x0b20770c	mac80211.ko
kfree_skb_reason	0x0b20770c	millet_core.ko
kfree_skb_reason	0x0b20770c	wlan_drv_gen4m_6768.ko
kfree_skb_reason	0x0b20770c	wmt_drv.ko
kicker_pbm_by_cpu	0xa7f7a0c1	mtk_ppm_v3.ko
kicker_pbm_by_flash	0x01a718fc	flashlight.ko
kicker_pbm_by_md	0x37d20ffc	ccci_md_all.ko
kimage_vaddr	0xb2ead97c	mrdump.ko
kimage_voffset	0xe4bbc1dd	aee_hangdet.ko
kimage_voffset	0xe4bbc1dd	ccci_util_lib.ko
kimage_voffset	0xe4bbc1dd	cmdq-sec-drv.ko
kimage_voffset	0xe4bbc1dd	gz_log_mod.ko
kimage_voffset	0xe4bbc1dd	gz_main_mod.ko
kimage_voffset	0xe4bbc1dd	gz_virtio_mod.ko
kimage_voffset	0xe4bbc1dd	iommu_gz.ko
kimage_voffset	0xe4bbc1dd	isee.ko
kimage_voffset	0xe4bbc1dd	mcDrvModule.ko
kimage_voffset	0xe4bbc1dd	mediatek-drm.ko
kimage_voffset	0xe4bbc1dd	mme.ko
kimage_voffset	0xe4bbc1dd	mmqos-common.ko
kimage_voffset	0xe4bbc1dd	mrdump.ko
kimage_voffset	0xe4bbc1dd	mtk_heap_debug.ko
kimage_voffset	0xe4bbc1dd	mtk_iommu.ko
kimage_voffset	0xe4bbc1dd	snd-soc-mtk-common.ko
kimage_voffset	0xe4bbc1dd	ufs-mediatek-dbg.ko
kmalloc_caches	0x74661383	MTK_INTERNAL_SPM.ko
kmalloc_caches	0x74661383	Upower.ko
kmalloc_caches	0x74661383	accel_common.ko
kmalloc_caches	0x74661383	accelhub.ko
kmalloc_caches	0x74661383	adapter_class.ko
kmalloc_caches	0x74661383	aee_aed.ko
kmalloc_caches	0x74661383	aee_rs.ko
kmalloc_caches	0x74661383	alsps_common.ko
kmalloc_caches	0x74661383	alspshub.ko
kmalloc_caches	0x74661383	atf_logger.ko
kmalloc_caches	0x74661383	baro_common.ko
kmalloc_caches	0x74661383	barohub.ko
kmalloc_caches	0x74661383	blocktag.ko
kmalloc_caches	0x74661383	bootprof.ko
kmalloc_caches	0x74661383	btif_drv.ko
kmalloc_caches	0x74661383	c2k_usb.ko
kmalloc_caches	0x74661383	cache-parity.ko
kmalloc_caches	0x74661383	camera_dpe_isp40.ko
kmalloc_caches	0x74661383	camera_eeprom_isp4_t.ko
kmalloc_caches	0x74661383	camera_fdvt_isp40.ko
kmalloc_caches	0x74661383	camera_isp_4_t.ko
kmalloc_caches	0x74661383	camera_mem.ko
kmalloc_caches	0x74661383	ccci_ccif.ko
kmalloc_caches	0x74661383	ccci_cldma.ko
kmalloc_caches	0x74661383	ccci_md_all.ko
kmalloc_caches	0x74661383	ccci_util_lib.ko
kmalloc_caches	0x74661383	ccmni.ko
kmalloc_caches	0x74661383	ccu_isp4.ko
kmalloc_caches	0x74661383	cfg80211.ko
kmalloc_caches	0x74661383	charger_class.ko
kmalloc_caches	0x74661383	clk-common.ko
kmalloc_caches	0x74661383	clk-mt6768-pg.ko
kmalloc_caches	0x74661383	cmdq-bdg-mailbox.ko
kmalloc_caches	0x74661383	cmdq-sec-drv.ko
kmalloc_caches	0x74661383	cmdq-test.ko
kmalloc_caches	0x74661383	conn_md_drv.ko
kmalloc_caches	0x74661383	connadp.ko
kmalloc_caches	0x74661383	cpufreq_sugov_ext.ko
kmalloc_caches	0x74661383	drm_display_helper.ko
kmalloc_caches	0x74661383	drm_dma_helper.ko
kmalloc_caches	0x74661383	emiisu.ko
kmalloc_caches	0x74661383	emimpu.ko
kmalloc_caches	0x74661383	extcon-mtk-usb.ko
kmalloc_caches	0x74661383	extdev_io_class.ko
kmalloc_caches	0x74661383	fhctl.ko
kmalloc_caches	0x74661383	flashlight.ko
kmalloc_caches	0x74661383	fmradio_drv_mt6631.ko
kmalloc_caches	0x74661383	ft8057m_spi.ko
kmalloc_caches	0x74661383	ft8057p_spi.ko
kmalloc_caches	0x74661383	fusion.ko
kmalloc_caches	0x74661383	ged.ko
kmalloc_caches	0x74661383	gf_fingerprint.ko
kmalloc_caches	0x74661383	gps_drv_stp.ko
kmalloc_caches	0x74661383	gyro_common.ko
kmalloc_caches	0x74661383	gyrohub.ko
kmalloc_caches	0x74661383	gz_ipc_mod.ko
kmalloc_caches	0x74661383	gz_irq_mod.ko
kmalloc_caches	0x74661383	gz_log_mod.ko
kmalloc_caches	0x74661383	gz_main_mod.ko
kmalloc_caches	0x74661383	gz_tz_system.ko
kmalloc_caches	0x74661383	gz_virtio_mod.ko
kmalloc_caches	0x74661383	hwmon.ko
kmalloc_caches	0x74661383	icnl9916_spi.ko
kmalloc_caches	0x74661383	imgsensor_isp4_t.ko
kmalloc_caches	0x74661383	iommu_debug.ko
kmalloc_caches	0x74661383	irq-dbg.ko
kmalloc_caches	0x74661383	isee.ko
kmalloc_caches	0x74661383	lc_charger_sysfs.ko
kmalloc_caches	0x74661383	lct_tp.ko
kmalloc_caches	0x74661383	leds-mtk.ko
kmalloc_caches	0x74661383	load_track.ko
kmalloc_caches	0x74661383	mac80211.ko
kmalloc_caches	0x74661383	mag_common.ko
kmalloc_caches	0x74661383	maghub.ko
kmalloc_caches	0x74661383	mali_kbase_mt6768_r49.ko
kmalloc_caches	0x74661383	mali_mgm_mt6768_r49.ko
kmalloc_caches	0x74661383	mcDrvModule.ko
kmalloc_caches	0x74661383	mdp_drv_mt6768.ko
kmalloc_caches	0x74661383	mediatek-drm.ko
kmalloc_caches	0x74661383	mediatek_static_power.ko
kmalloc_caches	0x74661383	met.ko
kmalloc_caches	0x74661383	mi_memory.ko
kmalloc_caches	0x74661383	miev.ko
kmalloc_caches	0x74661383	mme.ko
kmalloc_caches	0x74661383	mmprofile.ko
kmalloc_caches	0x74661383	mmqos-common.ko
kmalloc_caches	0x74661383	monitor_hang.ko
kmalloc_caches	0x74661383	mrdump.ko
kmalloc_caches	0x74661383	mt6358_battery.ko
kmalloc_caches	0x74661383	mtk-cmdq-drv-ext.ko
kmalloc_caches	0x74661383	mtk-composite.ko
kmalloc_caches	0x74661383	mtk-cqdma.ko
kmalloc_caches	0x74661383	mtk-icc-core.ko
kmalloc_caches	0x74661383	mtk-mmdvfs-debug.ko
kmalloc_caches	0x74661383	mtk-mmdvfs.ko
kmalloc_caches	0x74661383	mtk-mml.ko
kmalloc_caches	0x74661383	mtk-smi-bwc.ko
kmalloc_caches	0x74661383	mtk-socinfo.ko
kmalloc_caches	0x74661383	mtk-uart-apdma.ko
kmalloc_caches	0x74661383	mtk-vcodec-common.ko
kmalloc_caches	0x74661383	mtk-vcodec-dec-v1.ko
kmalloc_caches	0x74661383	mtk-vcodec-enc-v1.ko
kmalloc_caches	0x74661383	mtk-vcu.ko
kmalloc_caches	0x74661383	mtk_battery_oc_throttling.ko
kmalloc_caches	0x74661383	mtk_charger_algorithm_class.ko
kmalloc_caches	0x74661383	mtk_cpu_power_throttling.ko
kmalloc_caches	0x74661383	mtk_fpsgo.ko
kmalloc_caches	0x74661383	mtk_gpu_hal.ko
kmalloc_caches	0x74661383	mtk_gpufreq_mt6768.ko
kmalloc_caches	0x74661383	mtk_heap_debug.ko
kmalloc_caches	0x74661383	mtk_iommu.ko
kmalloc_caches	0x74661383	mtk_jpeg.ko
kmalloc_caches	0x74661383	mtk_pbm.ko
kmalloc_caches	0x74661383	mtk_perf_common.ko
kmalloc_caches	0x74661383	mtk_power_gs_v1.ko
kmalloc_caches	0x74661383	mtk_ppm_v3.ko
kmalloc_caches	0x74661383	mtk_rpmsg_mbox.ko
kmalloc_caches	0x74661383	mtk_sec_heap.ko
kmalloc_caches	0x74661383	mtk_spi.ko
kmalloc_caches	0x74661383	mtk_sync.ko
kmalloc_caches	0x74661383	mtk_u_ether.ko
kmalloc_caches	0x74661383	mtk_usb_f_rndis.ko
kmalloc_caches	0x74661383	musb_boost.ko
kmalloc_caches	0x74661383	musb_hdrc.ko
kmalloc_caches	0x74661383	nt36528_spi.ko
kmalloc_caches	0x74661383	nxp_i2c.ko
kmalloc_caches	0x74661383	perfhelper.ko
kmalloc_caches	0x74661383	pmic_lbat_service.ko
kmalloc_caches	0x74661383	powerhal_cpu_ctrl.ko
kmalloc_caches	0x74661383	rpmb-mtk.ko
kmalloc_caches	0x74661383	rpmb.ko
kmalloc_caches	0x74661383	scheduler.ko
kmalloc_caches	0x74661383	scp.ko
kmalloc_caches	0x74661383	sensorHub.ko
kmalloc_caches	0x74661383	sil_fingerprint.ko
kmalloc_caches	0x74661383	situation.ko
kmalloc_caches	0x74661383	situationhub.ko
kmalloc_caches	0x74661383	snd-soc-fs15xx.ko
kmalloc_caches	0x74661383	snd-soc-mtk-common.ko
kmalloc_caches	0x74661383	spi-mt65xx.ko
kmalloc_caches	0x74661383	step_counter.ko
kmalloc_caches	0x74661383	system_heap.ko
kmalloc_caches	0x74661383	tcpc_class.ko
kmalloc_caches	0x74661383	thermal_monitor.ko
kmalloc_caches	0x74661383	touch_boost.ko
kmalloc_caches	0x74661383	trusted_mem.ko
kmalloc_caches	0x74661383	ufs-mediatek-mod.ko
kmalloc_caches	0x74661383	uload_ind.ko
kmalloc_caches	0x74661383	usb_meta.ko
kmalloc_caches	0x74661383	v4l2-flash-led-class.ko
kmalloc_caches	0x74661383	wlan_drv_gen4m_6768.ko
kmalloc_caches	0x74661383	wmt_drv.ko
kmalloc_caches	0x74661383	xiaomi_touch.ko
kmalloc_caches	0x74661383	xm_smart_chg.ko
kmalloc_caches	0x74661383	zram.ko
kmalloc_caches	0x74661383	zsmalloc.ko
kmalloc_large	0x9ed12e20	aee_aed.ko
kmalloc_large	0x9ed12e20	aee_hangdet.ko
kmalloc_large	0x9ed12e20	blocktag.ko
kmalloc_large	0x9ed12e20	btif_drv.ko
kmalloc_large	0x9ed12e20	camera_dpe_isp40.ko
kmalloc_large	0x9ed12e20	camera_isp_4_t.ko
kmalloc_large	0x9ed12e20	ccci_ccif.ko
kmalloc_large	0x9ed12e20	ccci_cldma.ko
kmalloc_large	0x9ed12e20	ccu_isp4.ko
kmalloc_large	0x9ed12e20	fmradio_drv_mt6631.ko
kmalloc_large	0x9ed12e20	ft8057m_spi.ko
kmalloc_large	0x9ed12e20	gz_log_mod.ko
kmalloc_large	0x9ed12e20	icnl9916_spi.ko
kmalloc_large	0x9ed12e20	iommu_debug.ko
kmalloc_large	0x9ed12e20	mac80211.ko
kmalloc_large	0x9ed12e20	mediatek-drm.ko
kmalloc_large	0x9ed12e20	mme.ko
kmalloc_large	0x9ed12e20	monitor_hang.ko
kmalloc_large	0x9ed12e20	mrdump.ko
kmalloc_large	0x9ed12e20	mtk-mmc-dbg.ko
kmalloc_large	0x9ed12e20	mtk-smi-dbg.ko
kmalloc_large	0x9ed12e20	mtk-vcodec-dec-v1.ko
kmalloc_large	0x9ed12e20	mtk-vcodec-enc-v1.ko
kmalloc_large	0x9ed12e20	mtk_fpsgo.ko
kmalloc_large	0x9ed12e20	mtk_heap_debug.ko
kmalloc_large	0x9ed12e20	mtk_power_gs_v1.ko
kmalloc_large	0x9ed12e20	nt36528_spi.ko
kmalloc_large	0x9ed12e20	pidmap.ko
kmalloc_large	0x9ed12e20	rpmb-mtk.ko
kmalloc_large	0x9ed12e20	snd-soc-mt6358.ko
kmalloc_large	0x9ed12e20	snd-soc-mt6768-afe.ko
kmalloc_large	0x9ed12e20	snd-soc-mtk-common.ko
kmalloc_large	0x9ed12e20	snd-soc-sipa-tuning.ko
kmalloc_large	0x9ed12e20	ufs-mediatek-dbg.ko
kmalloc_large	0x9ed12e20	wlan_drv_gen4m_6768.ko
kmalloc_large	0x9ed12e20	wmt_drv.ko
kmalloc_trace	0xa8541c9b	MTK_INTERNAL_SPM.ko
kmalloc_trace	0xa8541c9b	Upower.ko
kmalloc_trace	0xa8541c9b	accel_common.ko
kmalloc_trace	0xa8541c9b	accelhub.ko
kmalloc_trace	0xa8541c9b	adapter_class.ko
kmalloc_trace	0xa8541c9b	aee_aed.ko
kmalloc_trace	0xa8541c9b	aee_rs.ko
kmalloc_trace	0xa8541c9b	alsps_common.ko
kmalloc_trace	0xa8541c9b	alspshub.ko
kmalloc_trace	0xa8541c9b	atf_logger.ko
kmalloc_trace	0xa8541c9b	baro_common.ko
kmalloc_trace	0xa8541c9b	barohub.ko
kmalloc_trace	0xa8541c9b	blocktag.ko
kmalloc_trace	0xa8541c9b	bootprof.ko
kmalloc_trace	0xa8541c9b	btif_drv.ko
kmalloc_trace	0xa8541c9b	c2k_usb.ko
kmalloc_trace	0xa8541c9b	cache-parity.ko
kmalloc_trace	0xa8541c9b	camera_dpe_isp40.ko
kmalloc_trace	0xa8541c9b	camera_eeprom_isp4_t.ko
kmalloc_trace	0xa8541c9b	camera_fdvt_isp40.ko
kmalloc_trace	0xa8541c9b	camera_isp_4_t.ko
kmalloc_trace	0xa8541c9b	camera_mem.ko
kmalloc_trace	0xa8541c9b	ccci_ccif.ko
kmalloc_trace	0xa8541c9b	ccci_cldma.ko
kmalloc_trace	0xa8541c9b	ccci_md_all.ko
kmalloc_trace	0xa8541c9b	ccci_util_lib.ko
kmalloc_trace	0xa8541c9b	ccmni.ko
kmalloc_trace	0xa8541c9b	ccu_isp4.ko
kmalloc_trace	0xa8541c9b	cfg80211.ko
kmalloc_trace	0xa8541c9b	charger_class.ko
kmalloc_trace	0xa8541c9b	clk-common.ko
kmalloc_trace	0xa8541c9b	clk-mt6768-pg.ko
kmalloc_trace	0xa8541c9b	cmdq-bdg-mailbox.ko
kmalloc_trace	0xa8541c9b	cmdq-sec-drv.ko
kmalloc_trace	0xa8541c9b	cmdq-test.ko
kmalloc_trace	0xa8541c9b	conn_md_drv.ko
kmalloc_trace	0xa8541c9b	connadp.ko
kmalloc_trace	0xa8541c9b	cpufreq_sugov_ext.ko
kmalloc_trace	0xa8541c9b	drm_display_helper.ko
kmalloc_trace	0xa8541c9b	drm_dma_helper.ko
kmalloc_trace	0xa8541c9b	emiisu.ko
kmalloc_trace	0xa8541c9b	emimpu.ko
kmalloc_trace	0xa8541c9b	extcon-mtk-usb.ko
kmalloc_trace	0xa8541c9b	extdev_io_class.ko
kmalloc_trace	0xa8541c9b	fhctl.ko
kmalloc_trace	0xa8541c9b	flashlight.ko
kmalloc_trace	0xa8541c9b	fmradio_drv_mt6631.ko
kmalloc_trace	0xa8541c9b	ft8057m_spi.ko
kmalloc_trace	0xa8541c9b	ft8057p_spi.ko
kmalloc_trace	0xa8541c9b	fusion.ko
kmalloc_trace	0xa8541c9b	ged.ko
kmalloc_trace	0xa8541c9b	gf_fingerprint.ko
kmalloc_trace	0xa8541c9b	gps_drv_stp.ko
kmalloc_trace	0xa8541c9b	gyro_common.ko
kmalloc_trace	0xa8541c9b	gyrohub.ko
kmalloc_trace	0xa8541c9b	gz_ipc_mod.ko
kmalloc_trace	0xa8541c9b	gz_irq_mod.ko
kmalloc_trace	0xa8541c9b	gz_log_mod.ko
kmalloc_trace	0xa8541c9b	gz_main_mod.ko
kmalloc_trace	0xa8541c9b	gz_tz_system.ko
kmalloc_trace	0xa8541c9b	gz_virtio_mod.ko
kmalloc_trace	0xa8541c9b	hwmon.ko
kmalloc_trace	0xa8541c9b	icnl9916_spi.ko
kmalloc_trace	0xa8541c9b	imgsensor_isp4_t.ko
kmalloc_trace	0xa8541c9b	iommu_debug.ko
kmalloc_trace	0xa8541c9b	irq-dbg.ko
kmalloc_trace	0xa8541c9b	isee.ko
kmalloc_trace	0xa8541c9b	lc_charger_sysfs.ko
kmalloc_trace	0xa8541c9b	lct_tp.ko
kmalloc_trace	0xa8541c9b	leds-mtk.ko
kmalloc_trace	0xa8541c9b	load_track.ko
kmalloc_trace	0xa8541c9b	mac80211.ko
kmalloc_trace	0xa8541c9b	mag_common.ko
kmalloc_trace	0xa8541c9b	maghub.ko
kmalloc_trace	0xa8541c9b	mali_kbase_mt6768_r49.ko
kmalloc_trace	0xa8541c9b	mali_mgm_mt6768_r49.ko
kmalloc_trace	0xa8541c9b	mcDrvModule.ko
kmalloc_trace	0xa8541c9b	mdp_drv_mt6768.ko
kmalloc_trace	0xa8541c9b	mediatek-drm.ko
kmalloc_trace	0xa8541c9b	mediatek_static_power.ko
kmalloc_trace	0xa8541c9b	met.ko
kmalloc_trace	0xa8541c9b	mi_memory.ko
kmalloc_trace	0xa8541c9b	miev.ko
kmalloc_trace	0xa8541c9b	mme.ko
kmalloc_trace	0xa8541c9b	mmprofile.ko
kmalloc_trace	0xa8541c9b	mmqos-common.ko
kmalloc_trace	0xa8541c9b	monitor_hang.ko
kmalloc_trace	0xa8541c9b	mrdump.ko
kmalloc_trace	0xa8541c9b	mt6358_battery.ko
kmalloc_trace	0xa8541c9b	mtk-cmdq-drv-ext.ko
kmalloc_trace	0xa8541c9b	mtk-composite.ko
kmalloc_trace	0xa8541c9b	mtk-cqdma.ko
kmalloc_trace	0xa8541c9b	mtk-icc-core.ko
kmalloc_trace	0xa8541c9b	mtk-mmdvfs-debug.ko
kmalloc_trace	0xa8541c9b	mtk-mmdvfs.ko
kmalloc_trace	0xa8541c9b	mtk-mml.ko
kmalloc_trace	0xa8541c9b	mtk-smi-bwc.ko
kmalloc_trace	0xa8541c9b	mtk-socinfo.ko
kmalloc_trace	0xa8541c9b	mtk-uart-apdma.ko
kmalloc_trace	0xa8541c9b	mtk-vcodec-common.ko
kmalloc_trace	0xa8541c9b	mtk-vcodec-dec-v1.ko
kmalloc_trace	0xa8541c9b	mtk-vcodec-enc-v1.ko
kmalloc_trace	0xa8541c9b	mtk-vcu.ko
kmalloc_trace	0xa8541c9b	mtk_battery_oc_throttling.ko
kmalloc_trace	0xa8541c9b	mtk_charger_algorithm_class.ko
kmalloc_trace	0xa8541c9b	mtk_cpu_power_throttling.ko
kmalloc_trace	0xa8541c9b	mtk_fpsgo.ko
kmalloc_trace	0xa8541c9b	mtk_gpu_hal.ko
kmalloc_trace	0xa8541c9b	mtk_gpufreq_mt6768.ko
kmalloc_trace	0xa8541c9b	mtk_heap_debug.ko
kmalloc_trace	0xa8541c9b	mtk_iommu.ko
kmalloc_trace	0xa8541c9b	mtk_jpeg.ko
kmalloc_trace	0xa8541c9b	mtk_pbm.ko
kmalloc_trace	0xa8541c9b	mtk_perf_common.ko
kmalloc_trace	0xa8541c9b	mtk_power_gs_v1.ko
kmalloc_trace	0xa8541c9b	mtk_ppm_v3.ko
kmalloc_trace	0xa8541c9b	mtk_rpmsg_mbox.ko
kmalloc_trace	0xa8541c9b	mtk_sec_heap.ko
kmalloc_trace	0xa8541c9b	mtk_spi.ko
kmalloc_trace	0xa8541c9b	mtk_sync.ko
kmalloc_trace	0xa8541c9b	mtk_u_ether.ko
kmalloc_trace	0xa8541c9b	mtk_usb_f_rndis.ko
kmalloc_trace	0xa8541c9b	musb_boost.ko
kmalloc_trace	0xa8541c9b	musb_hdrc.ko
kmalloc_trace	0xa8541c9b	nt36528_spi.ko
kmalloc_trace	0xa8541c9b	nxp_i2c.ko
kmalloc_trace	0xa8541c9b	perfhelper.ko
kmalloc_trace	0xa8541c9b	pmic_lbat_service.ko
kmalloc_trace	0xa8541c9b	powerhal_cpu_ctrl.ko
kmalloc_trace	0xa8541c9b	rpmb-mtk.ko
kmalloc_trace	0xa8541c9b	rpmb.ko
kmalloc_trace	0xa8541c9b	scheduler.ko
kmalloc_trace	0xa8541c9b	scp.ko
kmalloc_trace	0xa8541c9b	sensorHub.ko
kmalloc_trace	0xa8541c9b	sil_fingerprint.ko
kmalloc_trace	0xa8541c9b	situation.ko
kmalloc_trace	0xa8541c9b	situationhub.ko
kmalloc_trace	0xa8541c9b	snd-soc-fs15xx.ko
kmalloc_trace	0xa8541c9b	snd-soc-mtk-common.ko
kmalloc_trace	0xa8541c9b	spi-mt65xx.ko
kmalloc_trace	0xa8541c9b	step_counter.ko
kmalloc_trace	0xa8541c9b	system_heap.ko
kmalloc_trace	0xa8541c9b	tcpc_class.ko
kmalloc_trace	0xa8541c9b	thermal_monitor.ko
kmalloc_trace	0xa8541c9b	touch_boost.ko
kmalloc_trace	0xa8541c9b	trusted_mem.ko
kmalloc_trace	0xa8541c9b	ufs-mediatek-mod.ko
kmalloc_trace	0xa8541c9b	uload_ind.ko
kmalloc_trace	0xa8541c9b	usb_meta.ko
kmalloc_trace	0xa8541c9b	v4l2-flash-led-class.ko
kmalloc_trace	0xa8541c9b	wlan_drv_gen4m_6768.ko
kmalloc_trace	0xa8541c9b	wmt_drv.ko
kmalloc_trace	0xa8541c9b	xiaomi_touch.ko
kmalloc_trace	0xa8541c9b	xm_smart_chg.ko
kmalloc_trace	0xa8541c9b	zram.ko
kmalloc_trace	0xa8541c9b	zsmalloc.ko
kmem_cache_alloc	0x271a97d2	ged.ko
kmem_cache_alloc	0x271a97d2	mali_kbase_mt6768_r49.ko
kmem_cache_alloc	0x271a97d2	mtk_fpsgo.ko
kmem_cache_alloc	0x271a97d2	touch_boost.ko
kmem_cache_alloc	0x271a97d2	zsmalloc.ko
kmem_cache_create	0x7837f9ce	ged.ko
kmem_cache_create	0x7837f9ce	mali_kbase_mt6768_r49.ko
kmem_cache_create	0x7837f9ce	mtk_fpsgo.ko
kmem_cache_create	0x7837f9ce	touch_boost.ko
kmem_cache_create	0x7837f9ce	zsmalloc.ko
kmem_cache_destroy	0x9a59bee2	ged.ko
kmem_cache_destroy	0x9a59bee2	mali_kbase_mt6768_r49.ko
kmem_cache_destroy	0x9a59bee2	mtk_fpsgo.ko
kmem_cache_destroy	0x9a59bee2	touch_boost.ko
kmem_cache_destroy	0x9a59bee2	zsmalloc.ko
kmem_cache_free	0x497effac	ged.ko
kmem_cache_free	0x497effac	mali_kbase_mt6768_r49.ko
kmem_cache_free	0x497effac	mtk_fpsgo.ko
kmem_cache_free	0x497effac	touch_boost.ko
kmem_cache_free	0x497effac	zsmalloc.ko
kmemdup	0x66b4cc41	cfg80211.ko
kmemdup	0x66b4cc41	drm_display_helper.ko
kmemdup	0x66b4cc41	mac80211.ko
kobject_create_and_add	0x270c763e	aee_aed.ko
kobject_create_and_add	0x270c763e	connadp.ko
kobject_create_and_add	0x270c763e	ged.ko
kobject_create_and_add	0x270c763e	icnl9916_spi.ko
kobject_create_and_add	0x270c763e	lct_audio_info.ko
kobject_create_and_add	0x270c763e	mediatek-drm.ko
kobject_create_and_add	0x270c763e	met.ko
kobject_create_and_add	0x270c763e	mi_rmap_efficiency.ko
kobject_create_and_add	0x270c763e	mtk_cm_mgr.ko
kobject_create_and_add	0x270c763e	mtk_dcm.ko
kobject_create_and_add	0x270c763e	mtk_fpsgo.ko
kobject_create_and_add	0x270c763e	mtk_perf_common.ko
kobject_create_and_add	0x270c763e	perfhelper.ko
kobject_create_and_add	0x270c763e	scheduler.ko
kobject_del	0xa7d60d36	lct_audio_info.ko
kobject_del	0xa7d60d36	mediatek-drm.ko
kobject_del	0xa7d60d36	met.ko
kobject_get	0xbad4daf4	connadp.ko
kobject_get_path	0x0605f3a9	icnl9916_spi.ko
kobject_init_and_add	0x15fd77ac	ccci_md_all.ko
kobject_init_and_add	0x15fd77ac	ccci_util_lib.ko
kobject_init_and_add	0x15fd77ac	cpufreq_sugov_ext.ko
kobject_put	0x0e5ae00d	aee_aed.ko
kobject_put	0x0e5ae00d	ccci_md_all.ko
kobject_put	0x0e5ae00d	ccci_util_lib.ko
kobject_put	0x0e5ae00d	connadp.ko
kobject_put	0x0e5ae00d	cpufreq_sugov_ext.ko
kobject_put	0x0e5ae00d	ged.ko
kobject_put	0x0e5ae00d	icnl9916_spi.ko
kobject_put	0x0e5ae00d	met.ko
kobject_put	0x0e5ae00d	mi_rmap_efficiency.ko
kobject_put	0x0e5ae00d	mtk_cm_mgr.ko
kobject_put	0x0e5ae00d	mtk_fpsgo.ko
kobject_put	0x0e5ae00d	mtk_perf_common.ko
kobject_put	0x0e5ae00d	perfhelper.ko
kobject_put	0x0e5ae00d	scheduler.ko
kobject_set_name	0xb75e77e4	mediatek-drm.ko
kobject_uevent	0xbfbb5a92	accel_common.ko
kobject_uevent	0xbfbb5a92	alsps_common.ko
kobject_uevent	0xbfbb5a92	baro_common.ko
kobject_uevent	0xbfbb5a92	connadp.ko
kobject_uevent	0xbfbb5a92	fusion.ko
kobject_uevent	0xbfbb5a92	gyro_common.ko
kobject_uevent	0xbfbb5a92	mag_common.ko
kobject_uevent	0xbfbb5a92	mtk_perf_common.ko
kobject_uevent	0xbfbb5a92	scheduler.ko
kobject_uevent	0xbfbb5a92	situation.ko
kobject_uevent	0xbfbb5a92	step_counter.ko
kobject_uevent	0xbfbb5a92	uload_ind.ko
kobject_uevent	0xbfbb5a92	wlan_drv_gen4m_6768.ko
kobject_uevent_env	0x9a007312	cfg80211.ko
kobject_uevent_env	0x9a007312	connadp.ko
kobject_uevent_env	0x9a007312	lc_charger_sysfs.ko
kobject_uevent_env	0x9a007312	mediatek-drm.ko
kobject_uevent_env	0x9a007312	mt6358_battery.ko
kobject_uevent_env	0x9a007312	mtk_charger_framework.ko
kobject_uevent_env	0x9a007312	uload_ind.ko
kobject_uevent_env	0x9a007312	usb_meta.ko
kobject_uevent_env	0x9a007312	wlan_drv_gen4m_6768.ko
krealloc	0xc8dcc62a	camera_dpe_isp40.ko
krealloc	0xc8dcc62a	camera_fdvt_isp40.ko
krealloc	0xc8dcc62a	camera_isp_4_t.ko
krealloc	0xc8dcc62a	gz_main_mod.ko
krealloc	0xc8dcc62a	leds-mtk.ko
krealloc	0xc8dcc62a	mcDrvModule.ko
krealloc	0xc8dcc62a	mtk-icc-core.ko
kstrdup	0x2d39b0a7	icnl9916_spi.ko
kstrdup	0x2d39b0a7	mali_kbase_mt6768_r49.ko
kstrdup	0x2d39b0a7	mediatek-drm.ko
kstrdup	0x2d39b0a7	zram.ko
kstrdup	0x2d39b0a7	zsmalloc.ko
kstrdup_const	0x365e7911	mtk-icc-core.ko
kstrdup_const	0x365e7911	reboot-mode.ko
kstrdup_quotable_cmdline	0x05348006	ged.ko
kstrndup	0x9eacf8a5	mali_kbase_mt6768_r49.ko
kstrndup	0x9eacf8a5	mtk_sec_heap.ko
kstrndup	0x9eacf8a5	perfhelper.ko
kstrndup	0x9eacf8a5	snd-soc-mt6358.ko
kstrndup	0x9eacf8a5	snd-soc-mtk-common.ko
kstrndup	0x9eacf8a5	system_heap.ko
kstrndup	0x9eacf8a5	zram.ko
kstrtobool	0x124bad4d	icnl9916_spi.ko
kstrtobool	0x124bad4d	lc_charger_sysfs.ko
kstrtobool	0x124bad4d	mi_rmap_efficiency.ko
kstrtobool	0x124bad4d	musb_hdrc.ko
kstrtobool_from_user	0x47df155f	mali_kbase_mt6768_r49.ko
kstrtoint	0x8c8569cb	CPU_DVFS.ko
kstrtoint	0x8c8569cb	MTK_INTERNAL_SPM.ko
kstrtoint	0x8c8569cb	accel_common.ko
kstrtoint	0x8c8569cb	accelhub.ko
kstrtoint	0x8c8569cb	alsps_common.ko
kstrtoint	0x8c8569cb	baro_common.ko
kstrtoint	0x8c8569cb	barohub.ko
kstrtoint	0x8c8569cb	extcon-mtk-usb.ko
kstrtoint	0x8c8569cb	flashlight.ko
kstrtoint	0x8c8569cb	fusion.ko
kstrtoint	0x8c8569cb	ged.ko
kstrtoint	0x8c8569cb	gyro_common.ko
kstrtoint	0x8c8569cb	gyrohub.ko
kstrtoint	0x8c8569cb	hwmon.ko
kstrtoint	0x8c8569cb	icnl9916_spi.ko
kstrtoint	0x8c8569cb	lc_charger_sysfs.ko
kstrtoint	0x8c8569cb	mag_common.ko
kstrtoint	0x8c8569cb	maghub.ko
kstrtoint	0x8c8569cb	mali_kbase_mt6768_r49.ko
kstrtoint	0x8c8569cb	mdp_drv_mt6768.ko
kstrtoint	0x8c8569cb	mediatek-drm.ko
kstrtoint	0x8c8569cb	mediatek_eem.ko
kstrtoint	0x8c8569cb	met.ko
kstrtoint	0x8c8569cb	mmqos-common.ko
kstrtoint	0x8c8569cb	mt6358-accdet.ko
kstrtoint	0x8c8569cb	mt6358_battery.ko
kstrtoint	0x8c8569cb	mt6370-charger.ko
kstrtoint	0x8c8569cb	mtk-dvfsrc-helper.ko
kstrtoint	0x8c8569cb	mtk-mmdvfs.ko
kstrtoint	0x8c8569cb	mtk-mml.ko
kstrtoint	0x8c8569cb	mtk-smi-dbg.ko
kstrtoint	0x8c8569cb	mtk_charger_framework.ko
kstrtoint	0x8c8569cb	mtk_fpsgo.ko
kstrtoint	0x8c8569cb	mtk_gpu_qos.ko
kstrtoint	0x8c8569cb	mtk_mdpm_v1.ko
kstrtoint	0x8c8569cb	mtk_pbm.ko
kstrtoint	0x8c8569cb	mtk_peak_power_budget.ko
kstrtoint	0x8c8569cb	mtk_ppm_v3.ko
kstrtoint	0x8c8569cb	mtk_qos_legacy.ko
kstrtoint	0x8c8569cb	musb_hdrc.ko
kstrtoint	0x8c8569cb	perfhelper.ko
kstrtoint	0x8c8569cb	powerhal_cpu_ctrl.ko
kstrtoint	0x8c8569cb	scp.ko
kstrtoint	0x8c8569cb	situation.ko
kstrtoint	0x8c8569cb	step_counter.ko
kstrtoint	0x8c8569cb	thermal_monitor.ko
kstrtoint	0x8c8569cb	touch_boost.ko
kstrtoint	0x8c8569cb	usb_meta.ko
kstrtoint	0x8c8569cb	wlan_drv_gen4m_6768.ko
kstrtoint	0x8c8569cb	xm_smart_chg.ko
kstrtoint	0x8c8569cb	zram.ko
kstrtoint_from_user	0x7e704a24	uload_ind.ko
kstrtol_from_user	0xf24361b2	mcDrvModule.ko
kstrtoll	0x3854774b	bt_drv_connac1x.ko
kstrtoll	0x3854774b	btif_drv.ko
kstrtoll	0x3854774b	c2k_usb.ko
kstrtoll	0x3854774b	conn_md_drv.ko
kstrtoll	0x3854774b	device-apc-common-legacy.ko
kstrtoll	0x3854774b	ged.ko
kstrtoll	0x3854774b	mtk-vcodec-common.ko
kstrtoll	0x3854774b	mtk_charger_framework.ko
kstrtoll	0x3854774b	musb_boost.ko
kstrtoll	0x3854774b	musb_hdrc.ko
kstrtoll	0x3854774b	perfhelper.ko
kstrtoll	0x3854774b	teeperf.ko
kstrtoll	0x3854774b	wlan_drv_gen4m_6768.ko
kstrtoll	0x3854774b	wmt_drv.ko
kstrtoll	0x3854774b	zram.ko
kstrtou16	0x4af6ddf0	icnl9916_spi.ko
kstrtou16	0x4af6ddf0	wlan_drv_gen4m_6768.ko
kstrtou16	0x4af6ddf0	zram.ko
kstrtou8	0x6a6e05bf	extdev_io_class.ko
kstrtou8	0x6a6e05bf	icnl9916_spi.ko
kstrtou8	0x6a6e05bf	mediatek-drm.ko
kstrtou8	0x6a6e05bf	mtk_usb_f_rndis.ko
kstrtou8	0x6a6e05bf	tcpc_class.ko
kstrtou8	0x6a6e05bf	wlan_drv_gen4m_6768.ko
kstrtouint	0x3b6c41ea	CPU_DVFS.ko
kstrtouint	0x3b6c41ea	aee_aed.ko
kstrtouint	0x3b6c41ea	clk-common.ko
kstrtouint	0x3b6c41ea	cpufreq_sugov_ext.ko
kstrtouint	0x3b6c41ea	flashlight.ko
kstrtouint	0x3b6c41ea	fmradio_drv_mt6631.ko
kstrtouint	0x3b6c41ea	gc_gc6133c_ii.ko
kstrtouint	0x3b6c41ea	ged.ko
kstrtouint	0x3b6c41ea	icnl9916_spi.ko
kstrtouint	0x3b6c41ea	imgsensor_isp4_t.ko
kstrtouint	0x3b6c41ea	mali_kbase_mt6768_r49.ko
kstrtouint	0x3b6c41ea	mediatek-drm.ko
kstrtouint	0x3b6c41ea	met.ko
kstrtouint	0x3b6c41ea	mi_rmap_efficiency.ko
kstrtouint	0x3b6c41ea	mmqos-common.ko
kstrtouint	0x3b6c41ea	mt6358_battery.ko
kstrtouint	0x3b6c41ea	mt63xx-debug.ko
kstrtouint	0x3b6c41ea	mtk-cmdq-drv-ext.ko
kstrtouint	0x3b6c41ea	mtk-dvfsrc-helper.ko
kstrtouint	0x3b6c41ea	mtk_charger_framework.ko
kstrtouint	0x3b6c41ea	mtk_perf_common.ko
kstrtouint	0x3b6c41ea	mtk_ppm_v3.ko
kstrtouint	0x3b6c41ea	musb_hdrc.ko
kstrtouint	0x3b6c41ea	phy-mtk-tphy.ko
kstrtouint	0x3b6c41ea	pinctrl-mtk-v2.ko
kstrtouint	0x3b6c41ea	pmic_lbat_service.ko
kstrtouint	0x3b6c41ea	sc_sc080cs_i.ko
kstrtouint	0x3b6c41ea	scp.ko
kstrtouint	0x3b6c41ea	snd-soc-mt6358.ko
kstrtouint	0x3b6c41ea	sp_sp0821_iii.ko
kstrtouint	0x3b6c41ea	sspm_v1.ko
kstrtouint	0x3b6c41ea	thermal_monitor.ko
kstrtouint	0x3b6c41ea	ufs-mediatek-mod.ko
kstrtouint	0x3b6c41ea	wlan_drv_gen4m_6768.ko
kstrtouint	0x3b6c41ea	wmt_drv.ko
kstrtouint	0x3b6c41ea	zram.ko
kstrtouint_from_user	0x19b76060	blocktag.ko
kstrtouint_from_user	0x19b76060	mali_kbase_mt6768_r49.ko
kstrtouint_from_user	0x19b76060	mcDrvModule.ko
kstrtouint_from_user	0x19b76060	mediatek-drm.ko
kstrtoul_from_user	0xf381d68f	atf_logger.ko
kstrtoull	0x5c3c7387	aee_aed.ko
kstrtoull	0x5c3c7387	clk-common.ko
kstrtoull	0x5c3c7387	emiisu.ko
kstrtoull	0x5c3c7387	emimpu.ko
kstrtoull	0x5c3c7387	extdev_io_class.ko
kstrtoull	0x5c3c7387	flashlight.ko
kstrtoull	0x5c3c7387	isee.ko
kstrtoull	0x5c3c7387	leds-mtk.ko
kstrtoull	0x5c3c7387	log_store.ko
kstrtoull	0x5c3c7387	mali_kbase_mt6768_r49.ko
kstrtoull	0x5c3c7387	mcdi.ko
kstrtoull	0x5c3c7387	mediatek-drm.ko
kstrtoull	0x5c3c7387	mme.ko
kstrtoull	0x5c3c7387	mmprofile.ko
kstrtoull	0x5c3c7387	mt6358_battery.ko
kstrtoull	0x5c3c7387	mtk-mmc-dbg.ko
kstrtoull	0x5c3c7387	mtk_charger_framework.ko
kstrtoull	0x5c3c7387	mtk_perf_ioctl.ko
kstrtoull	0x5c3c7387	mtk_printk_ctrl.ko
kstrtoull	0x5c3c7387	musb_boost.ko
kstrtoull	0x5c3c7387	perfhelper.ko
kstrtoull	0x5c3c7387	snd-soc-mtk-common.ko
kstrtoull	0x5c3c7387	tcpc_class.ko
kstrtoull	0x5c3c7387	ufs-mediatek-dbg.ko
kstrtoull	0x5c3c7387	ufs-mediatek-mod.ko
kstrtoull	0x5c3c7387	wlan_drv_gen4m_6768.ko
kstrtoull	0x5c3c7387	zram.ko
kstrtoull_from_user	0xf159aa44	mediatek-drm.ko
kthread_bind	0xe1c70394	aee_aed.ko
kthread_bind	0xe1c70394	aee_hangdet.ko
kthread_bind	0xe1c70394	gz_trusty_mod.ko
kthread_bind	0xe1c70394	mcdi.ko
kthread_bind_mask	0xe25c2556	cpufreq_sugov_ext.ko
kthread_bind_mask	0xe25c2556	mediatek-drm.ko
kthread_cancel_work_sync	0x32ccd001	cpufreq_sugov_ext.ko
kthread_create_on_node	0x8b146f69	CPU_DVFS.ko
kthread_create_on_node	0x8b146f69	aee_aed.ko
kthread_create_on_node	0x8b146f69	aee_hangdet.ko
kthread_create_on_node	0x8b146f69	btif_drv.ko
kthread_create_on_node	0x8b146f69	ccci_cldma.ko
kthread_create_on_node	0x8b146f69	ccci_md_all.ko
kthread_create_on_node	0x8b146f69	ccu_isp4.ko
kthread_create_on_node	0x8b146f69	cmdq-bdg-test.ko
kthread_create_on_node	0x8b146f69	cmdq-sec-drv.ko
kthread_create_on_node	0x8b146f69	conn_md_drv.ko
kthread_create_on_node	0x8b146f69	cpufreq_sugov_ext.ko
kthread_create_on_node	0x8b146f69	fmradio_drv_mt6631.ko
kthread_create_on_node	0x8b146f69	ged.ko
kthread_create_on_node	0x8b146f69	gz_main_mod.ko
kthread_create_on_node	0x8b146f69	gz_trusty_mod.ko
kthread_create_on_node	0x8b146f69	gz_virtio_mod.ko
kthread_create_on_node	0x8b146f69	isee.ko
kthread_create_on_node	0x8b146f69	mali_kbase_mt6768_r49.ko
kthread_create_on_node	0x8b146f69	mcDrvModule.ko
kthread_create_on_node	0x8b146f69	mcdi.ko
kthread_create_on_node	0x8b146f69	mediatek-drm.ko
kthread_create_on_node	0x8b146f69	mediatek_eem.ko
kthread_create_on_node	0x8b146f69	met.ko
kthread_create_on_node	0x8b146f69	mmqos-common.ko
kthread_create_on_node	0x8b146f69	monitor_hang.ko
kthread_create_on_node	0x8b146f69	mt6358-accdet.ko
kthread_create_on_node	0x8b146f69	mt6358_battery.ko
kthread_create_on_node	0x8b146f69	mtk-cmdq-drv-ext.ko
kthread_create_on_node	0x8b146f69	mtk-mmdvfs-debug.ko
kthread_create_on_node	0x8b146f69	mtk-mml.ko
kthread_create_on_node	0x8b146f69	mtk-smi.ko
kthread_create_on_node	0x8b146f69	mtk_battery_manager.ko
kthread_create_on_node	0x8b146f69	mtk_bp_thl.ko
kthread_create_on_node	0x8b146f69	mtk_charger_framework.ko
kthread_create_on_node	0x8b146f69	mtk_chg_type_det.ko
kthread_create_on_node	0x8b146f69	mtk_cpuhp.ko
kthread_create_on_node	0x8b146f69	mtk_dynamic_loading_throttling.ko
kthread_create_on_node	0x8b146f69	mtk_fpsgo.ko
kthread_create_on_node	0x8b146f69	mtk_low_battery_throttling.ko
kthread_create_on_node	0x8b146f69	mtk_qos_legacy.ko
kthread_create_on_node	0x8b146f69	perfhelper.ko
kthread_create_on_node	0x8b146f69	rpmb-mtk.ko
kthread_create_on_node	0x8b146f69	scheduler.ko
kthread_create_on_node	0x8b146f69	sensorHub.ko
kthread_create_on_node	0x8b146f69	snd-soc-mt6358.ko
kthread_create_on_node	0x8b146f69	system_heap.ko
kthread_create_on_node	0x8b146f69	t-base-tui.ko
kthread_create_on_node	0x8b146f69	tcpc_class.ko
kthread_create_on_node	0x8b146f69	thermal_monitor.ko
kthread_create_on_node	0x8b146f69	touch_boost.ko
kthread_create_on_node	0x8b146f69	wlan_drv_gen4m_6768.ko
kthread_create_on_node	0x8b146f69	wmt_drv.ko
kthread_create_on_node	0x8b146f69	xm_smart_chg.ko
kthread_create_worker	0x9f293f39	mediatek-drm.ko
kthread_create_worker	0x9f293f39	mtk-mml.ko
kthread_destroy_worker	0x6a37e517	mtk-mml.ko
kthread_flush_work	0xe3b08dc1	mtk-mml.ko
kthread_flush_worker	0xde48ab31	cpufreq_sugov_ext.ko
kthread_flush_worker	0xde48ab31	gz_trusty_mod.ko
kthread_flush_worker	0xde48ab31	mediatek-drm.ko
kthread_flush_worker	0xde48ab31	mtk-mml.ko
kthread_queue_work	0x7fd30187	cpufreq_sugov_ext.ko
kthread_queue_work	0x7fd30187	gz_trusty_mod.ko
kthread_queue_work	0x7fd30187	mcDrvModule.ko
kthread_queue_work	0x7fd30187	mediatek-drm.ko
kthread_queue_work	0x7fd30187	mtk-mml.ko
kthread_should_stop	0xb3f7646e	CPU_DVFS.ko
kthread_should_stop	0xb3f7646e	aee_hangdet.ko
kthread_should_stop	0xb3f7646e	btif_drv.ko
kthread_should_stop	0xb3f7646e	ccci_cldma.ko
kthread_should_stop	0xb3f7646e	ccci_md_all.ko
kthread_should_stop	0xb3f7646e	ccu_isp4.ko
kthread_should_stop	0xb3f7646e	conn_md_drv.ko
kthread_should_stop	0xb3f7646e	ged.ko
kthread_should_stop	0xb3f7646e	gz_trusty_mod.ko
kthread_should_stop	0xb3f7646e	gz_virtio_mod.ko
kthread_should_stop	0xb3f7646e	isee.ko
kthread_should_stop	0xb3f7646e	mali_kbase_mt6768_r49.ko
kthread_should_stop	0xb3f7646e	mediatek-drm.ko
kthread_should_stop	0xb3f7646e	mediatek_eem.ko
kthread_should_stop	0xb3f7646e	met.ko
kthread_should_stop	0xb3f7646e	mtk-cmdq-drv-ext.ko
kthread_should_stop	0xb3f7646e	mtk-mmdvfs-debug.ko
kthread_should_stop	0xb3f7646e	mtk-mml.ko
kthread_should_stop	0xb3f7646e	mtk_bp_thl.ko
kthread_should_stop	0xb3f7646e	mtk_chg_type_det.ko
kthread_should_stop	0xb3f7646e	mtk_cpuhp.ko
kthread_should_stop	0xb3f7646e	mtk_dynamic_loading_throttling.ko
kthread_should_stop	0xb3f7646e	mtk_fpsgo.ko
kthread_should_stop	0xb3f7646e	mtk_low_battery_throttling.ko
kthread_should_stop	0xb3f7646e	mtk_qos_legacy.ko
kthread_should_stop	0xb3f7646e	perfhelper.ko
kthread_should_stop	0xb3f7646e	scheduler.ko
kthread_should_stop	0xb3f7646e	sensorHub.ko
kthread_should_stop	0xb3f7646e	system_heap.ko
kthread_should_stop	0xb3f7646e	tcpc_class.ko
kthread_should_stop	0xb3f7646e	thermal_monitor.ko
kthread_should_stop	0xb3f7646e	touch_boost.ko
kthread_should_stop	0xb3f7646e	wmt_drv.ko
kthread_should_stop	0xb3f7646e	xm_smart_chg.ko
kthread_stop	0xd2ef8b35	aee_hangdet.ko
kthread_stop	0xd2ef8b35	btif_drv.ko
kthread_stop	0xd2ef8b35	ccu_isp4.ko
kthread_stop	0xd2ef8b35	conn_md_drv.ko
kthread_stop	0xd2ef8b35	cpufreq_sugov_ext.ko
kthread_stop	0xd2ef8b35	ged.ko
kthread_stop	0xd2ef8b35	gz_trusty_mod.ko
kthread_stop	0xd2ef8b35	gz_virtio_mod.ko
kthread_stop	0xd2ef8b35	isee.ko
kthread_stop	0xd2ef8b35	mali_kbase_mt6768_r49.ko
kthread_stop	0xd2ef8b35	mcDrvModule.ko
kthread_stop	0xd2ef8b35	mediatek-drm.ko
kthread_stop	0xd2ef8b35	met.ko
kthread_stop	0xd2ef8b35	mmqos-common.ko
kthread_stop	0xd2ef8b35	mtk-mmdvfs-debug.ko
kthread_stop	0xd2ef8b35	mtk-mml.ko
kthread_stop	0xd2ef8b35	mtk_chg_type_det.ko
kthread_stop	0xd2ef8b35	mtk_fpsgo.ko
kthread_stop	0xd2ef8b35	mtk_low_battery_throttling.ko
kthread_stop	0xd2ef8b35	perfhelper.ko
kthread_stop	0xd2ef8b35	sensorHub.ko
kthread_stop	0xd2ef8b35	tcpc_class.ko
kthread_stop	0xd2ef8b35	thermal_monitor.ko
kthread_stop	0xd2ef8b35	wmt_drv.ko
kthread_stop	0xd2ef8b35	xm_smart_chg.ko
kthread_worker_fn	0x955b0e2e	cpufreq_sugov_ext.ko
kthread_worker_fn	0x955b0e2e	gz_trusty_mod.ko
kthread_worker_fn	0x955b0e2e	mcDrvModule.ko
kthread_worker_fn	0x955b0e2e	mediatek-drm.ko
ktime_get	0xb43f9365	CPU_DVFS.ko
ktime_get	0xb43f9365	accel_common.ko
ktime_get	0xb43f9365	aee_hangdet.ko
ktime_get	0xb43f9365	archcounter_timesync.ko
ktime_get	0xb43f9365	baro_common.ko
ktime_get	0xb43f9365	binder_gki.ko
ktime_get	0xb43f9365	btif_drv.ko
ktime_get	0xb43f9365	camera_isp_4_t.ko
ktime_get	0xb43f9365	camera_mem.ko
ktime_get	0xb43f9365	cqhci.ko
ktime_get	0xb43f9365	drm_display_helper.ko
ktime_get	0xb43f9365	gps_drv_stp.ko
ktime_get	0xb43f9365	gyro_common.ko
ktime_get	0xb43f9365	gz_main_mod.ko
ktime_get	0xb43f9365	i2c-mt65xx.ko
ktime_get	0xb43f9365	icnl9916_spi.ko
ktime_get	0xb43f9365	load_track.ko
ktime_get	0xb43f9365	mac80211.ko
ktime_get	0xb43f9365	mag_common.ko
ktime_get	0xb43f9365	mali_kbase_mt6768_r49.ko
ktime_get	0xb43f9365	mali_mgm_mt6768_r49.ko
ktime_get	0xb43f9365	mediatek-drm.ko
ktime_get	0xb43f9365	met.ko
ktime_get	0xb43f9365	millet_core.ko
ktime_get	0xb43f9365	mt635x-auxadc.ko
ktime_get	0xb43f9365	mt6370-adc.ko
ktime_get	0xb43f9365	mt6577_auxadc.ko
ktime_get	0xb43f9365	mtk-dvfsrc.ko
ktime_get	0xb43f9365	mtk-mmc.ko
ktime_get	0xb43f9365	mtk-mmdvfs.ko
ktime_get	0xb43f9365	mtk-scpsys.ko
ktime_get	0xb43f9365	mtk-smi.ko
ktime_get	0xb43f9365	mtk-uart-apdma.ko
ktime_get	0xb43f9365	mtk_charger_framework.ko
ktime_get	0xb43f9365	mtk_cm_mgr_mt6768.ko
ktime_get	0xb43f9365	mtk_fpsgo.ko
ktime_get	0xb43f9365	mtk_peak_power_budget.ko
ktime_get	0xb43f9365	mtk_perf_common.ko
ktime_get	0xb43f9365	mtk_ppm_v3.ko
ktime_get	0xb43f9365	mtk_u_ether.ko
ktime_get	0xb43f9365	musb_hdrc.ko
ktime_get	0xb43f9365	nt36528_spi.ko
ktime_get	0xb43f9365	nvmem-mt635x-efuse.ko
ktime_get	0xb43f9365	phy-mtk-tphy.ko
ktime_get	0xb43f9365	rtc-mt6397.ko
ktime_get	0xb43f9365	snd-soc-mt6768-afe.ko
ktime_get	0xb43f9365	thermal_monitor.ko
ktime_get	0xb43f9365	ufs-mediatek-dbg.ko
ktime_get	0xb43f9365	ufs-mediatek-mod.ko
ktime_get	0xb43f9365	upm6920_charger.ko
ktime_get	0xb43f9365	xm_smart_chg.ko
ktime_get_coarse_with_offset	0xbcc15e75	cfg80211.ko
ktime_get_mono_fast_ns	0x6ebe366f	mali_kbase_mt6768_r49.ko
ktime_get_mono_fast_ns	0x6ebe366f	ufs-mediatek-mod.ko
ktime_get_raw	0x9714e0bb	mali_kbase_mt6768_r49.ko
ktime_get_raw	0x9714e0bb	scheduler.ko
ktime_get_raw_ts64	0x1edb69d6	mali_kbase_mt6768_r49.ko
ktime_get_raw_ts64	0x1edb69d6	mcDrvModule.ko
ktime_get_real_seconds	0x953e1b9e	mediatek-drm.ko
ktime_get_real_seconds	0x953e1b9e	miev.ko
ktime_get_real_ts64	0x9ec6ca96	MTK_INTERNAL_SPM.ko
ktime_get_real_ts64	0x9ec6ca96	aee_aed.ko
ktime_get_real_ts64	0x9ec6ca96	aee_hangdet.ko
ktime_get_real_ts64	0x9ec6ca96	btif_drv.ko
ktime_get_real_ts64	0x9ec6ca96	ccci_md_all.ko
ktime_get_real_ts64	0x9ec6ca96	ccci_util_lib.ko
ktime_get_real_ts64	0x9ec6ca96	conn_md_drv.ko
ktime_get_real_ts64	0x9ec6ca96	ged.ko
ktime_get_real_ts64	0x9ec6ca96	imgsensor_isp4_t.ko
ktime_get_real_ts64	0x9ec6ca96	isee.ko
ktime_get_real_ts64	0x9ec6ca96	mali_kbase_mt6768_r49.ko
ktime_get_real_ts64	0x9ec6ca96	mcDrvModule.ko
ktime_get_real_ts64	0x9ec6ca96	mdp_drv_mt6768.ko
ktime_get_real_ts64	0x9ec6ca96	mediatek-drm.ko
ktime_get_real_ts64	0x9ec6ca96	mediatek_eem.ko
ktime_get_real_ts64	0x9ec6ca96	mme.ko
ktime_get_real_ts64	0x9ec6ca96	mt6768-mt6358.ko
ktime_get_real_ts64	0x9ec6ca96	mtk-mml.ko
ktime_get_real_ts64	0x9ec6ca96	mtk-vcodec-dec-v1.ko
ktime_get_real_ts64	0x9ec6ca96	mtk-vcodec-enc-v1.ko
ktime_get_real_ts64	0x9ec6ca96	mtk_charger_framework.ko
ktime_get_real_ts64	0x9ec6ca96	perfhelper.ko
ktime_get_real_ts64	0x9ec6ca96	snd-soc-fs15xx.ko
ktime_get_real_ts64	0x9ec6ca96	thermal_monitor.ko
ktime_get_real_ts64	0x9ec6ca96	ufs-mediatek-mod.ko
ktime_get_real_ts64	0x9ec6ca96	wlan_drv_gen4m_6768.ko
ktime_get_real_ts64	0x9ec6ca96	wmt_drv.ko
ktime_get_seconds	0xa9320d27	mac80211.ko
ktime_get_seconds	0xa9320d27	mtk_charger_framework.ko
ktime_get_ts64	0x5e515be6	camera_isp_4_t.ko
ktime_get_ts64	0x5e515be6	ccci_md_all.ko
ktime_get_ts64	0x5e515be6	ccci_util_lib.ko
ktime_get_ts64	0x5e515be6	mediatek-drm.ko
ktime_get_ts64	0x5e515be6	millet_core.ko
ktime_get_ts64	0x5e515be6	mtk-btcvsd.ko
ktime_get_ts64	0x5e515be6	mtk-mml.ko
ktime_get_ts64	0x5e515be6	musb_boost.ko
ktime_get_ts64	0x5e515be6	musb_hdrc.ko
ktime_get_ts64	0x5e515be6	thermal_monitor.ko
ktime_get_with_offset	0xc4f0da12	accel_common.ko
ktime_get_with_offset	0xc4f0da12	alsps_common.ko
ktime_get_with_offset	0xc4f0da12	archcounter_timesync.ko
ktime_get_with_offset	0xc4f0da12	baro_common.ko
ktime_get_with_offset	0xc4f0da12	ft8057m_spi.ko
ktime_get_with_offset	0xc4f0da12	gps_drv_stp.ko
ktime_get_with_offset	0xc4f0da12	gyro_common.ko
ktime_get_with_offset	0xc4f0da12	isee.ko
ktime_get_with_offset	0xc4f0da12	mac80211.ko
ktime_get_with_offset	0xc4f0da12	mag_common.ko
ktime_get_with_offset	0xc4f0da12	mcdi.ko
ktime_get_with_offset	0xc4f0da12	mediatek-drm.ko
ktime_get_with_offset	0xc4f0da12	mt6358_battery.ko
ktime_get_with_offset	0xc4f0da12	mtk-mml.ko
ktime_get_with_offset	0xc4f0da12	mtk-vcodec-dec-v1.ko
ktime_get_with_offset	0xc4f0da12	mtk-vcodec-enc-v1.ko
ktime_get_with_offset	0xc4f0da12	mtk_battery_manager.ko
ktime_get_with_offset	0xc4f0da12	mtk_charger_framework.ko
ktime_get_with_offset	0xc4f0da12	mtk_pep20.ko
ktime_get_with_offset	0xc4f0da12	scheduler.ko
ktime_get_with_offset	0xc4f0da12	sensorHub.ko
ktime_get_with_offset	0xc4f0da12	step_counter.ko
ktime_get_with_offset	0xc4f0da12	wlan_drv_gen4m_6768.ko
ktime_get_with_offset	0xc4f0da12	zram.ko
kvfree	0x7aa1756e	connadp.ko
kvfree	0x7aa1756e	gz_main_mod.ko
kvfree	0x7aa1756e	mac80211.ko
kvfree	0x7aa1756e	mt6358_battery.ko
kvfree	0x7aa1756e	mtk-vcu.ko
kvfree	0x7aa1756e	mtk_battery_manager.ko
kvfree	0x7aa1756e	mtk_fpsgo.ko
kvfree	0x7aa1756e	powerhal_cpu_ctrl.ko
kvfree	0x7aa1756e	touch_boost.ko
kvfree	0x7aa1756e	wlan_drv_gen4m_6768.ko
kvfree	0x7aa1756e	wmt_drv.ko
kvfree	0x7aa1756e	zram.ko
kvfree_call_rcu	0x44c10a52	cfg80211.ko
kvfree_call_rcu	0x44c10a52	mac80211.ko
kvfree_call_rcu	0x44c10a52	mali_kbase_mt6768_r49.ko
kvfree_call_rcu	0x44c10a52	mtk-vcodec-common.ko
kvfree_call_rcu	0x44c10a52	rps_perf.ko
kvfree_call_rcu	0x44c10a52	wlan_drv_gen4m_6768.ko
kvmalloc_node	0x599fb41c	gz_main_mod.ko
kvmalloc_node	0x599fb41c	mac80211.ko
kvmalloc_node	0x599fb41c	mtk-vcu.ko
kvmalloc_node	0x599fb41c	zram.ko
la_data_report	0xc600851e	linearacchub.ko
la_flush_report	0xb95aace7	linearacchub.ko
lbat_set_hpt_mode	0x1e4766cf	mtk_peak_power_budget.ko
lbat_set_ppb_mode	0x2e6a3d66	mtk_peak_power_budget.ko
lbat_user_modify_thd_ext_locked	0x31fd0509	mtk_low_battery_throttling.ko
lbat_user_register	0x2dd86642	mt6358_battery.ko
lbat_user_register	0x2dd86642	wlan_drv_gen4m_6768.ko
lbat_user_register_ext	0x3225e8d9	mtk_low_battery_throttling.ko
lbat_user_register_ext	0x3225e8d9	mtk_md_power_throttling.ko
lbat_user_set_debounce	0x79d1ae52	mt6358_battery.ko
lcd_bias_write_bytes	0x1e49c7ea	dsi_panel_c3n_35_02_0h_dsc_vdo.ko
lcd_bias_write_bytes	0x1e49c7ea	dsi_panel_c3n_35_0f_0e_dsc_vdo.ko
lcd_bias_write_bytes	0x1e49c7ea	dsi_panel_c3n_35_0f_0l_dsc_vdo.ko
lcd_bias_write_bytes	0x1e49c7ea	dsi_panel_c3n_37_02_0d_dsc_vdo.ko
lcd_bias_write_bytes	0x1e49c7ea	dsi_panel_c3n_43_02_0a_dsc_vdo.ko
lcd_bias_write_bytes	0x1e49c7ea	dsi_panel_c3n_43_02_0k_dsc_vdo.ko
lcd_bias_write_bytes	0x1e49c7ea	dsi_panel_c3n_43_02_0n_dsc_vdo.ko
lcd_bias_write_bytes	0x1e49c7ea	dsi_panel_c3n_44_03_0b_dsc_vdo.ko
lcd_bias_write_bytes	0x1e49c7ea	dsi_panel_c3n_44_03_0j_dsc_vdo.ko
lcd_bias_write_bytes	0x1e49c7ea	dsi_panel_c3n_46_03_0c_dsc_vdo.ko
lcd_bias_write_bytes	0x1e49c7ea	dsi_panel_c3n_46_03_0f_dsc_vdo.ko
lcd_bias_write_bytes	0x1e49c7ea	dsi_panel_c3n_46_03_0g_dsc_vdo.ko
lcd_gesture_flag	0x724ea9d0	dsi_panel_c3n_44_03_0j_dsc_vdo.ko
lcd_gesture_flag	0x724ea9d0	dsi_panel_c3n_46_03_0c_dsc_vdo.ko
lcd_gesture_flag	0x724ea9d0	dsi_panel_c3n_46_03_0f_dsc_vdo.ko
lcd_gesture_flag	0x724ea9d0	dsi_panel_c3n_46_03_0g_dsc_vdo.ko
lcd_gesture_flag	0x724ea9d0	ft8057m_spi.ko
lcd_gesture_flag	0x724ea9d0	ft8057p_spi.ko
lcd_nvt_ts_esd_resume	0xd8b61286	nt36528_spi.ko
lcd_nvt_ts_esd_suspend	0x58baffe7	nt36528_spi.ko
lct_audio_info_create_sysfs	0xb50cc005	mt6768-mt6358.ko
lct_audio_info_set_pa_name	0xdfa5ae3d	snd-soc-fs15xx.ko
lct_tp_get_panel_info	0x81c9798c	ft8057m_spi.ko
lct_tp_get_panel_info	0x81c9798c	ft8057p_spi.ko
lct_tp_get_panel_info	0x81c9798c	icnl9916_spi.ko
lct_tp_get_panel_info	0x81c9798c	nt36528_spi.ko
led_classdev_flash_register_ext	0x6d579aab	leds-mt6370-flash.ko
led_classdev_flash_unregister	0x470295e2	leds-mt6370-flash.ko
led_get_flash_fault	0x1e5870ed	v4l2-flash-led-class.ko
led_set_brightness_sync	0xd242c968	v4l2-flash-led-class.ko
led_set_flash_brightness	0x01111927	v4l2-flash-led-class.ko
led_set_flash_timeout	0xb3478dfe	v4l2-flash-led-class.ko
led_sysfs_disable	0xee4e7d01	v4l2-flash-led-class.ko
led_sysfs_enable	0x6d9f3963	v4l2-flash-led-class.ko
led_trigger_remove	0x30111d0c	v4l2-flash-led-class.ko
led_update_brightness	0x901c2ed0	v4l2-flash-led-class.ko
led_update_flash_brightness	0xab16760e	v4l2-flash-led-class.ko
linear_range_get_max_value	0xd5301b2c	mt6370-charger.ko
linear_range_get_value	0xd4e6d7e0	mt6370-charger.ko
list_sort	0xe091c977	iommu_debug.ko
list_sort	0xe091c977	mtk_heap_debug.ko
list_sort	0xe091c977	mtk_sec_heap.ko
list_sort	0xe091c977	pmic_lbat_service.ko
list_sort	0xe091c977	wlan_drv_gen4m_6768.ko
log_post_read_mmio	0x0c1a5ee3	8250_mtk.ko
log_post_read_mmio	0x0c1a5ee3	aee_aed.ko
log_post_read_mmio	0x0c1a5ee3	aee_hangdet.ko
log_post_read_mmio	0x0c1a5ee3	btif_drv.ko
log_post_read_mmio	0x0c1a5ee3	cache-parity.ko
log_post_read_mmio	0x0c1a5ee3	camera_dpe_isp40.ko
log_post_read_mmio	0x0c1a5ee3	camera_fdvt_isp40.ko
log_post_read_mmio	0x0c1a5ee3	camera_isp_4_t.ko
log_post_read_mmio	0x0c1a5ee3	ccci_ccif.ko
log_post_read_mmio	0x0c1a5ee3	ccci_cldma.ko
log_post_read_mmio	0x0c1a5ee3	ccci_md_all.ko
log_post_read_mmio	0x0c1a5ee3	ccu_isp4.ko
log_post_read_mmio	0x0c1a5ee3	clk-common.ko
log_post_read_mmio	0x0c1a5ee3	clk-fmeter-mt6768.ko
log_post_read_mmio	0x0c1a5ee3	clk-mt6768-pg.ko
log_post_read_mmio	0x0c1a5ee3	clkbuf.ko
log_post_read_mmio	0x0c1a5ee3	clkchk-mt6768.ko
log_post_read_mmio	0x0c1a5ee3	clkdbg-mt6768.ko
log_post_read_mmio	0x0c1a5ee3	cmdq-test.ko
log_post_read_mmio	0x0c1a5ee3	cpufreq_sugov_ext.ko
log_post_read_mmio	0x0c1a5ee3	cqhci.ko
log_post_read_mmio	0x0c1a5ee3	dbg_error_flag.ko
log_post_read_mmio	0x0c1a5ee3	device-apc-common-legacy.ko
log_post_read_mmio	0x0c1a5ee3	emictrl.ko
log_post_read_mmio	0x0c1a5ee3	emiisu.ko
log_post_read_mmio	0x0c1a5ee3	emimpu.ko
log_post_read_mmio	0x0c1a5ee3	fhctl.ko
log_post_read_mmio	0x0c1a5ee3	i2c-mt65xx.ko
log_post_read_mmio	0x0c1a5ee3	mali_kbase_mt6768_r49.ko
log_post_read_mmio	0x0c1a5ee3	mdp_drv_mt6768.ko
log_post_read_mmio	0x0c1a5ee3	mediatek-drm.ko
log_post_read_mmio	0x0c1a5ee3	met.ko
log_post_read_mmio	0x0c1a5ee3	mmqos-common.ko
log_post_read_mmio	0x0c1a5ee3	mt6577_auxadc.ko
log_post_read_mmio	0x0c1a5ee3	mt6768_dcm.ko
log_post_read_mmio	0x0c1a5ee3	mtk-cmdq-drv-ext.ko
log_post_read_mmio	0x0c1a5ee3	mtk-cqdma.ko
log_post_read_mmio	0x0c1a5ee3	mtk-dvfsrc-helper.ko
log_post_read_mmio	0x0c1a5ee3	mtk-dvfsrc.ko
log_post_read_mmio	0x0c1a5ee3	mtk-kpd.ko
log_post_read_mmio	0x0c1a5ee3	mtk-mbox.ko
log_post_read_mmio	0x0c1a5ee3	mtk-mmc-dbg.ko
log_post_read_mmio	0x0c1a5ee3	mtk-mmc.ko
log_post_read_mmio	0x0c1a5ee3	mtk-mmdvfs-debug.ko
log_post_read_mmio	0x0c1a5ee3	mtk-mml.ko
log_post_read_mmio	0x0c1a5ee3	mtk-pmic-wrap.ko
log_post_read_mmio	0x0c1a5ee3	mtk-scpsys.ko
log_post_read_mmio	0x0c1a5ee3	mtk-smi-dbg.ko
log_post_read_mmio	0x0c1a5ee3	mtk-smi.ko
log_post_read_mmio	0x0c1a5ee3	mtk-uart-apdma.ko
log_post_read_mmio	0x0c1a5ee3	mtk-vcodec-common.ko
log_post_read_mmio	0x0c1a5ee3	mtk-vcodec-dec-v1.ko
log_post_read_mmio	0x0c1a5ee3	mtk-vcodec-enc-v1.ko
log_post_read_mmio	0x0c1a5ee3	mtk_dramc.ko
log_post_read_mmio	0x0c1a5ee3	mtk_gpu_qos.ko
log_post_read_mmio	0x0c1a5ee3	mtk_gpufreq_mt6768.ko
log_post_read_mmio	0x0c1a5ee3	mtk_gpufreq_wrapper_legacy.ko
log_post_read_mmio	0x0c1a5ee3	mtk_iommu.ko
log_post_read_mmio	0x0c1a5ee3	mtk_jpeg.ko
log_post_read_mmio	0x0c1a5ee3	mtk_peak_power_budget.ko
log_post_read_mmio	0x0c1a5ee3	mtk_power_gs_v1.ko
log_post_read_mmio	0x0c1a5ee3	mtk_qos_legacy.ko
log_post_read_mmio	0x0c1a5ee3	mtk_wdt.ko
log_post_read_mmio	0x0c1a5ee3	musb_hdrc.ko
log_post_read_mmio	0x0c1a5ee3	phy-mtk-tphy.ko
log_post_read_mmio	0x0c1a5ee3	pinctrl-mtk-v2.ko
log_post_read_mmio	0x0c1a5ee3	pwm-mtk-disp.ko
log_post_read_mmio	0x0c1a5ee3	scp.ko
log_post_read_mmio	0x0c1a5ee3	spi-mt65xx.ko
log_post_read_mmio	0x0c1a5ee3	sspm_v1.ko
log_post_read_mmio	0x0c1a5ee3	thermal_monitor.ko
log_post_read_mmio	0x0c1a5ee3	ufs-mediatek-dbg.ko
log_post_read_mmio	0x0c1a5ee3	ufs-mediatek-mod.ko
log_post_read_mmio	0x0c1a5ee3	wlan_drv_gen4m_6768.ko
log_post_read_mmio	0x0c1a5ee3	wmt_drv.ko
log_post_write_mmio	0xfa4d3c24	8250_mtk.ko
log_post_write_mmio	0xfa4d3c24	aee_aed.ko
log_post_write_mmio	0xfa4d3c24	aee_hangdet.ko
log_post_write_mmio	0xfa4d3c24	btif_drv.ko
log_post_write_mmio	0xfa4d3c24	cache-parity.ko
log_post_write_mmio	0xfa4d3c24	camera_dpe_isp40.ko
log_post_write_mmio	0xfa4d3c24	camera_fdvt_isp40.ko
log_post_write_mmio	0xfa4d3c24	camera_isp_4_t.ko
log_post_write_mmio	0xfa4d3c24	ccci_ccif.ko
log_post_write_mmio	0xfa4d3c24	ccci_cldma.ko
log_post_write_mmio	0xfa4d3c24	ccci_fsm_scp.ko
log_post_write_mmio	0xfa4d3c24	ccci_md_all.ko
log_post_write_mmio	0xfa4d3c24	ccu_isp4.ko
log_post_write_mmio	0xfa4d3c24	clk-common.ko
log_post_write_mmio	0xfa4d3c24	clk-fmeter-mt6768.ko
log_post_write_mmio	0xfa4d3c24	clkbuf.ko
log_post_write_mmio	0xfa4d3c24	cmdq-test.ko
log_post_write_mmio	0xfa4d3c24	cpufreq_sugov_ext.ko
log_post_write_mmio	0xfa4d3c24	cqhci.ko
log_post_write_mmio	0xfa4d3c24	device-apc-common-legacy.ko
log_post_write_mmio	0xfa4d3c24	emictrl.ko
log_post_write_mmio	0xfa4d3c24	emiisu.ko
log_post_write_mmio	0xfa4d3c24	emimpu.ko
log_post_write_mmio	0xfa4d3c24	fhctl.ko
log_post_write_mmio	0xfa4d3c24	i2c-mt65xx.ko
log_post_write_mmio	0xfa4d3c24	mali_kbase_mt6768_r49.ko
log_post_write_mmio	0xfa4d3c24	mdp_drv_mt6768.ko
log_post_write_mmio	0xfa4d3c24	mediatek-drm.ko
log_post_write_mmio	0xfa4d3c24	met.ko
log_post_write_mmio	0xfa4d3c24	mmqos-common.ko
log_post_write_mmio	0xfa4d3c24	mt6577_auxadc.ko
log_post_write_mmio	0xfa4d3c24	mt6768_dcm.ko
log_post_write_mmio	0xfa4d3c24	mtk-cmdq-drv-ext.ko
log_post_write_mmio	0xfa4d3c24	mtk-cqdma.ko
log_post_write_mmio	0xfa4d3c24	mtk-dvfsrc-helper.ko
log_post_write_mmio	0xfa4d3c24	mtk-dvfsrc.ko
log_post_write_mmio	0xfa4d3c24	mtk-kpd.ko
log_post_write_mmio	0xfa4d3c24	mtk-mbox.ko
log_post_write_mmio	0xfa4d3c24	mtk-mmc-dbg.ko
log_post_write_mmio	0xfa4d3c24	mtk-mmc.ko
log_post_write_mmio	0xfa4d3c24	mtk-mml.ko
log_post_write_mmio	0xfa4d3c24	mtk-pmic-wrap.ko
log_post_write_mmio	0xfa4d3c24	mtk-scpsys.ko
log_post_write_mmio	0xfa4d3c24	mtk-smi-bwc.ko
log_post_write_mmio	0xfa4d3c24	mtk-smi-dbg.ko
log_post_write_mmio	0xfa4d3c24	mtk-smi.ko
log_post_write_mmio	0xfa4d3c24	mtk-uart-apdma.ko
log_post_write_mmio	0xfa4d3c24	mtk-vcodec-common.ko
log_post_write_mmio	0xfa4d3c24	mtk-vcodec-dec-v1.ko
log_post_write_mmio	0xfa4d3c24	mtk-vcodec-enc-v1.ko
log_post_write_mmio	0xfa4d3c24	mtk_gpufreq_mt6768.ko
log_post_write_mmio	0xfa4d3c24	mtk_iommu.ko
log_post_write_mmio	0xfa4d3c24	mtk_jpeg.ko
log_post_write_mmio	0xfa4d3c24	mtk_peak_power_budget.ko
log_post_write_mmio	0xfa4d3c24	mtk_power_gs_v1.ko
log_post_write_mmio	0xfa4d3c24	mtk_qos_legacy.ko
log_post_write_mmio	0xfa4d3c24	mtk_wdt.ko
log_post_write_mmio	0xfa4d3c24	musb_hdrc.ko
log_post_write_mmio	0xfa4d3c24	phy-mtk-tphy.ko
log_post_write_mmio	0xfa4d3c24	pinctrl-mtk-v2.ko
log_post_write_mmio	0xfa4d3c24	pwm-mtk-disp.ko
log_post_write_mmio	0xfa4d3c24	scp.ko
log_post_write_mmio	0xfa4d3c24	spi-mt65xx.ko
log_post_write_mmio	0xfa4d3c24	sspm_v1.ko
log_post_write_mmio	0xfa4d3c24	thermal_monitor.ko
log_post_write_mmio	0xfa4d3c24	timer-mediatek.ko
log_post_write_mmio	0xfa4d3c24	ufs-mediatek-mod.ko
log_post_write_mmio	0xfa4d3c24	wlan_drv_gen4m_6768.ko
log_post_write_mmio	0xfa4d3c24	wmt_drv.ko
log_read_mmio	0x6b722180	8250_mtk.ko
log_read_mmio	0x6b722180	aee_aed.ko
log_read_mmio	0x6b722180	aee_hangdet.ko
log_read_mmio	0x6b722180	btif_drv.ko
log_read_mmio	0x6b722180	cache-parity.ko
log_read_mmio	0x6b722180	camera_dpe_isp40.ko
log_read_mmio	0x6b722180	camera_fdvt_isp40.ko
log_read_mmio	0x6b722180	camera_isp_4_t.ko
log_read_mmio	0x6b722180	ccci_ccif.ko
log_read_mmio	0x6b722180	ccci_cldma.ko
log_read_mmio	0x6b722180	ccci_md_all.ko
log_read_mmio	0x6b722180	ccu_isp4.ko
log_read_mmio	0x6b722180	clk-common.ko
log_read_mmio	0x6b722180	clk-fmeter-mt6768.ko
log_read_mmio	0x6b722180	clk-mt6768-pg.ko
log_read_mmio	0x6b722180	clkbuf.ko
log_read_mmio	0x6b722180	clkchk-mt6768.ko
log_read_mmio	0x6b722180	clkdbg-mt6768.ko
log_read_mmio	0x6b722180	cmdq-test.ko
log_read_mmio	0x6b722180	cpufreq_sugov_ext.ko
log_read_mmio	0x6b722180	cqhci.ko
log_read_mmio	0x6b722180	dbg_error_flag.ko
log_read_mmio	0x6b722180	device-apc-common-legacy.ko
log_read_mmio	0x6b722180	emictrl.ko
log_read_mmio	0x6b722180	emiisu.ko
log_read_mmio	0x6b722180	emimpu.ko
log_read_mmio	0x6b722180	fhctl.ko
log_read_mmio	0x6b722180	i2c-mt65xx.ko
log_read_mmio	0x6b722180	mali_kbase_mt6768_r49.ko
log_read_mmio	0x6b722180	mdp_drv_mt6768.ko
log_read_mmio	0x6b722180	mediatek-drm.ko
log_read_mmio	0x6b722180	met.ko
log_read_mmio	0x6b722180	mmqos-common.ko
log_read_mmio	0x6b722180	mt6577_auxadc.ko
log_read_mmio	0x6b722180	mt6768_dcm.ko
log_read_mmio	0x6b722180	mtk-cmdq-drv-ext.ko
log_read_mmio	0x6b722180	mtk-cqdma.ko
log_read_mmio	0x6b722180	mtk-dvfsrc-helper.ko
log_read_mmio	0x6b722180	mtk-dvfsrc.ko
log_read_mmio	0x6b722180	mtk-kpd.ko
log_read_mmio	0x6b722180	mtk-mbox.ko
log_read_mmio	0x6b722180	mtk-mmc-dbg.ko
log_read_mmio	0x6b722180	mtk-mmc.ko
log_read_mmio	0x6b722180	mtk-mmdvfs-debug.ko
log_read_mmio	0x6b722180	mtk-mml.ko
log_read_mmio	0x6b722180	mtk-pmic-wrap.ko
log_read_mmio	0x6b722180	mtk-scpsys.ko
log_read_mmio	0x6b722180	mtk-smi-dbg.ko
log_read_mmio	0x6b722180	mtk-smi.ko
log_read_mmio	0x6b722180	mtk-uart-apdma.ko
log_read_mmio	0x6b722180	mtk-vcodec-common.ko
log_read_mmio	0x6b722180	mtk-vcodec-dec-v1.ko
log_read_mmio	0x6b722180	mtk-vcodec-enc-v1.ko
log_read_mmio	0x6b722180	mtk_dramc.ko
log_read_mmio	0x6b722180	mtk_gpu_qos.ko
log_read_mmio	0x6b722180	mtk_gpufreq_mt6768.ko
log_read_mmio	0x6b722180	mtk_gpufreq_wrapper_legacy.ko
log_read_mmio	0x6b722180	mtk_iommu.ko
log_read_mmio	0x6b722180	mtk_jpeg.ko
log_read_mmio	0x6b722180	mtk_peak_power_budget.ko
log_read_mmio	0x6b722180	mtk_power_gs_v1.ko
log_read_mmio	0x6b722180	mtk_qos_legacy.ko
log_read_mmio	0x6b722180	mtk_wdt.ko
log_read_mmio	0x6b722180	musb_hdrc.ko
log_read_mmio	0x6b722180	phy-mtk-tphy.ko
log_read_mmio	0x6b722180	pinctrl-mtk-v2.ko
log_read_mmio	0x6b722180	pwm-mtk-disp.ko
log_read_mmio	0x6b722180	scp.ko
log_read_mmio	0x6b722180	spi-mt65xx.ko
log_read_mmio	0x6b722180	sspm_v1.ko
log_read_mmio	0x6b722180	thermal_monitor.ko
log_read_mmio	0x6b722180	ufs-mediatek-dbg.ko
log_read_mmio	0x6b722180	ufs-mediatek-mod.ko
log_read_mmio	0x6b722180	wlan_drv_gen4m_6768.ko
log_read_mmio	0x6b722180	wmt_drv.ko
log_threaded_irq_wakeup_reason	0x34e5628d	mt6397.ko
log_write_mmio	0xc905402b	8250_mtk.ko
log_write_mmio	0xc905402b	aee_aed.ko
log_write_mmio	0xc905402b	aee_hangdet.ko
log_write_mmio	0xc905402b	btif_drv.ko
log_write_mmio	0xc905402b	cache-parity.ko
log_write_mmio	0xc905402b	camera_dpe_isp40.ko
log_write_mmio	0xc905402b	camera_fdvt_isp40.ko
log_write_mmio	0xc905402b	camera_isp_4_t.ko
log_write_mmio	0xc905402b	ccci_ccif.ko
log_write_mmio	0xc905402b	ccci_cldma.ko
log_write_mmio	0xc905402b	ccci_fsm_scp.ko
log_write_mmio	0xc905402b	ccci_md_all.ko
log_write_mmio	0xc905402b	ccu_isp4.ko
log_write_mmio	0xc905402b	clk-common.ko
log_write_mmio	0xc905402b	clk-fmeter-mt6768.ko
log_write_mmio	0xc905402b	clkbuf.ko
log_write_mmio	0xc905402b	cmdq-test.ko
log_write_mmio	0xc905402b	cpufreq_sugov_ext.ko
log_write_mmio	0xc905402b	cqhci.ko
log_write_mmio	0xc905402b	device-apc-common-legacy.ko
log_write_mmio	0xc905402b	emictrl.ko
log_write_mmio	0xc905402b	emiisu.ko
log_write_mmio	0xc905402b	emimpu.ko
log_write_mmio	0xc905402b	fhctl.ko
log_write_mmio	0xc905402b	i2c-mt65xx.ko
log_write_mmio	0xc905402b	mali_kbase_mt6768_r49.ko
log_write_mmio	0xc905402b	mdp_drv_mt6768.ko
log_write_mmio	0xc905402b	mediatek-drm.ko
log_write_mmio	0xc905402b	met.ko
log_write_mmio	0xc905402b	mmqos-common.ko
log_write_mmio	0xc905402b	mt6577_auxadc.ko
log_write_mmio	0xc905402b	mt6768_dcm.ko
log_write_mmio	0xc905402b	mtk-cmdq-drv-ext.ko
log_write_mmio	0xc905402b	mtk-cqdma.ko
log_write_mmio	0xc905402b	mtk-dvfsrc-helper.ko
log_write_mmio	0xc905402b	mtk-dvfsrc.ko
log_write_mmio	0xc905402b	mtk-kpd.ko
log_write_mmio	0xc905402b	mtk-mbox.ko
log_write_mmio	0xc905402b	mtk-mmc-dbg.ko
log_write_mmio	0xc905402b	mtk-mmc.ko
log_write_mmio	0xc905402b	mtk-mml.ko
log_write_mmio	0xc905402b	mtk-pmic-wrap.ko
log_write_mmio	0xc905402b	mtk-scpsys.ko
log_write_mmio	0xc905402b	mtk-smi-bwc.ko
log_write_mmio	0xc905402b	mtk-smi-dbg.ko
log_write_mmio	0xc905402b	mtk-smi.ko
log_write_mmio	0xc905402b	mtk-uart-apdma.ko
log_write_mmio	0xc905402b	mtk-vcodec-common.ko
log_write_mmio	0xc905402b	mtk-vcodec-dec-v1.ko
log_write_mmio	0xc905402b	mtk-vcodec-enc-v1.ko
log_write_mmio	0xc905402b	mtk_gpufreq_mt6768.ko
log_write_mmio	0xc905402b	mtk_iommu.ko
log_write_mmio	0xc905402b	mtk_jpeg.ko
log_write_mmio	0xc905402b	mtk_peak_power_budget.ko
log_write_mmio	0xc905402b	mtk_power_gs_v1.ko
log_write_mmio	0xc905402b	mtk_qos_legacy.ko
log_write_mmio	0xc905402b	mtk_wdt.ko
log_write_mmio	0xc905402b	musb_hdrc.ko
log_write_mmio	0xc905402b	phy-mtk-tphy.ko
log_write_mmio	0xc905402b	pinctrl-mtk-v2.ko
log_write_mmio	0xc905402b	pwm-mtk-disp.ko
log_write_mmio	0xc905402b	scp.ko
log_write_mmio	0xc905402b	spi-mt65xx.ko
log_write_mmio	0xc905402b	sspm_v1.ko
log_write_mmio	0xc905402b	thermal_monitor.ko
log_write_mmio	0xc905402b	timer-mediatek.ko
log_write_mmio	0xc905402b	ufs-mediatek-mod.ko
log_write_mmio	0xc905402b	wlan_drv_gen4m_6768.ko
log_write_mmio	0xc905402b	wmt_drv.ko
lvsys_register_notifier	0x58f975ae	mtk_low_battery_throttling.ko
mag_bias_report	0x51ed10fa	maghub.ko
mag_cali_report	0x38357ec5	maghub.ko
mag_data_report	0x891f36bd	maghub.ko
mag_driver_add	0xc6e79c4f	maghub.ko
mag_factory_device_deregister	0xe0b3b640	maghub.ko
mag_factory_device_register	0x24580201	maghub.ko
mag_flush_report	0xab14e44e	maghub.ko
mag_info_record	0xa7c291f9	maghub.ko
mag_probe	0x593b748c	sensor_probe.ko
mag_register_control_path	0x9e35dfff	maghub.ko
mag_register_data_path	0x84a70b76	maghub.ko
mag_remove	0x028f09ce	sensor_probe.ko
mas_find	0x28565870	monitor_hang.ko
mas_find	0x28565870	mtk_heap_debug.ko
match_string	0x81188c30	icnl9916_spi.ko
match_string	0x81188c30	leds-mt6370-flash.ko
max_freq_scale	0x587f5732	scheduler.ko
mbox_client_txdone	0x118b9d3f	mtk-cmdq-drv-ext.ko
mbox_controller_register	0xbc8cc829	cmdq-bdg-mailbox.ko
mbox_controller_register	0xbc8cc829	cmdq-sec-drv.ko
mbox_controller_register	0xbc8cc829	mtk-cmdq-drv-ext.ko
mbox_controller_unregister	0x10b36b11	cmdq-sec-drv.ko
mbox_controller_unregister	0x10b36b11	mtk-cmdq-drv-ext.ko
mbox_free_channel	0xefb0fedf	mtk-cmdq-drv-ext.ko
mbox_request_channel	0x940754b5	mtk-cmdq-drv-ext.ko
mbox_send_message	0x5860e25c	mtk-cmdq-drv-ext.ko
mc_close_device	0x2f8bb241	rpmb-mtk.ko
mc_free_wsm	0x5169a022	rpmb-mtk.ko
mc_malloc_wsm	0x7f8bf4a2	rpmb-mtk.ko
mc_malloc_wsm	0x7f8bf4a2	t-base-tui.ko
mc_notify	0x3a1d7202	rpmb-mtk.ko
mc_notify	0x3a1d7202	t-base-tui.ko
mc_open_device	0x491a681a	rpmb-mtk.ko
mc_open_device	0x491a681a	t-base-tui.ko
mc_open_session	0x46a33093	rpmb-mtk.ko
mc_open_session	0x46a33093	t-base-tui.ko
mc_wait_notification	0xfff10950	rpmb-mtk.ko
mc_wait_notification	0xfff10950	t-base-tui.ko
mcdi_pause	0xac252ef3	mediatek_eem.ko
mcdi_task_pause_fun_register	0x3e430042	mcdi.ko
md_fsm_exp_info	0x5d39d790	ccci_ccif.ko
mdp_funcs	0xd20cd1b7	mdp_drv_mt6768.ko
mdp_get_group_isp	0xaa00f149	camera_isp_4_t.ko
mdp_set_resource_callback	0x2811d5f8	mediatek-drm.ko
mdpm_register_md_status_cb	0x28a2f90b	MTK_INTERNAL_SPM.ko
media_device_init	0xcefc0c80	mtk-composite.ko
media_device_unregister	0x24c20fab	mtk-composite.ko
media_entity_pads_init	0xa0074925	mtk-composite.ko
media_entity_pads_init	0xa0074925	v4l2-flash-led-class.ko
mem_section	0x6ecc607e	memory-amms.ko
mem_section	0x6ecc607e	mmprofile.ko
memblock_end_of_DRAM	0x4c894766	blocktag.ko
memchr_inv	0x8df92f66	drm_display_helper.ko
memcmp	0x449ad0a7	cfg80211.ko
memcmp	0x449ad0a7	wlan_drv_gen4m_6768.ko
memcmp	0x449ad0a7	wmt_drv.ko
memcpy	0x4829a47e	8250_mtk.ko
memcpy	0x4829a47e	CPU_DVFS.ko
memcpy	0x4829a47e	MTK_INTERNAL_SPM.ko
memcpy	0x4829a47e	accel_common.ko
memcpy	0x4829a47e	aee_aed.ko
memcpy	0x4829a47e	alsps_common.ko
memcpy	0x4829a47e	blocktag.ko
memcpy	0x4829a47e	bootprof.ko
memcpy	0x4829a47e	bt_drv_connac1x.ko
memcpy	0x4829a47e	btif_drv.ko
memcpy	0x4829a47e	c2k_usb.ko
memcpy	0x4829a47e	camera_dpe_isp40.ko
memcpy	0x4829a47e	ccci_md_all.ko
memcpy	0x4829a47e	ccci_util_lib.ko
memcpy	0x4829a47e	ccu_isp4.ko
memcpy	0x4829a47e	cfg80211.ko
memcpy	0x4829a47e	cmdq-sec-drv.ko
memcpy	0x4829a47e	conn_md_drv.ko
memcpy	0x4829a47e	connadp.ko
memcpy	0x4829a47e	cqhci.ko
memcpy	0x4829a47e	drm_display_helper.ko
memcpy	0x4829a47e	emimpu.ko
memcpy	0x4829a47e	extdev_io_class.ko
memcpy	0x4829a47e	flashlight.ko
memcpy	0x4829a47e	fmradio_drv_mt6631.ko
memcpy	0x4829a47e	fpsgo.ko
memcpy	0x4829a47e	ft8057m_spi.ko
memcpy	0x4829a47e	ft8057p_spi.ko
memcpy	0x4829a47e	ged.ko
memcpy	0x4829a47e	gf_fingerprint.ko
memcpy	0x4829a47e	gps_drv_stp.ko
memcpy	0x4829a47e	gyro_common.ko
memcpy	0x4829a47e	gz_ipc_mod.ko
memcpy	0x4829a47e	gz_tz_system.ko
memcpy	0x4829a47e	gz_virtio_mod.ko
memcpy	0x4829a47e	i2c-mt65xx.ko
memcpy	0x4829a47e	icnl9916_spi.ko
memcpy	0x4829a47e	imgsensor_isp4_t.ko
memcpy	0x4829a47e	iommu_debug.ko
memcpy	0x4829a47e	isee.ko
memcpy	0x4829a47e	lct_audio_info.ko
memcpy	0x4829a47e	lct_tp.ko
memcpy	0x4829a47e	mac80211.ko
memcpy	0x4829a47e	mag_common.ko
memcpy	0x4829a47e	maghub.ko
memcpy	0x4829a47e	mali_kbase_mt6768_r49.ko
memcpy	0x4829a47e	mcDrvModule.ko
memcpy	0x4829a47e	mdp_drv_mt6768.ko
memcpy	0x4829a47e	mediatek-drm.ko
memcpy	0x4829a47e	met.ko
memcpy	0x4829a47e	mi_memory.ko
memcpy	0x4829a47e	millet_core.ko
memcpy	0x4829a47e	mme.ko
memcpy	0x4829a47e	mmprofile.ko
memcpy	0x4829a47e	mmqos-common.ko
memcpy	0x4829a47e	monitor_hang.ko
memcpy	0x4829a47e	mrdump.ko
memcpy	0x4829a47e	mt6358-accdet.ko
memcpy	0x4829a47e	mt6358_battery.ko
memcpy	0x4829a47e	mt635x-auxadc.ko
memcpy	0x4829a47e	mtk-btcvsd.ko
memcpy	0x4829a47e	mtk-cmdq-drv-ext.ko
memcpy	0x4829a47e	mtk-mml.ko
memcpy	0x4829a47e	mtk-pmic-wrap.ko
memcpy	0x4829a47e	mtk-smi-dbg.ko
memcpy	0x4829a47e	mtk-uart-apdma.ko
memcpy	0x4829a47e	mtk-vcodec-dec-v1.ko
memcpy	0x4829a47e	mtk-vcodec-enc-v1.ko
memcpy	0x4829a47e	mtk-vcu.ko
memcpy	0x4829a47e	mtk_battery_manager.ko
memcpy	0x4829a47e	mtk_fpsgo.ko
memcpy	0x4829a47e	mtk_gpufreq_mt6768.ko
memcpy	0x4829a47e	mtk_heap_debug.ko
memcpy	0x4829a47e	mtk_peak_power_budget.ko
memcpy	0x4829a47e	mtk_ppm_v3.ko
memcpy	0x4829a47e	mtk_rpmsg_mbox.ko
memcpy	0x4829a47e	mtk_sync.ko
memcpy	0x4829a47e	mtk_u_ether.ko
memcpy	0x4829a47e	mtk_usb_f_rndis.ko
memcpy	0x4829a47e	musb_hdrc.ko
memcpy	0x4829a47e	nt36528_spi.ko
memcpy	0x4829a47e	nvmem_mtk-devinfo.ko
memcpy	0x4829a47e	pinctrl-mtk-v2.ko
memcpy	0x4829a47e	powerhal_cpu_ctrl.ko
memcpy	0x4829a47e	rpmb-mtk.ko
memcpy	0x4829a47e	scp.ko
memcpy	0x4829a47e	sensorHub.ko
memcpy	0x4829a47e	sensor_list.ko
memcpy	0x4829a47e	snd-soc-fs15xx.ko
memcpy	0x4829a47e	snd-soc-mt6358.ko
memcpy	0x4829a47e	snd-soc-mtk-common.ko
memcpy	0x4829a47e	spi-mt65xx.ko
memcpy	0x4829a47e	spi_slave.ko
memcpy	0x4829a47e	tcpc_class.ko
memcpy	0x4829a47e	tcpc_rt1711h.ko
memcpy	0x4829a47e	tcpc_upm7610.ko
memcpy	0x4829a47e	thermal_monitor.ko
memcpy	0x4829a47e	trace_mmstat.ko
memcpy	0x4829a47e	ufs-mediatek-mod.ko
memcpy	0x4829a47e	upm6920_charger.ko
memcpy	0x4829a47e	usb_meta.ko
memcpy	0x4829a47e	wlan_drv_gen4m_6768.ko
memcpy	0x4829a47e	wmt_drv.ko
memcpy	0x4829a47e	xm_smart_chg.ko
memcpy	0x4829a47e	zram.ko
memcpy	0x4829a47e	zsmalloc.ko
memdup_user	0x5dc263fd	icnl9916_spi.ko
memdup_user	0x5dc263fd	mali_kbase_mt6768_r49.ko
memdup_user	0x5dc263fd	snd-soc-fs15xx.ko
memmove	0x5a9f1d63	cfg80211.ko
memmove	0x5a9f1d63	mac80211.ko
memmove	0x5a9f1d63	mtk-mml.ko
memmove	0x5a9f1d63	mtk_fpsgo.ko
memmove	0x5a9f1d63	wlan_drv_gen4m_6768.ko
memmove	0x5a9f1d63	zram.ko
memory_cgrp_subsys	0xb5c49b75	perfhelper.ko
memory_read_from_buffer	0x65e0d6d7	mediatek-drm.ko
memory_read_from_buffer	0x65e0d6d7	rpmb.ko
memparse	0x27864d57	zram.ko
memremap	0x4d924f20	aee_aed.ko
memremap	0x4d924f20	atf_logger.ko
memremap	0x4d924f20	gz_log_mod.ko
memremap	0x4d924f20	mrdump.ko
memset	0xdcb764ad	8250_mtk.ko
memset	0xdcb764ad	CPU_DVFS.ko
memset	0xdcb764ad	MTK_INTERNAL_SPM.ko
memset	0xdcb764ad	accel_common.ko
memset	0xdcb764ad	aee_aed.ko
memset	0xdcb764ad	aee_hangdet.ko
memset	0xdcb764ad	aee_rs.ko
memset	0xdcb764ad	alsps_common.ko
memset	0xdcb764ad	blocktag.ko
memset	0xdcb764ad	bootprof.ko
memset	0xdcb764ad	bt_drv_connac1x.ko
memset	0xdcb764ad	btif_drv.ko
memset	0xdcb764ad	camera_dpe_isp40.ko
memset	0xdcb764ad	camera_eeprom_isp4_t.ko
memset	0xdcb764ad	camera_fdvt_isp40.ko
memset	0xdcb764ad	camera_isp_4_t.ko
memset	0xdcb764ad	camera_mem.ko
memset	0xdcb764ad	ccci_ccif.ko
memset	0xdcb764ad	ccci_cldma.ko
memset	0xdcb764ad	ccci_fsm_scp.ko
memset	0xdcb764ad	ccci_md_all.ko
memset	0xdcb764ad	ccci_util_lib.ko
memset	0xdcb764ad	ccmni.ko
memset	0xdcb764ad	ccu_isp4.ko
memset	0xdcb764ad	cfg80211.ko
memset	0xdcb764ad	clk-common.ko
memset	0xdcb764ad	cmdq-bdg-test.ko
memset	0xdcb764ad	cmdq-sec-drv.ko
memset	0xdcb764ad	cmdq-test.ko
memset	0xdcb764ad	conn_md_drv.ko
memset	0xdcb764ad	cpufreq_sugov_ext.ko
memset	0xdcb764ad	cpumaxfreq.ko
memset	0xdcb764ad	cqhci.ko
memset	0xdcb764ad	device-apc-common-legacy.ko
memset	0xdcb764ad	drm_display_helper.ko
memset	0xdcb764ad	emimpu.ko
memset	0xdcb764ad	extdev_io_class.ko
memset	0xdcb764ad	fhctl.ko
memset	0xdcb764ad	flashlight.ko
memset	0xdcb764ad	fmradio_drv_mt6631.ko
memset	0xdcb764ad	ft8057m_spi.ko
memset	0xdcb764ad	ft8057p_spi.ko
memset	0xdcb764ad	ged.ko
memset	0xdcb764ad	gf_fingerprint.ko
memset	0xdcb764ad	gps_drv_stp.ko
memset	0xdcb764ad	gyro_common.ko
memset	0xdcb764ad	gz_main_mod.ko
memset	0xdcb764ad	gz_tz_system.ko
memset	0xdcb764ad	hwmon.ko
memset	0xdcb764ad	icnl9916_spi.ko
memset	0xdcb764ad	imgsensor_isp4_t.ko
memset	0xdcb764ad	iommu_debug.ko
memset	0xdcb764ad	isee.ko
memset	0xdcb764ad	lct_tp.ko
memset	0xdcb764ad	mac80211.ko
memset	0xdcb764ad	main2af.ko
memset	0xdcb764ad	main3af.ko
memset	0xdcb764ad	mainaf.ko
memset	0xdcb764ad	mali_kbase_mt6768_r49.ko
memset	0xdcb764ad	mcDrvModule.ko
memset	0xdcb764ad	mcdi.ko
memset	0xdcb764ad	mdp_drv_mt6768.ko
memset	0xdcb764ad	mediatek-drm.ko
memset	0xdcb764ad	mediatek_eem.ko
memset	0xdcb764ad	met.ko
memset	0xdcb764ad	mi_memory.ko
memset	0xdcb764ad	miev.ko
memset	0xdcb764ad	mme.ko
memset	0xdcb764ad	mmprofile.ko
memset	0xdcb764ad	mmqos-common.ko
memset	0xdcb764ad	monitor_hang.ko
memset	0xdcb764ad	mrdump.ko
memset	0xdcb764ad	mt6358_battery.ko
memset	0xdcb764ad	mt635x-auxadc.ko
memset	0xdcb764ad	mtk-btcvsd.ko
memset	0xdcb764ad	mtk-cmdq-drv-ext.ko
memset	0xdcb764ad	mtk-dvfsrc-helper.ko
memset	0xdcb764ad	mtk-mmc-dbg.ko
memset	0xdcb764ad	mtk-mmc.ko
memset	0xdcb764ad	mtk-mml.ko
memset	0xdcb764ad	mtk-smi-bwc.ko
memset	0xdcb764ad	mtk-smi-dbg.ko
memset	0xdcb764ad	mtk-smi.ko
memset	0xdcb764ad	mtk-uart-apdma.ko
memset	0xdcb764ad	mtk-vcodec-common.ko
memset	0xdcb764ad	mtk-vcodec-dec-v1.ko
memset	0xdcb764ad	mtk-vcodec-enc-v1.ko
memset	0xdcb764ad	mtk-vcu.ko
memset	0xdcb764ad	mtk_battery_manager.ko
memset	0xdcb764ad	mtk_battery_oc_throttling.ko
memset	0xdcb764ad	mtk_charger_framework.ko
memset	0xdcb764ad	mtk_dramc.ko
memset	0xdcb764ad	mtk_fpsgo.ko
memset	0xdcb764ad	mtk_gpufreq_mt6768.ko
memset	0xdcb764ad	mtk_gpufreq_wrapper_legacy.ko
memset	0xdcb764ad	mtk_heap_debug.ko
memset	0xdcb764ad	mtk_irtx_pwm.ko
memset	0xdcb764ad	mtk_pbm.ko
memset	0xdcb764ad	mtk_pd_adapter.ko
memset	0xdcb764ad	mtk_pd_charging.ko
memset	0xdcb764ad	mtk_peak_power_budget.ko
memset	0xdcb764ad	mtk_pep40.ko
memset	0xdcb764ad	mtk_perf_common.ko
memset	0xdcb764ad	mtk_perf_ioctl.ko
memset	0xdcb764ad	mtk_power_gs_v1.ko
memset	0xdcb764ad	mtk_ppm_v3.ko
memset	0xdcb764ad	mtk_sec_heap.ko
memset	0xdcb764ad	musb_hdrc.ko
memset	0xdcb764ad	nt36528_spi.ko
memset	0xdcb764ad	nxp_i2c.ko
memset	0xdcb764ad	perfhelper.ko
memset	0xdcb764ad	phy-mtk-tphy.ko
memset	0xdcb764ad	pidmap.ko
memset	0xdcb764ad	powerhal_cpu_ctrl.ko
memset	0xdcb764ad	rpmb-mtk.ko
memset	0xdcb764ad	rpmb.ko
memset	0xdcb764ad	scheduler.ko
memset	0xdcb764ad	scp.ko
memset	0xdcb764ad	sec-rng.ko
memset	0xdcb764ad	sec.ko
memset	0xdcb764ad	sensorHub.ko
memset	0xdcb764ad	sil_fingerprint.ko
memset	0xdcb764ad	snd-soc-fs15xx.ko
memset	0xdcb764ad	snd-soc-mt6358.ko
memset	0xdcb764ad	snd-soc-mtk-common.ko
memset	0xdcb764ad	snd-soc-sipa-tuning.ko
memset	0xdcb764ad	spi-mt65xx.ko
memset	0xdcb764ad	spi_slave.ko
memset	0xdcb764ad	sub2af.ko
memset	0xdcb764ad	subaf.ko
memset	0xdcb764ad	system_heap.ko
memset	0xdcb764ad	tcpc_class.ko
memset	0xdcb764ad	teeperf.ko
memset	0xdcb764ad	thermal_monitor.ko
memset	0xdcb764ad	touch_boost.ko
memset	0xdcb764ad	trusted_mem.ko
memset	0xdcb764ad	ufs-mediatek-mod.ko
memset	0xdcb764ad	uload_ind.ko
memset	0xdcb764ad	upm6920_charger.ko
memset	0xdcb764ad	usb_meta.ko
memset	0xdcb764ad	widevine_driver.ko
memset	0xdcb764ad	wlan_drv_gen4m_6768.ko
memset	0xdcb764ad	wmt_chrdev_wifi.ko
memset	0xdcb764ad	wmt_drv.ko
memset	0xdcb764ad	xiaomi_touch.ko
memset	0xdcb764ad	zram.ko
memset64	0xed8a2d95	zram.ko
memstart_addr	0x9688de8b	aee_hangdet.ko
memstart_addr	0x9688de8b	blocktag.ko
memstart_addr	0x9688de8b	ccci_util_lib.ko
memstart_addr	0x9688de8b	cmdq-sec-drv.ko
memstart_addr	0x9688de8b	gz_ipc_mod.ko
memstart_addr	0x9688de8b	gz_log_mod.ko
memstart_addr	0x9688de8b	gz_main_mod.ko
memstart_addr	0x9688de8b	gz_virtio_mod.ko
memstart_addr	0x9688de8b	iommu_gz.ko
memstart_addr	0x9688de8b	isee.ko
memstart_addr	0x9688de8b	log_store.ko
memstart_addr	0x9688de8b	mali_kbase_mt6768_r49.ko
memstart_addr	0x9688de8b	mali_mgm_mt6768_r49.ko
memstart_addr	0x9688de8b	mcDrvModule.ko
memstart_addr	0x9688de8b	mediatek-drm.ko
memstart_addr	0x9688de8b	memory-amms.ko
memstart_addr	0x9688de8b	mme.ko
memstart_addr	0x9688de8b	mmprofile.ko
memstart_addr	0x9688de8b	mmqos-common.ko
memstart_addr	0x9688de8b	mrdump.ko
memstart_addr	0x9688de8b	mtk-cmdq-drv-ext.ko
memstart_addr	0x9688de8b	mtk-vcodec-dec-v1.ko
memstart_addr	0x9688de8b	mtk-vcodec-enc-v1.ko
memstart_addr	0x9688de8b	mtk_heap_debug.ko
memstart_addr	0x9688de8b	mtk_iommu.ko
memstart_addr	0x9688de8b	mtk_sec_heap.ko
memstart_addr	0x9688de8b	snd-soc-mtk-common.ko
memstart_addr	0x9688de8b	system_heap.ko
memstart_addr	0x9688de8b	trusted_mem.ko
memstart_addr	0x9688de8b	ufs-mediatek-dbg.ko
memstart_addr	0x9688de8b	zsmalloc.ko
memunmap	0x9e9fdd9d	aee_aed.ko
memunmap	0x9e9fdd9d	atf_logger.ko
memunmap	0x9e9fdd9d	gz_log_mod.ko
met_backlight_api_ready	0xfa02bc74	met_backlight_api.ko
met_deregister	0x81e9325a	met_emi_api.ko
met_deregister	0x81e9325a	met_scmi_api.ko
met_deregister	0x81e9325a	met_sspm_api.ko
met_emi_api_ready	0x2422b546	met_emi_api.ko
met_gpu_adv_api_ready	0x2c5fa553	met_gpu_adv_api.ko
met_gpu_api_ready	0x3f751732	met_gpu_api.ko
met_ondiemet_attr_init_sspm	0xe5e6e517	met_scmi_api.ko
met_ondiemet_attr_init_sspm	0xe5e6e517	met_sspm_api.ko
met_ondiemet_attr_uninit_sspm	0x21d1a3e4	met_scmi_api.ko
met_ondiemet_attr_uninit_sspm	0x21d1a3e4	met_sspm_api.ko
met_register	0x03c8e76f	met_emi_api.ko
met_register	0x03c8e76f	met_scmi_api.ko
met_register	0x03c8e76f	met_sspm_api.ko
met_scmi_api_ready	0x1c8820b5	met_scmi_api.ko
met_sspm_api_ready	0x8a17e102	met_sspm_api.ko
met_sspm_emi	0x2d3f99be	met_emi_api.ko
met_sspm_emi	0x2d3f99be	met_scmi_api.ko
met_sspm_emi	0x2d3f99be	met_sspm_api.ko
met_sspm_log_init	0xbd7aea3b	met_scmi_api.ko
met_sspm_log_init	0xbd7aea3b	met_sspm_api.ko
met_sspm_log_uninit	0xdf4ef749	met_scmi_api.ko
met_sspm_log_uninit	0xdf4ef749	met_sspm_api.ko
met_vcore_api_ready	0x984d106e	met_vcore_api.ko
migrate_swap	0x85980b4c	scheduler.ko
millet_binder_switch	0x6b1aa9e9	binder_gki.ko
millet_debug	0x3c55fe71	binder_gki.ko
millet_sendmsg	0x204d31b1	millet_binder.ko
millet_sendmsg	0x204d31b1	millet_hs.ko
millet_sendmsg	0x204d31b1	millet_pkg.ko
millet_sendmsg	0x204d31b1	millet_sig.ko
millet_sendto_user	0x6e0941e4	millet_binder.ko
millet_sendto_user	0x6e0941e4	millet_hs.ko
millet_sendto_user	0x6e0941e4	millet_pkg.ko
millet_sendto_user	0x6e0941e4	millet_sig.ko
min_freq	0xf4867881	scheduler.ko
min_freq_scale	0x7fc43003	scheduler.ko
mipi_dsi_attach	0x1856ffed	dsi_panel_c3n_35_02_0h_dsc_vdo.ko
mipi_dsi_attach	0x1856ffed	dsi_panel_c3n_35_0f_0e_dsc_vdo.ko
mipi_dsi_attach	0x1856ffed	dsi_panel_c3n_35_0f_0l_dsc_vdo.ko
mipi_dsi_attach	0x1856ffed	dsi_panel_c3n_37_02_0d_dsc_vdo.ko
mipi_dsi_attach	0x1856ffed	dsi_panel_c3n_43_02_0a_dsc_vdo.ko
mipi_dsi_attach	0x1856ffed	dsi_panel_c3n_43_02_0k_dsc_vdo.ko
mipi_dsi_attach	0x1856ffed	dsi_panel_c3n_43_02_0n_dsc_vdo.ko
mipi_dsi_attach	0x1856ffed	dsi_panel_c3n_44_03_0b_dsc_vdo.ko
mipi_dsi_attach	0x1856ffed	dsi_panel_c3n_44_03_0j_dsc_vdo.ko
mipi_dsi_attach	0x1856ffed	dsi_panel_c3n_46_03_0c_dsc_vdo.ko
mipi_dsi_attach	0x1856ffed	dsi_panel_c3n_46_03_0f_dsc_vdo.ko
mipi_dsi_attach	0x1856ffed	dsi_panel_c3n_46_03_0g_dsc_vdo.ko
mipi_dsi_attach	0x1856ffed	dsi_panel_c3n_null_dsc_vdo.ko
mipi_dsi_dcs_read	0xa4398fcd	mediatek-drm.ko
mipi_dsi_dcs_write_buffer	0x4df93796	dsi_panel_c3n_35_02_0h_dsc_vdo.ko
mipi_dsi_dcs_write_buffer	0x4df93796	dsi_panel_c3n_35_0f_0e_dsc_vdo.ko
mipi_dsi_dcs_write_buffer	0x4df93796	dsi_panel_c3n_35_0f_0l_dsc_vdo.ko
mipi_dsi_dcs_write_buffer	0x4df93796	dsi_panel_c3n_37_02_0d_dsc_vdo.ko
mipi_dsi_dcs_write_buffer	0x4df93796	dsi_panel_c3n_43_02_0a_dsc_vdo.ko
mipi_dsi_dcs_write_buffer	0x4df93796	dsi_panel_c3n_43_02_0k_dsc_vdo.ko
mipi_dsi_dcs_write_buffer	0x4df93796	dsi_panel_c3n_43_02_0n_dsc_vdo.ko
mipi_dsi_dcs_write_buffer	0x4df93796	dsi_panel_c3n_44_03_0b_dsc_vdo.ko
mipi_dsi_dcs_write_buffer	0x4df93796	dsi_panel_c3n_44_03_0j_dsc_vdo.ko
mipi_dsi_dcs_write_buffer	0x4df93796	dsi_panel_c3n_46_03_0c_dsc_vdo.ko
mipi_dsi_dcs_write_buffer	0x4df93796	dsi_panel_c3n_46_03_0f_dsc_vdo.ko
mipi_dsi_dcs_write_buffer	0x4df93796	dsi_panel_c3n_46_03_0g_dsc_vdo.ko
mipi_dsi_dcs_write_buffer	0x4df93796	dsi_panel_c3n_null_dsc_vdo.ko
mipi_dsi_dcs_write_buffer	0x4df93796	mediatek-drm.ko
mipi_dsi_detach	0xc49e9902	dsi_panel_c3n_35_02_0h_dsc_vdo.ko
mipi_dsi_detach	0xc49e9902	dsi_panel_c3n_35_0f_0e_dsc_vdo.ko
mipi_dsi_detach	0xc49e9902	dsi_panel_c3n_35_0f_0l_dsc_vdo.ko
mipi_dsi_detach	0xc49e9902	dsi_panel_c3n_37_02_0d_dsc_vdo.ko
mipi_dsi_detach	0xc49e9902	dsi_panel_c3n_43_02_0a_dsc_vdo.ko
mipi_dsi_detach	0xc49e9902	dsi_panel_c3n_43_02_0k_dsc_vdo.ko
mipi_dsi_detach	0xc49e9902	dsi_panel_c3n_43_02_0n_dsc_vdo.ko
mipi_dsi_detach	0xc49e9902	dsi_panel_c3n_44_03_0b_dsc_vdo.ko
mipi_dsi_detach	0xc49e9902	dsi_panel_c3n_44_03_0j_dsc_vdo.ko
mipi_dsi_detach	0xc49e9902	dsi_panel_c3n_46_03_0c_dsc_vdo.ko
mipi_dsi_detach	0xc49e9902	dsi_panel_c3n_46_03_0f_dsc_vdo.ko
mipi_dsi_detach	0xc49e9902	dsi_panel_c3n_46_03_0g_dsc_vdo.ko
mipi_dsi_detach	0xc49e9902	dsi_panel_c3n_null_dsc_vdo.ko
mipi_dsi_driver_register_full	0xfa27dea8	dsi_panel_c3n_35_02_0h_dsc_vdo.ko
mipi_dsi_driver_register_full	0xfa27dea8	dsi_panel_c3n_35_0f_0e_dsc_vdo.ko
mipi_dsi_driver_register_full	0xfa27dea8	dsi_panel_c3n_35_0f_0l_dsc_vdo.ko
mipi_dsi_driver_register_full	0xfa27dea8	dsi_panel_c3n_37_02_0d_dsc_vdo.ko
mipi_dsi_driver_register_full	0xfa27dea8	dsi_panel_c3n_43_02_0a_dsc_vdo.ko
mipi_dsi_driver_register_full	0xfa27dea8	dsi_panel_c3n_43_02_0k_dsc_vdo.ko
mipi_dsi_driver_register_full	0xfa27dea8	dsi_panel_c3n_43_02_0n_dsc_vdo.ko
mipi_dsi_driver_register_full	0xfa27dea8	dsi_panel_c3n_44_03_0b_dsc_vdo.ko
mipi_dsi_driver_register_full	0xfa27dea8	dsi_panel_c3n_44_03_0j_dsc_vdo.ko
mipi_dsi_driver_register_full	0xfa27dea8	dsi_panel_c3n_46_03_0c_dsc_vdo.ko
mipi_dsi_driver_register_full	0xfa27dea8	dsi_panel_c3n_46_03_0f_dsc_vdo.ko
mipi_dsi_driver_register_full	0xfa27dea8	dsi_panel_c3n_46_03_0g_dsc_vdo.ko
mipi_dsi_driver_register_full	0xfa27dea8	dsi_panel_c3n_null_dsc_vdo.ko
mipi_dsi_driver_unregister	0x4c0c1d71	dsi_panel_c3n_35_02_0h_dsc_vdo.ko
mipi_dsi_driver_unregister	0x4c0c1d71	dsi_panel_c3n_35_0f_0e_dsc_vdo.ko
mipi_dsi_driver_unregister	0x4c0c1d71	dsi_panel_c3n_35_0f_0l_dsc_vdo.ko
mipi_dsi_driver_unregister	0x4c0c1d71	dsi_panel_c3n_37_02_0d_dsc_vdo.ko
mipi_dsi_driver_unregister	0x4c0c1d71	dsi_panel_c3n_43_02_0a_dsc_vdo.ko
mipi_dsi_driver_unregister	0x4c0c1d71	dsi_panel_c3n_43_02_0k_dsc_vdo.ko
mipi_dsi_driver_unregister	0x4c0c1d71	dsi_panel_c3n_43_02_0n_dsc_vdo.ko
mipi_dsi_driver_unregister	0x4c0c1d71	dsi_panel_c3n_44_03_0b_dsc_vdo.ko
mipi_dsi_driver_unregister	0x4c0c1d71	dsi_panel_c3n_44_03_0j_dsc_vdo.ko
mipi_dsi_driver_unregister	0x4c0c1d71	dsi_panel_c3n_46_03_0c_dsc_vdo.ko
mipi_dsi_driver_unregister	0x4c0c1d71	dsi_panel_c3n_46_03_0f_dsc_vdo.ko
mipi_dsi_driver_unregister	0x4c0c1d71	dsi_panel_c3n_46_03_0g_dsc_vdo.ko
mipi_dsi_driver_unregister	0x4c0c1d71	dsi_panel_c3n_null_dsc_vdo.ko
mipi_dsi_generic_write	0xd7ca4227	dsi_panel_c3n_35_02_0h_dsc_vdo.ko
mipi_dsi_generic_write	0xd7ca4227	dsi_panel_c3n_35_0f_0e_dsc_vdo.ko
mipi_dsi_generic_write	0xd7ca4227	dsi_panel_c3n_35_0f_0l_dsc_vdo.ko
mipi_dsi_generic_write	0xd7ca4227	dsi_panel_c3n_37_02_0d_dsc_vdo.ko
mipi_dsi_generic_write	0xd7ca4227	dsi_panel_c3n_43_02_0a_dsc_vdo.ko
mipi_dsi_generic_write	0xd7ca4227	dsi_panel_c3n_43_02_0k_dsc_vdo.ko
mipi_dsi_generic_write	0xd7ca4227	dsi_panel_c3n_43_02_0n_dsc_vdo.ko
mipi_dsi_generic_write	0xd7ca4227	dsi_panel_c3n_44_03_0b_dsc_vdo.ko
mipi_dsi_generic_write	0xd7ca4227	dsi_panel_c3n_44_03_0j_dsc_vdo.ko
mipi_dsi_generic_write	0xd7ca4227	dsi_panel_c3n_46_03_0c_dsc_vdo.ko
mipi_dsi_generic_write	0xd7ca4227	dsi_panel_c3n_46_03_0f_dsc_vdo.ko
mipi_dsi_generic_write	0xd7ca4227	dsi_panel_c3n_46_03_0g_dsc_vdo.ko
mipi_dsi_generic_write	0xd7ca4227	dsi_panel_c3n_null_dsc_vdo.ko
mipi_dsi_host_register	0x9a0c907d	mediatek-drm.ko
mipi_dsi_host_unregister	0x919bd71c	mediatek-drm.ko
misc_deregister	0x1a37bf21	accel_common.ko
misc_deregister	0x1a37bf21	aee_aed.ko
misc_deregister	0x1a37bf21	aee_rs.ko
misc_deregister	0x1a37bf21	alsps_common.ko
misc_deregister	0x1a37bf21	atf_logger.ko
misc_deregister	0x1a37bf21	baro_common.ko
misc_deregister	0x1a37bf21	ft8057m_spi.ko
misc_deregister	0x1a37bf21	gyro_common.ko
misc_deregister	0x1a37bf21	gz_main_mod.ko
misc_deregister	0x1a37bf21	mag_common.ko
misc_deregister	0x1a37bf21	mali_kbase_mt6768_r49.ko
misc_deregister	0x1a37bf21	met.ko
misc_deregister	0x1a37bf21	monitor_hang.ko
misc_deregister	0x1a37bf21	mtk-mml.ko
misc_deregister	0x1a37bf21	scp.ko
misc_deregister	0x1a37bf21	situationhub.ko
misc_deregister	0x1a37bf21	snd-soc-fs15xx.ko
misc_deregister	0x1a37bf21	snd-soc-mtk-common.ko
misc_deregister	0x1a37bf21	snd-soc-sipa-tuning.ko
misc_deregister	0x1a37bf21	uload_ind.ko
misc_deregister	0x1a37bf21	wlan_drv_gen4m_6768.ko
misc_deregister	0x1a37bf21	xiaomi_touch.ko
misc_register	0xcec599bf	accel_common.ko
misc_register	0xcec599bf	aee_aed.ko
misc_register	0xcec599bf	aee_rs.ko
misc_register	0xcec599bf	alsps_common.ko
misc_register	0xcec599bf	atf_logger.ko
misc_register	0xcec599bf	baro_common.ko
misc_register	0xcec599bf	ft8057m_spi.ko
misc_register	0xcec599bf	gyro_common.ko
misc_register	0xcec599bf	gz_main_mod.ko
misc_register	0xcec599bf	mag_common.ko
misc_register	0xcec599bf	mali_kbase_mt6768_r49.ko
misc_register	0xcec599bf	mdp_drv_mt6768.ko
misc_register	0xcec599bf	met.ko
misc_register	0xcec599bf	mme.ko
misc_register	0xcec599bf	mmprofile.ko
misc_register	0xcec599bf	monitor_hang.ko
misc_register	0xcec599bf	mtk-mml.ko
misc_register	0xcec599bf	scp.ko
misc_register	0xcec599bf	sensor_list.ko
misc_register	0xcec599bf	situationhub.ko
misc_register	0xcec599bf	snd-soc-fs15xx.ko
misc_register	0xcec599bf	snd-soc-mtk-common.ko
misc_register	0xcec599bf	snd-soc-sipa-tuning.ko
misc_register	0xcec599bf	sspm_v1.ko
misc_register	0xcec599bf	uload_ind.ko
misc_register	0xcec599bf	wlan_drv_gen4m_6768.ko
misc_register	0xcec599bf	xiaomi_touch.ko
mktime64	0x0fb2f8a4	rtc-mt6397.ko
mmc_add_host	0x54a249d7	mtk-mmc.ko
mmc_alloc_host	0x5a86fa8a	mtk-mmc.ko
mmc_can_gpio_cd	0xa3dfe991	mtk-mmc.ko
mmc_cmdq_disable	0xc4096f88	mi_memory.ko
mmc_cmdq_disable	0xc4096f88	rpmb-mtk.ko
mmc_cmdq_enable	0x6181fe7d	mi_memory.ko
mmc_cmdq_enable	0x6181fe7d	rpmb-mtk.ko
mmc_cqe_request_done	0x37c24940	cqhci.ko
mmc_dbg_register	0xd2c0d25b	mtk-mmc.ko
mmc_detect_change	0x3be892ee	mtk-mmc.ko
mmc_free_host	0x44305ad0	mtk-mmc.ko
mmc_get_card	0xe6e1377b	mi_memory.ko
mmc_get_card	0xe6e1377b	rpmb-mtk.ko
mmc_get_ext_csd	0x9920f499	mi_memory.ko
mmc_get_ext_csd	0x9920f499	mtk-mmc.ko
mmc_gpio_get_cd	0x8e97627a	mtk-mmc.ko
mmc_gpio_get_ro	0x8a78338c	mtk-mmc.ko
mmc_hw_reset	0xb8beb394	mi_memory.ko
mmc_hw_reset	0xb8beb394	mtk-mmc.ko
mmc_mtk_biolog_check	0x73fcd576	cqhci.ko
mmc_mtk_biolog_check	0x73fcd576	mtk-mmc.ko
mmc_mtk_biolog_exit	0xb917c850	mtk-mmc.ko
mmc_mtk_biolog_init	0xcd1141cc	mtk-mmc-dbg.ko
mmc_mtk_biolog_send_command	0xfe918ff1	cqhci.ko
mmc_mtk_biolog_send_command	0xfe918ff1	mtk-mmc.ko
mmc_mtk_biolog_transfer_req_compl	0x4d8528e2	mtk-mmc.ko
mmc_of_parse	0x35e7abfa	mtk-mmc.ko
mmc_put_card	0xf2dc8ece	mi_memory.ko
mmc_put_card	0xf2dc8ece	rpmb-mtk.ko
mmc_regulator_get_supply	0x103fd93e	mtk-mmc.ko
mmc_regulator_set_ocr	0x7da60b7c	mtk-mmc.ko
mmc_regulator_set_vqmmc	0xbf04710d	mtk-mmc.ko
mmc_release_host	0x4aa4d0b8	mi_memory.ko
mmc_remove_host	0x0812834d	mtk-mmc.ko
mmc_request_done	0x753df634	mtk-mmc.ko
mmc_rpmb_register	0x48f2571d	mtk-mmc.ko
mmc_send_status	0x4640c6b0	mi_memory.ko
mmc_send_tuning	0x425f2c4c	mtk-mmc.ko
mmc_set_blocklen	0x74d61bc3	mi_memory.ko
mmc_set_data_timeout	0xfd686e1a	mi_memory.ko
mmc_set_data_timeout	0xfd686e1a	rpmb-mtk.ko
mmc_switch	0x99b92b0b	mi_memory.ko
mmc_switch	0x99b92b0b	mtk-mmc.ko
mmc_switch	0x99b92b0b	rpmb-mtk.ko
mmc_wait_for_cmd	0x3f98f61a	mi_memory.ko
mmc_wait_for_req	0xbd38be22	mi_memory.ko
mmc_wait_for_req	0xbd38be22	rpmb-mtk.ko
mmdvfs_debug_record_opp_set_fp	0x48b553fe	mtk-mmdvfs-debug.ko
mmdvfs_debug_status_dump	0x19b7335f	mediatek-drm.ko
mmdvfs_set_lp_mode	0x2df41765	mediatek-drm.ko
mme_register_buffer	0x0c3a9958	mediatek-drm.ko
mme_register_dump_callback	0xe2ab183a	mediatek-drm.ko
mmevent_log	0xb6335e7f	mediatek-drm.ko
mmevent_log	0xb6335e7f	mtk_disp_sec.ko
mminfra_gce_cg	0xeb836211	cmdq-sec-drv.ko
mminfra_power_cb	0xa9b58fb1	cmdq-sec-drv.ko
mml_drm_ctx_idle	0x2fe050cb	mediatek-drm.ko
mml_drm_get_context	0x084e3413	mediatek-drm.ko
mml_drm_get_hw_caps	0x69e39a4a	mediatek-drm.ko
mml_drm_kick_done	0x947c702d	mediatek-drm.ko
mml_drm_put_context	0x01d6838d	mediatek-drm.ko
mml_drm_query_cap	0x9a87f686	mediatek-drm.ko
mml_drm_query_hw_support	0x20a783d5	mediatek-drm.ko
mml_drm_query_multi_layer	0xd3303e6b	mediatek-drm.ko
mml_drm_racing_config_sync	0x3298ee1f	mediatek-drm.ko
mml_drm_racing_stop_sync	0x9b8f437e	mediatek-drm.ko
mml_drm_set_panel_pixel	0xbe87039d	mediatek-drm.ko
mml_drm_split_info	0x0558bf1f	mediatek-drm.ko
mml_drm_stop	0x50bdd196	mediatek-drm.ko
mml_drm_submit	0x625ec119	mediatek-drm.ko
mml_drm_submit_timeout	0x33d74e27	mediatek-drm.ko
mml_get_plat_device	0xa8eacb33	mediatek-drm.ko
mmprofile_enable	0x899ea9dc	cmdq-bdg-mailbox.ko
mmprofile_enable	0x899ea9dc	cmdq-sec-drv.ko
mmprofile_enable	0x899ea9dc	mdp_drv_mt6768.ko
mmprofile_enable	0x899ea9dc	mediatek-drm.ko
mmprofile_enable	0x899ea9dc	mtk-cmdq-drv-ext.ko
mmprofile_enable	0x899ea9dc	mtk-mmdvfs.ko
mmprofile_enable	0x899ea9dc	mtk-mml.ko
mmprofile_enable_event_recursive	0x560a0e63	cmdq-bdg-mailbox.ko
mmprofile_enable_event_recursive	0x560a0e63	cmdq-sec-drv.ko
mmprofile_enable_event_recursive	0x560a0e63	mdp_drv_mt6768.ko
mmprofile_enable_event_recursive	0x560a0e63	mediatek-drm.ko
mmprofile_enable_event_recursive	0x560a0e63	mtk-cmdq-drv-ext.ko
mmprofile_enable_event_recursive	0x560a0e63	mtk-mmdvfs.ko
mmprofile_enable_event_recursive	0x560a0e63	mtk-mml.ko
mmprofile_log_ex	0xd77d7c9c	cmdq-bdg-mailbox.ko
mmprofile_log_ex	0xd77d7c9c	cmdq-sec-drv.ko
mmprofile_log_ex	0xd77d7c9c	mdp_drv_mt6768.ko
mmprofile_log_ex	0xd77d7c9c	mediatek-drm.ko
mmprofile_log_ex	0xd77d7c9c	mtk-cmdq-drv-ext.ko
mmprofile_log_ex	0xd77d7c9c	mtk-mmdvfs.ko
mmprofile_log_ex	0xd77d7c9c	mtk-mml.ko
mmprofile_log_meta	0x44480f47	mediatek-drm.ko
mmprofile_log_meta	0x44480f47	mtk-mml.ko
mmprofile_log_meta_bitmap	0xd0c189d4	mediatek-drm.ko
mmprofile_log_meta_yuv_bitmap	0xaa7dc2bb	mediatek-drm.ko
mmprofile_register_event	0x7ffb1903	cmdq-bdg-mailbox.ko
mmprofile_register_event	0x7ffb1903	cmdq-sec-drv.ko
mmprofile_register_event	0x7ffb1903	mdp_drv_mt6768.ko
mmprofile_register_event	0x7ffb1903	mediatek-drm.ko
mmprofile_register_event	0x7ffb1903	mtk-cmdq-drv-ext.ko
mmprofile_register_event	0x7ffb1903	mtk-mmdvfs.ko
mmprofile_register_event	0x7ffb1903	mtk-mml.ko
mmprofile_start	0xda38583a	cmdq-bdg-mailbox.ko
mmprofile_start	0xda38583a	cmdq-sec-drv.ko
mmprofile_start	0xda38583a	mdp_drv_mt6768.ko
mmprofile_start	0xda38583a	mediatek-drm.ko
mmprofile_start	0xda38583a	mtk-cmdq-drv-ext.ko
mmprofile_start	0xda38583a	mtk-mmdvfs.ko
mmprofile_start	0xda38583a	mtk-mml.ko
mmput	0x1924390a	aee_aed.ko
mmput	0x1924390a	mcDrvModule.ko
mmput	0x1924390a	monitor_hang.ko
mmput	0x1924390a	mtk_heap_debug.ko
mmqos_hrt_dump	0x28100ea4	mediatek-drm.ko
mod_delayed_work_on	0xc4f47221	cfg80211.ko
mod_delayed_work_on	0xc4f47221	mali_kbase_mt6768_r49.ko
mod_delayed_work_on	0xc4f47221	mtk-mmc.ko
mod_delayed_work_on	0xc4f47221	mtk_pbm.ko
mod_delayed_work_on	0xc4f47221	pd_dbg_info.ko
mod_delayed_work_on	0xc4f47221	tcpc_class.ko
mod_delayed_work_on	0xc4f47221	thermal_monitor.ko
mod_delayed_work_on	0xc4f47221	wifi_ant_check.ko
mod_node_page_state	0x3908cad9	mali_mgm_mt6768_r49.ko
mod_node_page_state	0x3908cad9	system_heap.ko
mod_timer	0x72cd0f7f	alsps_common.ko
mod_timer	0x72cd0f7f	ccci_ccif.ko
mod_timer	0x72cd0f7f	ccci_cldma.ko
mod_timer	0x72cd0f7f	cfg80211.ko
mod_timer	0x72cd0f7f	cmdq-bdg-mailbox.ko
mod_timer	0x72cd0f7f	cmdq-sec-drv.ko
mod_timer	0x72cd0f7f	cmdq-test.ko
mod_timer	0x72cd0f7f	fmradio_drv_mt6631.ko
mod_timer	0x72cd0f7f	mac80211.ko
mod_timer	0x72cd0f7f	mali_kbase_mt6768_r49.ko
mod_timer	0x72cd0f7f	mediatek-drm.ko
mod_timer	0x72cd0f7f	mt6358-accdet.ko
mod_timer	0x72cd0f7f	mtk-cmdq-drv-ext.ko
mod_timer	0x72cd0f7f	mtk-vcodec-dec-v1.ko
mod_timer	0x72cd0f7f	mtk_cm_mgr_mt6768.ko
mod_timer	0x72cd0f7f	mtk_dynamic_loading_throttling.ko
mod_timer	0x72cd0f7f	mtk_low_battery_throttling.ko
mod_timer	0x72cd0f7f	mtk_peak_power_budget.ko
mod_timer	0x72cd0f7f	musb_hdrc.ko
mod_timer	0x72cd0f7f	nxp_i2c.ko
mod_timer	0x72cd0f7f	scp.ko
mod_timer	0x72cd0f7f	sensorHub.ko
mod_timer	0x72cd0f7f	step_counter.ko
mod_timer	0x72cd0f7f	ufs-mediatek-mod.ko
mod_timer	0x72cd0f7f	wlan_drv_gen4m_6768.ko
mod_timer	0x72cd0f7f	wmt_drv.ko
modem_dcd_state	0xd3504f48	c2k_usb.ko
modem_dtr_set	0x1f1ae43b	c2k_usb.ko
module_layout	0x4e276f37	8250_mtk.ko
module_layout	0x4e276f37	CPU_DVFS.ko
module_layout	0x4e276f37	MTK_INTERNAL_SPM.ko
module_layout	0x4e276f37	Upower.ko
module_layout	0x4e276f37	accel_common.ko
module_layout	0x4e276f37	accelhub.ko
module_layout	0x4e276f37	adapter_class.ko
module_layout	0x4e276f37	aee_aed.ko
module_layout	0x4e276f37	aee_hangdet.ko
module_layout	0x4e276f37	aee_rs.ko
module_layout	0x4e276f37	alsps_common.ko
module_layout	0x4e276f37	alspshub.ko
module_layout	0x4e276f37	archcounter_timesync.ko
module_layout	0x4e276f37	arm_dsu_pmu.ko
module_layout	0x4e276f37	atf_logger.ko
module_layout	0x4e276f37	baro_common.ko
module_layout	0x4e276f37	barohub.ko
module_layout	0x4e276f37	binder_gki.ko
module_layout	0x4e276f37	binder_prio.ko
module_layout	0x4e276f37	blocktag.ko
module_layout	0x4e276f37	bootprof.ko
module_layout	0x4e276f37	bt_drv_connac1x.ko
module_layout	0x4e276f37	btif_drv.ko
module_layout	0x4e276f37	c2k_usb.ko
module_layout	0x4e276f37	c2k_usb_f_via_atc.ko
module_layout	0x4e276f37	c2k_usb_f_via_ets.ko
module_layout	0x4e276f37	c2k_usb_f_via_modem.ko
module_layout	0x4e276f37	cache-parity.ko
module_layout	0x4e276f37	cam_qos_4.ko
module_layout	0x4e276f37	camera_dpe_isp40.ko
module_layout	0x4e276f37	camera_eeprom_isp4_t.ko
module_layout	0x4e276f37	camera_fdvt_isp40.ko
module_layout	0x4e276f37	camera_isp_4_t.ko
module_layout	0x4e276f37	camera_mem.ko
module_layout	0x4e276f37	ccci_auxadc.ko
module_layout	0x4e276f37	ccci_ccif.ko
module_layout	0x4e276f37	ccci_cldma.ko
module_layout	0x4e276f37	ccci_fsm_scp.ko
module_layout	0x4e276f37	ccci_md_all.ko
module_layout	0x4e276f37	ccci_util_lib.ko
module_layout	0x4e276f37	ccmni.ko
module_layout	0x4e276f37	ccu_isp4.ko
module_layout	0x4e276f37	cfg80211.ko
module_layout	0x4e276f37	charger_class.ko
module_layout	0x4e276f37	clk-common.ko
module_layout	0x4e276f37	clk-fmeter-mt6768.ko
module_layout	0x4e276f37	clk-mt6768-pg.ko
module_layout	0x4e276f37	clk-mt6768.ko
module_layout	0x4e276f37	clkbuf.ko
module_layout	0x4e276f37	clkchk-mt6768.ko
module_layout	0x4e276f37	clkdbg-mt6768.ko
module_layout	0x4e276f37	cmdq-bdg-mailbox.ko
module_layout	0x4e276f37	cmdq-bdg-test.ko
module_layout	0x4e276f37	cmdq-platform-mt6768.ko
module_layout	0x4e276f37	cmdq-sec-drv.ko
module_layout	0x4e276f37	cmdq-test.ko
module_layout	0x4e276f37	cmdq_helper_inf.ko
module_layout	0x4e276f37	conn_md_drv.ko
module_layout	0x4e276f37	connadp.ko
module_layout	0x4e276f37	cpufreq_sugov_ext.ko
module_layout	0x4e276f37	cpumaxfreq.ko
module_layout	0x4e276f37	cpuqos_ext.ko
module_layout	0x4e276f37	cqhci.ko
module_layout	0x4e276f37	dbg_error_flag.ko
module_layout	0x4e276f37	device-apc-common-legacy.ko
module_layout	0x4e276f37	device-apc-mt6768.ko
module_layout	0x4e276f37	drm_display_helper.ko
module_layout	0x4e276f37	drm_dma_helper.ko
module_layout	0x4e276f37	dsi_panel_c3n_35_02_0h_dsc_vdo.ko
module_layout	0x4e276f37	dsi_panel_c3n_35_0f_0e_dsc_vdo.ko
module_layout	0x4e276f37	dsi_panel_c3n_35_0f_0l_dsc_vdo.ko
module_layout	0x4e276f37	dsi_panel_c3n_37_02_0d_dsc_vdo.ko
module_layout	0x4e276f37	dsi_panel_c3n_43_02_0a_dsc_vdo.ko
module_layout	0x4e276f37	dsi_panel_c3n_43_02_0k_dsc_vdo.ko
module_layout	0x4e276f37	dsi_panel_c3n_43_02_0n_dsc_vdo.ko
module_layout	0x4e276f37	dsi_panel_c3n_44_03_0b_dsc_vdo.ko
module_layout	0x4e276f37	dsi_panel_c3n_44_03_0j_dsc_vdo.ko
module_layout	0x4e276f37	dsi_panel_c3n_46_03_0c_dsc_vdo.ko
module_layout	0x4e276f37	dsi_panel_c3n_46_03_0f_dsc_vdo.ko
module_layout	0x4e276f37	dsi_panel_c3n_46_03_0g_dsc_vdo.ko
module_layout	0x4e276f37	dsi_panel_c3n_bias.ko
module_layout	0x4e276f37	dsi_panel_c3n_null_dsc_vdo.ko
module_layout	0x4e276f37	dvfsrc-opp-mt6768.ko
module_layout	0x4e276f37	eas_ext.ko
module_layout	0x4e276f37	emi-dummy.ko
module_layout	0x4e276f37	emicen.ko
module_layout	0x4e276f37	emictrl.ko
module_layout	0x4e276f37	emiisu.ko
module_layout	0x4e276f37	emimpu.ko
module_layout	0x4e276f37	extcon-mtk-usb.ko
module_layout	0x4e276f37	extdev_io_class.ko
module_layout	0x4e276f37	fhctl.ko
module_layout	0x4e276f37	flashlight.ko
module_layout	0x4e276f37	fmradio_drv_mt6631.ko
module_layout	0x4e276f37	fpsgo.ko
module_layout	0x4e276f37	ft8057m_spi.ko
module_layout	0x4e276f37	ft8057p_spi.ko
module_layout	0x4e276f37	fusion.ko
module_layout	0x4e276f37	gamerotvechub.ko
module_layout	0x4e276f37	gc_gc6133c_ii.ko
module_layout	0x4e276f37	ged.ko
module_layout	0x4e276f37	gf_fingerprint.ko
module_layout	0x4e276f37	gmagrotvechub.ko
module_layout	0x4e276f37	gps_drv_stp.ko
module_layout	0x4e276f37	gravityhub.ko
module_layout	0x4e276f37	gyro_common.ko
module_layout	0x4e276f37	gyrohub.ko
module_layout	0x4e276f37	gz_ipc_mod.ko
module_layout	0x4e276f37	gz_irq_mod.ko
module_layout	0x4e276f37	gz_log_mod.ko
module_layout	0x4e276f37	gz_main_mod.ko
module_layout	0x4e276f37	gz_trusty_mod.ko
module_layout	0x4e276f37	gz_tz_system.ko
module_layout	0x4e276f37	gz_virtio_mod.ko
module_layout	0x4e276f37	hwmon.ko
module_layout	0x4e276f37	i2c-mt65xx.ko
module_layout	0x4e276f37	icnl9916_spi.ko
module_layout	0x4e276f37	imgsensor_isp4_t.ko
module_layout	0x4e276f37	iommu_debug.ko
module_layout	0x4e276f37	iommu_gz.ko
module_layout	0x4e276f37	iommu_secure.ko
module_layout	0x4e276f37	iommu_test.ko
module_layout	0x4e276f37	irq-dbg.ko
module_layout	0x4e276f37	isee.ko
module_layout	0x4e276f37	lc_charger_sysfs.ko
module_layout	0x4e276f37	lct_audio_info.ko
module_layout	0x4e276f37	lct_tp.ko
module_layout	0x4e276f37	leds-mt6370-flash.ko
module_layout	0x4e276f37	leds-mtk-disp.ko
module_layout	0x4e276f37	leds-mtk-pwm.ko
module_layout	0x4e276f37	leds-mtk.ko
module_layout	0x4e276f37	linearacchub.ko
module_layout	0x4e276f37	load_track.ko
module_layout	0x4e276f37	log_store.ko
module_layout	0x4e276f37	mac80211.ko
module_layout	0x4e276f37	mag_common.ko
module_layout	0x4e276f37	maghub.ko
module_layout	0x4e276f37	main2af.ko
module_layout	0x4e276f37	main3af.ko
module_layout	0x4e276f37	mainaf.ko
module_layout	0x4e276f37	mali_kbase_mt6768_r49.ko
module_layout	0x4e276f37	mali_mgm_mt6768_r49.ko
module_layout	0x4e276f37	mali_prot_alloc_mt6768_r49.ko
module_layout	0x4e276f37	mcDrvModule.ko
module_layout	0x4e276f37	mcdi.ko
module_layout	0x4e276f37	mdp_drv_mt6768.ko
module_layout	0x4e276f37	mediatek-drm.ko
module_layout	0x4e276f37	mediatek_eem.ko
module_layout	0x4e276f37	mediatek_static_power.ko
module_layout	0x4e276f37	memory-amms.ko
module_layout	0x4e276f37	met.ko
module_layout	0x4e276f37	met_backlight_api.ko
module_layout	0x4e276f37	met_emi_api.ko
module_layout	0x4e276f37	met_gpu_adv_api.ko
module_layout	0x4e276f37	met_gpu_api.ko
module_layout	0x4e276f37	met_ipi_api.ko
module_layout	0x4e276f37	met_mcupm_api.ko
module_layout	0x4e276f37	met_scmi_api.ko
module_layout	0x4e276f37	met_sspm_api.ko
module_layout	0x4e276f37	met_vcore_api.ko
module_layout	0x4e276f37	mi_memory.ko
module_layout	0x4e276f37	mi_rmap_efficiency.ko
module_layout	0x4e276f37	miev.ko
module_layout	0x4e276f37	millet_binder.ko
module_layout	0x4e276f37	millet_core.ko
module_layout	0x4e276f37	millet_hs.ko
module_layout	0x4e276f37	millet_oem_cgroup.ko
module_layout	0x4e276f37	millet_pkg.ko
module_layout	0x4e276f37	millet_sig.ko
module_layout	0x4e276f37	mme.ko
module_layout	0x4e276f37	mmprofile.ko
module_layout	0x4e276f37	mmqos-common.ko
module_layout	0x4e276f37	mmqos-mt6768.ko
module_layout	0x4e276f37	monitor_hang.ko
module_layout	0x4e276f37	mrdump.ko
module_layout	0x4e276f37	mt6358-accdet.ko
module_layout	0x4e276f37	mt6358-regulator.ko
module_layout	0x4e276f37	mt6358_battery.ko
module_layout	0x4e276f37	mt635x-auxadc.ko
module_layout	0x4e276f37	mt6370-adc.ko
module_layout	0x4e276f37	mt6370-charger.ko
module_layout	0x4e276f37	mt6370-regulator.ko
module_layout	0x4e276f37	mt6370.ko
module_layout	0x4e276f37	mt6397.ko
module_layout	0x4e276f37	mt63xx-debug.ko
module_layout	0x4e276f37	mt6577_auxadc.ko
module_layout	0x4e276f37	mt6768-mt6358.ko
module_layout	0x4e276f37	mt6768_dcm.ko
module_layout	0x4e276f37	mtk-afe-external.ko
module_layout	0x4e276f37	mtk-btcvsd.ko
module_layout	0x4e276f37	mtk-cmdq-drv-ext.ko
module_layout	0x4e276f37	mtk-composite.ko
module_layout	0x4e276f37	mtk-cqdma.ko
module_layout	0x4e276f37	mtk-dvfsrc-devfreq.ko
module_layout	0x4e276f37	mtk-dvfsrc-helper.ko
module_layout	0x4e276f37	mtk-dvfsrc-regulator.ko
module_layout	0x4e276f37	mtk-dvfsrc-start.ko
module_layout	0x4e276f37	mtk-dvfsrc.ko
module_layout	0x4e276f37	mtk-emi.ko
module_layout	0x4e276f37	mtk-icc-core.ko
module_layout	0x4e276f37	mtk-kpd.ko
module_layout	0x4e276f37	mtk-mbox.ko
module_layout	0x4e276f37	mtk-mmc-dbg.ko
module_layout	0x4e276f37	mtk-mmc-wp.ko
module_layout	0x4e276f37	mtk-mmc.ko
module_layout	0x4e276f37	mtk-mmdebug-vcp-stub.ko
module_layout	0x4e276f37	mtk-mmdvfs-debug.ko
module_layout	0x4e276f37	mtk-mmdvfs-ftrace.ko
module_layout	0x4e276f37	mtk-mmdvfs.ko
module_layout	0x4e276f37	mtk-mml.ko
module_layout	0x4e276f37	mtk-pmic-keys.ko
module_layout	0x4e276f37	mtk-pmic-wrap.ko
module_layout	0x4e276f37	mtk-pwm.ko
module_layout	0x4e276f37	mtk-scpsys-bringup.ko
module_layout	0x4e276f37	mtk-scpsys-mt6768.ko
module_layout	0x4e276f37	mtk-scpsys.ko
module_layout	0x4e276f37	mtk-smi-bwc.ko
module_layout	0x4e276f37	mtk-smi-dbg.ko
module_layout	0x4e276f37	mtk-smi.ko
module_layout	0x4e276f37	mtk-socinfo.ko
module_layout	0x4e276f37	mtk-sp-spk-amp.ko
module_layout	0x4e276f37	mtk-uart-apdma.ko
module_layout	0x4e276f37	mtk-vcodec-common.ko
module_layout	0x4e276f37	mtk-vcodec-dec-v1.ko
module_layout	0x4e276f37	mtk-vcodec-enc-v1.ko
module_layout	0x4e276f37	mtk-vcu.ko
module_layout	0x4e276f37	mtk_battery_manager.ko
module_layout	0x4e276f37	mtk_battery_oc_throttling.ko
module_layout	0x4e276f37	mtk_bp_thl.ko
module_layout	0x4e276f37	mtk_charger_algorithm_class.ko
module_layout	0x4e276f37	mtk_charger_cooling.ko
module_layout	0x4e276f37	mtk_charger_framework.ko
module_layout	0x4e276f37	mtk_chg_type_det.ko
module_layout	0x4e276f37	mtk_cm_mgr.ko
module_layout	0x4e276f37	mtk_cm_mgr_mt6768.ko
module_layout	0x4e276f37	mtk_cpu_power_throttling.ko
module_layout	0x4e276f37	mtk_cpuhp.ko
module_layout	0x4e276f37	mtk_cpuidle.ko
module_layout	0x4e276f37	mtk_dcm.ko
module_layout	0x4e276f37	mtk_disp_notify.ko
module_layout	0x4e276f37	mtk_disp_sec.ko
module_layout	0x4e276f37	mtk_dramc.ko
module_layout	0x4e276f37	mtk_dynamic_loading_throttling.ko
module_layout	0x4e276f37	mtk_em.ko
module_layout	0x4e276f37	mtk_fpsgo.ko
module_layout	0x4e276f37	mtk_gpu_hal.ko
module_layout	0x4e276f37	mtk_gpu_qos.ko
module_layout	0x4e276f37	mtk_gpufreq_mt6768.ko
module_layout	0x4e276f37	mtk_gpufreq_wrapper_legacy.ko
module_layout	0x4e276f37	mtk_heap_debug.ko
module_layout	0x4e276f37	mtk_ioctl_powerhal.ko
module_layout	0x4e276f37	mtk_ioctl_touch_boost.ko
module_layout	0x4e276f37	mtk_iommu.ko
module_layout	0x4e276f37	mtk_iommu_util.ko
module_layout	0x4e276f37	mtk_irtx_pwm.ko
module_layout	0x4e276f37	mtk_jpeg.ko
module_layout	0x4e276f37	mtk_low_battery_throttling.ko
module_layout	0x4e276f37	mtk_md_power_throttling.ko
module_layout	0x4e276f37	mtk_mdpm_v1.ko
module_layout	0x4e276f37	mtk_panel_ext.ko
module_layout	0x4e276f37	mtk_pbm.ko
module_layout	0x4e276f37	mtk_pd_adapter.ko
module_layout	0x4e276f37	mtk_pd_charging.ko
module_layout	0x4e276f37	mtk_peak_power_budget.ko
module_layout	0x4e276f37	mtk_pep.ko
module_layout	0x4e276f37	mtk_pep20.ko
module_layout	0x4e276f37	mtk_pep40.ko
module_layout	0x4e276f37	mtk_perf_common.ko
module_layout	0x4e276f37	mtk_perf_ioctl.ko
module_layout	0x4e276f37	mtk_power_gs_v1.ko
module_layout	0x4e276f37	mtk_ppm_v3.ko
module_layout	0x4e276f37	mtk_printk_ctrl.ko
module_layout	0x4e276f37	mtk_qos_legacy.ko
module_layout	0x4e276f37	mtk_rpmsg_mbox.ko
module_layout	0x4e276f37	mtk_sec_heap.ko
module_layout	0x4e276f37	mtk_spi.ko
module_layout	0x4e276f37	mtk_sync.ko
module_layout	0x4e276f37	mtk_tinysys_ipi.ko
module_layout	0x4e276f37	mtk_u_ether.ko
module_layout	0x4e276f37	mtk_usb_f_rndis.ko
module_layout	0x4e276f37	mtk_wdt.ko
module_layout	0x4e276f37	musb_boost.ko
module_layout	0x4e276f37	musb_hdrc.ko
module_layout	0x4e276f37	musb_main.ko
module_layout	0x4e276f37	nt36528_spi.ko
module_layout	0x4e276f37	nvmem-mt635x-efuse.ko
module_layout	0x4e276f37	nvmem_mtk-devinfo.ko
module_layout	0x4e276f37	nxp_i2c.ko
module_layout	0x4e276f37	orienthub.ko
module_layout	0x4e276f37	pd-chk-mt6768.ko
module_layout	0x4e276f37	pd_dbg_info.ko
module_layout	0x4e276f37	perf_helper.ko
module_layout	0x4e276f37	perfhelper.ko
module_layout	0x4e276f37	phy-generic.ko
module_layout	0x4e276f37	phy-mtk-tphy.ko
module_layout	0x4e276f37	pidmap.ko
module_layout	0x4e276f37	pinctrl-mt6768.ko
module_layout	0x4e276f37	pinctrl-mtk-common-v2_debug.ko
module_layout	0x4e276f37	pinctrl-mtk-v2.ko
module_layout	0x4e276f37	pmic_lbat_service.ko
module_layout	0x4e276f37	pmic_lvsys_notify.ko
module_layout	0x4e276f37	powerhal_cpu_ctrl.ko
module_layout	0x4e276f37	pwm-mtk-disp.ko
module_layout	0x4e276f37	reboot-mode.ko
module_layout	0x4e276f37	regulator-vibrator.ko
module_layout	0x4e276f37	rotatvechub.ko
module_layout	0x4e276f37	rpmb-mtk.ko
module_layout	0x4e276f37	rpmb.ko
module_layout	0x4e276f37	rps_perf.ko
module_layout	0x4e276f37	rt_pd_manager.ko
module_layout	0x4e276f37	rtc-mt6397.ko
module_layout	0x4e276f37	sc_sc080cs_i.ko
module_layout	0x4e276f37	scheduler.ko
module_layout	0x4e276f37	scp.ko
module_layout	0x4e276f37	sec-rng.ko
module_layout	0x4e276f37	sec.ko
module_layout	0x4e276f37	sensorHub.ko
module_layout	0x4e276f37	sensor_list.ko
module_layout	0x4e276f37	sensor_probe.ko
module_layout	0x4e276f37	sgm41543_charger.ko
module_layout	0x4e276f37	sil_fingerprint.ko
module_layout	0x4e276f37	simtray.ko
module_layout	0x4e276f37	situation.ko
module_layout	0x4e276f37	situationhub.ko
module_layout	0x4e276f37	snd-soc-fs15xx.ko
module_layout	0x4e276f37	snd-soc-mt6358.ko
module_layout	0x4e276f37	snd-soc-mt6660.ko
module_layout	0x4e276f37	snd-soc-mt6768-afe.ko
module_layout	0x4e276f37	snd-soc-mtk-common.ko
module_layout	0x4e276f37	snd-soc-sipa-tuning.ko
module_layout	0x4e276f37	sp_sp0821_iii.ko
module_layout	0x4e276f37	spi-mt65xx.ko
module_layout	0x4e276f37	spi_slave.ko
module_layout	0x4e276f37	sspm_v1.ko
module_layout	0x4e276f37	step_counter.ko
module_layout	0x4e276f37	stepsignhub.ko
module_layout	0x4e276f37	sub2af.ko
module_layout	0x4e276f37	subaf.ko
module_layout	0x4e276f37	syscon-reboot-mode.ko
module_layout	0x4e276f37	system_heap.ko
module_layout	0x4e276f37	t-base-tui.ko
module_layout	0x4e276f37	tcpc_class.ko
module_layout	0x4e276f37	tcpc_rt1711h.ko
module_layout	0x4e276f37	tcpc_upm7610.ko
module_layout	0x4e276f37	tcpci_late_sync.ko
module_layout	0x4e276f37	teeperf.ko
module_layout	0x4e276f37	thermal_monitor.ko
module_layout	0x4e276f37	timer-mediatek.ko
module_layout	0x4e276f37	touch_boost.ko
module_layout	0x4e276f37	trace_mmstat.ko
module_layout	0x4e276f37	trusted_mem.ko
module_layout	0x4e276f37	tui-common.ko
module_layout	0x4e276f37	ufs-mediatek-dbg.ko
module_layout	0x4e276f37	ufs-mediatek-mod.ko
module_layout	0x4e276f37	uload_ind.ko
module_layout	0x4e276f37	uncali_acchub.ko
module_layout	0x4e276f37	uncali_gyrohub.ko
module_layout	0x4e276f37	uncali_maghub.ko
module_layout	0x4e276f37	upm6920_charger.ko
module_layout	0x4e276f37	usb_meta.ko
module_layout	0x4e276f37	v4l2-flash-led-class.ko
module_layout	0x4e276f37	widevine_driver.ko
module_layout	0x4e276f37	wifi_ant_check.ko
module_layout	0x4e276f37	wlan_drv_gen4m_6768.ko
module_layout	0x4e276f37	wmt_chrdev_wifi.ko
module_layout	0x4e276f37	wmt_drv.ko
module_layout	0x4e276f37	xiaomi_touch.ko
module_layout	0x4e276f37	xm_smart_chg.ko
module_layout	0x4e276f37	zram.ko
module_layout	0x4e276f37	zsmalloc.ko
module_put	0x20c9e1a3	hwmon.ko
module_put	0x20c9e1a3	mali_kbase_mt6768_r49.ko
module_put	0x20c9e1a3	met.ko
module_put	0x20c9e1a3	miev.ko
mrdump_common_die	0x36f2ab73	aee_hangdet.ko
mrdump_common_die	0x36f2ab73	monitor_hang.ko
mrdump_mini_add_extra_file	0xdd115996	aee_hangdet.ko
mrdump_mini_add_extra_file	0xdd115996	ccci_md_all.ko
mrdump_mini_add_extra_file	0xdd115996	ccci_util_lib.ko
mrdump_mini_add_extra_file	0xdd115996	mediatek-drm.ko
mrdump_mini_add_extra_file	0xdd115996	mme.ko
mrdump_mini_add_extra_file	0xdd115996	mmqos-common.ko
mrdump_mini_add_extra_file	0xdd115996	mtk_heap_debug.ko
mrdump_mini_add_extra_file	0xdd115996	ufs-mediatek-dbg.ko
mrdump_mini_add_hang_raw	0x31d32c64	monitor_hang.ko
mrdump_regist_hang_bt	0x6327e210	monitor_hang.ko
mrdump_set_extra_dump	0x569cd023	blocktag.ko
mrdump_set_extra_dump	0x569cd023	iommu_debug.ko
mrdump_set_extra_dump	0x569cd023	mme.ko
mrdump_set_extra_dump	0x569cd023	mtk-cmdq-drv-ext.ko
mrdump_set_extra_dump	0x569cd023	mtk-mmc-dbg.ko
mrdump_set_extra_dump	0x569cd023	ufs-mediatek-dbg.ko
msdc_dump_info	0x789aaae3	mtk-mmc.ko
msdc_dump_register_from_buf	0xf11df8d3	mtk-mmc.ko
msleep	0xf9a482f9	8250_mtk.ko
msleep	0xf9a482f9	CPU_DVFS.ko
msleep	0xf9a482f9	accelhub.ko
msleep	0xf9a482f9	aee_aed.ko
msleep	0xf9a482f9	bt_drv_connac1x.ko
msleep	0xf9a482f9	btif_drv.ko
msleep	0xf9a482f9	ccci_fsm_scp.ko
msleep	0xf9a482f9	ccci_md_all.ko
msleep	0xf9a482f9	ccci_util_lib.ko
msleep	0xf9a482f9	cmdq-sec-drv.ko
msleep	0xf9a482f9	cmdq-test.ko
msleep	0xf9a482f9	drm_display_helper.ko
msleep	0xf9a482f9	dsi_panel_c3n_35_02_0h_dsc_vdo.ko
msleep	0xf9a482f9	dsi_panel_c3n_35_0f_0e_dsc_vdo.ko
msleep	0xf9a482f9	dsi_panel_c3n_35_0f_0l_dsc_vdo.ko
msleep	0xf9a482f9	dsi_panel_c3n_37_02_0d_dsc_vdo.ko
msleep	0xf9a482f9	dsi_panel_c3n_43_02_0a_dsc_vdo.ko
msleep	0xf9a482f9	dsi_panel_c3n_43_02_0k_dsc_vdo.ko
msleep	0xf9a482f9	dsi_panel_c3n_43_02_0n_dsc_vdo.ko
msleep	0xf9a482f9	dsi_panel_c3n_44_03_0b_dsc_vdo.ko
msleep	0xf9a482f9	dsi_panel_c3n_44_03_0j_dsc_vdo.ko
msleep	0xf9a482f9	dsi_panel_c3n_46_03_0c_dsc_vdo.ko
msleep	0xf9a482f9	dsi_panel_c3n_46_03_0f_dsc_vdo.ko
msleep	0xf9a482f9	dsi_panel_c3n_46_03_0g_dsc_vdo.ko
msleep	0xf9a482f9	dsi_panel_c3n_null_dsc_vdo.ko
msleep	0xf9a482f9	flashlight.ko
msleep	0xf9a482f9	fmradio_drv_mt6631.ko
msleep	0xf9a482f9	ft8057m_spi.ko
msleep	0xf9a482f9	ft8057p_spi.ko
msleep	0xf9a482f9	gc_gc6133c_ii.ko
msleep	0xf9a482f9	gf_fingerprint.ko
msleep	0xf9a482f9	gyrohub.ko
msleep	0xf9a482f9	gz_trusty_mod.ko
msleep	0xf9a482f9	gz_tz_system.ko
msleep	0xf9a482f9	icnl9916_spi.ko
msleep	0xf9a482f9	imgsensor_isp4_t.ko
msleep	0xf9a482f9	isee.ko
msleep	0xf9a482f9	leds-mt6370-flash.ko
msleep	0xf9a482f9	maghub.ko
msleep	0xf9a482f9	main2af.ko
msleep	0xf9a482f9	mainaf.ko
msleep	0xf9a482f9	mcDrvModule.ko
msleep	0xf9a482f9	mcdi.ko
msleep	0xf9a482f9	mediatek-drm.ko
msleep	0xf9a482f9	mediatek_eem.ko
msleep	0xf9a482f9	met.ko
msleep	0xf9a482f9	mi_memory.ko
msleep	0xf9a482f9	miev.ko
msleep	0xf9a482f9	mmqos-common.ko
msleep	0xf9a482f9	monitor_hang.ko
msleep	0xf9a482f9	mt6358_battery.ko
msleep	0xf9a482f9	mt6370-adc.ko
msleep	0xf9a482f9	mt6370-charger.ko
msleep	0xf9a482f9	mtk-cmdq-drv-ext.ko
msleep	0xf9a482f9	mtk-mmc-wp.ko
msleep	0xf9a482f9	mtk-mmdvfs-debug.ko
msleep	0xf9a482f9	mtk-smi-dbg.ko
msleep	0xf9a482f9	mtk-smi.ko
msleep	0xf9a482f9	mtk_battery_manager.ko
msleep	0xf9a482f9	mtk_charger_framework.ko
msleep	0xf9a482f9	mtk_pep.ko
msleep	0xf9a482f9	mtk_pep20.ko
msleep	0xf9a482f9	mtk_pep40.ko
msleep	0xf9a482f9	musb_boost.ko
msleep	0xf9a482f9	musb_hdrc.ko
msleep	0xf9a482f9	nt36528_spi.ko
msleep	0xf9a482f9	rpmb-mtk.ko
msleep	0xf9a482f9	scp.ko
msleep	0xf9a482f9	sec.ko
msleep	0xf9a482f9	sensorHub.ko
msleep	0xf9a482f9	sgm41543_charger.ko
msleep	0xf9a482f9	sil_fingerprint.ko
msleep	0xf9a482f9	situationhub.ko
msleep	0xf9a482f9	snd-soc-mt6358.ko
msleep	0xf9a482f9	snd-soc-mt6660.ko
msleep	0xf9a482f9	sp_sp0821_iii.ko
msleep	0xf9a482f9	subaf.ko
msleep	0xf9a482f9	t-base-tui.ko
msleep	0xf9a482f9	trusted_mem.ko
msleep	0xf9a482f9	upm6920_charger.ko
msleep	0xf9a482f9	wlan_drv_gen4m_6768.ko
msleep	0xf9a482f9	wmt_chrdev_wifi.ko
msleep	0xf9a482f9	wmt_drv.ko
msleep_interruptible	0xcc5005fe	cmdq-bdg-test.ko
msleep_interruptible	0xcc5005fe	cmdq-test.ko
msleep_interruptible	0xcc5005fe	fmradio_drv_mt6631.ko
msleep_interruptible	0xcc5005fe	mali_kbase_mt6768_r49.ko
msleep_interruptible	0xcc5005fe	mediatek-drm.ko
msleep_interruptible	0xcc5005fe	sensorHub.ko
mt6358_accdet_init	0x3eddc575	mt6768-mt6358.ko
mt6358_accdet_late_init	0xbdf4603d	snd-soc-mt6358.ko
mt6358_set_codec_ops	0xecf213c7	mt6768-mt6358.ko
mt6358_set_mtkaif_protocol	0xfa644fb8	mt6768-mt6358.ko
mt63xx_hw_set_value	0xcdedd307	pinctrl-mtk-common-v2_debug.ko
mt6768_adda_dl_gain_control	0x42829dc0	mt6768-mt6358.ko
mt6768_enable_dc_compensation	0x29f612dc	mt6768-mt6358.ko
mt6768_set_lch_dc_compensation	0x4a460d04	mt6768-mt6358.ko
mt6768_set_rch_dc_compensation	0x590a3a72	mt6768-mt6358.ko
mt_cpufreq_ctrl_cci_volt	0x28c88ddf	mediatek_eem.ko
mt_cpufreq_get_cur_freq	0x75edc9bf	mtk_perf_common.ko
mt_cpufreq_get_cur_volt	0xf9197f0f	mediatek_eem.ko
mt_cpufreq_get_freq_by_idx	0x9029aff0	mediatek_eem.ko
mt_cpufreq_get_volt_by_idx	0x69ca66ad	mediatek_eem.ko
mt_cpufreq_update_volt	0xdabe6a02	mediatek_eem.ko
mt_dcm_array_register	0x8d937c9f	mt6768_dcm.ko
mt_dcm_common_init	0xb5052784	mt6768_dcm.ko
mt_get_abist_freq	0xd088589b	mtk_gpufreq_mt6768.ko
mt_get_ckgen_freq	0x528b5b23	imgsensor_isp4_t.ko
mt_get_fmeter_clks	0x787d2638	clkdbg-mt6768.ko
mt_get_fmeter_freq	0xda1529be	clkdbg-mt6768.ko
mt_get_fmeter_freq	0xda1529be	mediatek-drm.ko
mt_get_fmeter_freq	0xda1529be	mtk-mmdvfs-debug.ko
mt_gpufreq_disable_by_ptpod	0x6364a46c	mediatek_eem.ko
mt_gpufreq_enable_by_ptpod	0x48d4eef6	mediatek_eem.ko
mt_gpufreq_get_cur_volt	0x6b662417	mediatek_eem.ko
mt_gpufreq_get_dvfs_table_num	0x9d0e4e1b	thermal_monitor.ko
mt_gpufreq_get_freq_by_real_idx	0xd4501d75	mediatek_eem.ko
mt_gpufreq_get_ori_opp_idx	0x0d24c895	mediatek_eem.ko
mt_gpufreq_get_power_table	0x256ae1c4	thermal_monitor.ko
mt_gpufreq_get_power_table_num	0x1527c4cb	thermal_monitor.ko
mt_gpufreq_get_seg_max_opp_index	0x6cf3daef	thermal_monitor.ko
mt_gpufreq_get_volt_by_real_idx	0x8e462fe9	mediatek_eem.ko
mt_gpufreq_restore_default_volt	0xc0dacb6d	mediatek_eem.ko
mt_gpufreq_set_gpu_wrap_fp	0xbaa2f5c7	thermal_monitor.ko
mt_gpufreq_update_volt	0x3a416631	mediatek_eem.ko
mt_irq_dump_status	0x14de1090	ccci_ccif.ko
mt_irq_dump_status	0x14de1090	ccci_md_all.ko
mt_irq_dump_status	0x14de1090	mtk-cmdq-drv-ext.ko
mt_irq_dump_status	0x14de1090	mtk-mmc.ko
mt_irq_dump_status	0x14de1090	spi-mt65xx.ko
mt_irq_dump_status	0x14de1090	ufs-mediatek-dbg.ko
mt_irq_dump_status	0x14de1090	ufs-mediatek-mod.ko
mt_leds_call_notifier	0x0f6d4527	leds-mtk-disp.ko
mt_leds_call_notifier	0x0f6d4527	leds-mtk-pwm.ko
mt_leds_classdev_register	0x2956e88a	leds-mtk-disp.ko
mt_leds_classdev_register	0x2956e88a	leds-mtk-pwm.ko
mt_leds_parse_dt	0x76b5f255	leds-mtk-disp.ko
mt_leds_parse_dt	0x76b5f255	leds-mtk-pwm.ko
mt_power_gs_t_dump_dpidle	0x4a78a54d	MTK_INTERNAL_SPM.ko
mt_power_gs_t_dump_sodi3	0x5df3be0f	MTK_INTERNAL_SPM.ko
mt_power_gs_t_dump_suspend	0xcbe78263	MTK_INTERNAL_SPM.ko
mt_ppm_cpu_thermal_protect	0x908ebfa8	thermal_monitor.ko
mt_ppm_get_cluster_ptpod_fix_freq_idx_register	0x6bb229c2	CPU_DVFS.ko
mt_ppm_ptpod_policy_activate	0x82ac11b1	mediatek_eem.ko
mt_ppm_ptpod_policy_deactivate	0x2102370c	mediatek_eem.ko
mt_ppm_register_client	0x9e77fefa	CPU_DVFS.ko
mt_ppm_set_dvfs_table	0xe96f0201	CPU_DVFS.ko
mt_ppm_sysboost_set_freq_limit	0x5400ade0	thermal_monitor.ko
mt_ppm_thermal_get_cpu_cluster_temp_cb	0x9ffe28b8	thermal_monitor.ko
mt_ppm_thermal_get_cur_power	0xc1da7bb4	thermal_monitor.ko
mt_ppm_thermal_get_max_power	0x42803965	thermal_monitor.ko
mt_ppm_thermal_get_min_power	0xe5b4b91c	thermal_monitor.ko
mt_pwm_disable	0xd602ce35	mtk_irtx_pwm.ko
mt_spi_disable_master_clk	0xf74181da	gf_fingerprint.ko
mt_spi_disable_master_clk	0xf74181da	mtk_spi.ko
mt_spi_disable_master_clk	0xf74181da	sil_fingerprint.ko
mt_spi_enable_master_clk	0xf408666d	gf_fingerprint.ko
mt_spi_enable_master_clk	0xf408666d	mtk_spi.ko
mt_spi_enable_master_clk	0xf408666d	sil_fingerprint.ko
mt_spower_get_leakage	0xe4293aaf	Upower.ko
mtkTTimer_cancel_timer	0x141942b9	MTK_INTERNAL_SPM.ko
mtkTTimer_start_timer	0x88334229	MTK_INTERNAL_SPM.ko
mtk_afe_add_sub_dai_control	0x991adfc1	snd-soc-mt6768-afe.ko
mtk_afe_combine_sub_dai	0xa8a2a4f0	snd-soc-mt6768-afe.ko
mtk_afe_debug_write_reg	0x3899a5a8	snd-soc-mt6768-afe.ko
mtk_afe_debugfs_open	0x328fa506	snd-soc-mt6768-afe.ko
mtk_afe_debugfs_write	0xa53cee6f	snd-soc-mt6768-afe.ko
mtk_afe_fe_hw_free	0x56d1a215	snd-soc-mt6768-afe.ko
mtk_afe_fe_hw_params	0x69499588	snd-soc-mt6768-afe.ko
mtk_afe_fe_prepare	0x76ed734f	snd-soc-mt6768-afe.ko
mtk_afe_pcm_copy_user	0xe69ab541	snd-soc-mt6768-afe.ko
mtk_afe_pcm_free	0xfcf2fc35	snd-soc-mt6768-afe.ko
mtk_afe_pcm_new	0x3eed5b7b	snd-soc-mt6768-afe.ko
mtk_afe_pcm_open	0xc732be54	snd-soc-mt6768-afe.ko
mtk_afe_pcm_pointer	0x4cd2108a	snd-soc-mt6768-afe.ko
mtk_alloc_clk_data	0x8165f393	clk-mt6768.ko
mtk_audio_sram_allocate	0xd874c2dd	snd-soc-mt6768-afe.ko
mtk_audio_sram_free	0x471c3a4a	snd-soc-mt6768-afe.ko
mtk_audio_sram_get_size	0xab4813df	snd-soc-mt6768-afe.ko
mtk_audio_sram_init	0xa8491825	snd-soc-mt6768-afe.ko
mtk_btag_mictx_enable	0xc78e0ba0	mtk_perf_common.ko
mtk_btag_mictx_get_data	0x646413fb	mtk_perf_common.ko
mtk_btag_ufs_exit	0xe1f96d8f	ufs-mediatek-mod.ko
mtk_btag_ufs_init	0x022f6bd6	ufs-mediatek-mod.ko
mtk_btag_ufs_send_command	0xfe0d2137	ufs-mediatek-mod.ko
mtk_btag_ufs_transfer_req_compl	0xb8408999	ufs-mediatek-mod.ko
mtk_btif_exp_rx_has_pending_data	0x93263291	wmt_drv.ko
mtk_btif_exp_rx_thread_get	0xb04a97b2	wmt_drv.ko
mtk_btif_exp_tx_has_pending_data	0x08f6325f	wmt_drv.ko
mtk_ccci_get_md_c_smem_inf	0xf909b421	ccci_md_all.ko
mtk_ccci_get_md_nc_smem_inf	0x64957f22	ccci_md_all.ko
mtk_ccci_get_smem_by_id	0xee986b27	ccci_md_all.ko
mtk_chg_enable_vbus_ovp	0xc0ca7489	mtk_pd_charging.ko
mtk_chg_enable_vbus_ovp	0xc0ca7489	mtk_pep.ko
mtk_chg_enable_vbus_ovp	0xc0ca7489	mtk_pep20.ko
mtk_chg_enable_vbus_ovp	0xc0ca7489	mtk_pep40.ko
mtk_clear_md_violation	0xdc059dfd	ccci_md_all.ko
mtk_clk_gate_ops_no_setclr	0xb48d638f	clk-mt6768.ko
mtk_clk_gate_ops_no_setclr_inv	0xa1204a9e	clk-mt6768.ko
mtk_clk_gate_ops_setclr	0x1a9552db	clk-mt6768.ko
mtk_clk_gate_ops_setclr_inv	0x73934b7a	clk-mt6768.ko
mtk_clk_register_composites	0xcc3a88be	clk-mt6768.ko
mtk_clk_register_factors	0x84776ffc	clk-mt6768.ko
mtk_clk_register_fixed_clks	0xa89ccd8d	clk-mt6768.ko
mtk_clk_register_gates	0x2249d203	clk-mt6768.ko
mtk_clk_register_muxes	0x2ddae7b5	clk-mt6768.ko
mtk_clk_register_plls	0x58d67f60	clk-mt6768.ko
mtk_cmdq_log	0xde2fadca	cmdq-sec-drv.ko
mtk_cmdq_log	0xde2fadca	cmdq-test.ko
mtk_conn_md_bridge_reg	0xeaf981cb	ccci_md_all.ko
mtk_conn_md_bridge_reg	0xeaf981cb	wmt_drv.ko
mtk_conn_md_bridge_send_msg	0x4c2856ab	ccci_md_all.ko
mtk_conn_md_bridge_send_msg	0x4c2856ab	wmt_drv.ko
mtk_conn_md_bridge_unreg	0x41fdf9e9	wmt_drv.ko
mtk_cpu_opp2dsu_freq_hook	0x081e8db0	mtk_em.ko
mtk_cpu_util	0x682d5741	scheduler.ko
mtk_cpu_util_cfs	0x58e50895	scheduler.ko
mtk_cpu_util_cfs_boost_hook	0x05e59cf0	scheduler.ko
mtk_cpu_util_next	0x4aca6a00	scheduler.ko
mtk_cpu_volt2opp_hook	0xa1c8fa40	mtk_em.ko
mtk_custom_boost_gpu_freq	0xfcadd21b	ged.ko
mtk_custom_boost_gpu_freq_fp	0x6334feef	ged.ko
mtk_custom_get_gpu_freq_level_count	0xcb1598f4	ged.ko
mtk_custom_get_gpu_freq_level_count_fp	0xcbfd0482	ged.ko
mtk_custom_upbound_gpu_freq	0xdbc1789a	ged.ko
mtk_custom_upbound_gpu_freq_fp	0x6d9b18a1	ged.ko
mtk_data_hook	0x391ea61c	mtk_em.ko
mtk_devapc_dbg_read_v1	0xe131f7ba	device-apc-mt6768.ko
mtk_devapc_dbg_write_v1	0xd3ccc256	device-apc-mt6768.ko
mtk_devapc_probe_v1	0x1c3e5c79	device-apc-mt6768.ko
mtk_devapc_remove_v1	0xaaf48265	device-apc-mt6768.ko
mtk_disp_3rd_notifier_call_chain	0xe82fea0e	mediatek-drm.ko
mtk_disp_is_svp_on_mtee	0x0261d088	mtk_disp_sec.ko
mtk_disp_mipi_ccci_callback	0xf41c01eb	ccci_md_all.ko
mtk_disp_notifier_call_chain	0x4b7239d2	mediatek-drm.ko
mtk_disp_notifier_register	0x7a5d7a77	ft8057m_spi.ko
mtk_disp_notifier_register	0x7a5d7a77	ft8057p_spi.ko
mtk_disp_notifier_register	0x7a5d7a77	gf_fingerprint.ko
mtk_disp_notifier_register	0x7a5d7a77	icnl9916_spi.ko
mtk_disp_notifier_register	0x7a5d7a77	lc_charger_sysfs.ko
mtk_disp_notifier_register	0x7a5d7a77	mtk_cm_mgr.ko
mtk_disp_notifier_register	0x7a5d7a77	mtk_ppm_v3.ko
mtk_disp_notifier_register	0x7a5d7a77	nt36528_spi.ko
mtk_disp_notifier_register	0x7a5d7a77	thermal_monitor.ko
mtk_disp_notifier_register	0x7a5d7a77	wlan_drv_gen4m_6768.ko
mtk_disp_notifier_register	0x7a5d7a77	wmt_drv.ko
mtk_disp_notifier_unregister	0x7e053d68	ft8057m_spi.ko
mtk_disp_notifier_unregister	0x7e053d68	ft8057p_spi.ko
mtk_disp_notifier_unregister	0x7e053d68	icnl9916_spi.ko
mtk_disp_notifier_unregister	0x7e053d68	mtk_cm_mgr.ko
mtk_disp_notifier_unregister	0x7e053d68	mtk_ppm_v3.ko
mtk_disp_notifier_unregister	0x7e053d68	nt36528_spi.ko
mtk_disp_notifier_unregister	0x7e053d68	thermal_monitor.ko
mtk_disp_notifier_unregister	0x7e053d68	wlan_drv_gen4m_6768.ko
mtk_disp_notifier_unregister	0x7e053d68	wmt_drv.ko
mtk_disp_osc_ccci_callback	0x738e21be	ccci_md_all.ko
mtk_disp_sub_notifier_call_chain	0x00b8425f	mediatek-drm.ko
mtk_disp_sub_notifier_register	0x99651810	mtk_cm_mgr.ko
mtk_disp_sub_notifier_unregister	0x660fe3d7	mtk_cm_mgr.ko
mtk_dma_buf_set_name	0xddbf281c	ged.ko
mtk_dma_buf_set_name	0xddbf281c	mdp_drv_mt6768.ko
mtk_dma_buf_set_name	0xddbf281c	mtk-mml.ko
mtk_dma_buf_set_name	0xddbf281c	mtk-vcodec-dec-v1.ko
mtk_dma_buf_set_name	0xddbf281c	mtk-vcodec-enc-v1.ko
mtk_dma_heap_config_parse	0x2bb687c6	mtk_sec_heap.ko
mtk_dma_sync_sg_range	0xe47916f1	mtk-vcodec-dec-v1.ko
mtk_dma_sync_sg_range	0xe47916f1	mtk-vcodec-enc-v1.ko
mtk_dmabuf_page_pool_size	0x5af2a617	mtk_heap_debug.ko
mtk_dramc_get_data_rate	0x42f242bb	mediatek-drm.ko
mtk_dramc_get_data_rate	0x42f242bb	met_emi_api.ko
mtk_dramc_get_data_rate	0x42f242bb	mtk-dvfsrc-helper.ko
mtk_dramc_get_data_rate_symbol	0x26c72c2b	met_emi_api.ko
mtk_dramc_get_ddr_type	0x82de2cf6	MTK_INTERNAL_SPM.ko
mtk_dramc_get_ddr_type	0x82de2cf6	dvfsrc-opp-mt6768.ko
mtk_dramc_get_ddr_type	0x82de2cf6	mediatek-drm.ko
mtk_dramc_get_ddr_type	0x82de2cf6	met_emi_api.ko
mtk_dramc_get_ddr_type	0x82de2cf6	mmqos-common.ko
mtk_dramc_get_ddr_type	0x82de2cf6	mtk_cm_mgr_mt6768.ko
mtk_dramc_get_ddr_type_symbol	0xba2d8f7b	met_emi_api.ko
mtk_dramc_get_steps_freq	0x458ec8f9	MTK_INTERNAL_SPM.ko
mtk_dramc_get_steps_freq	0x458ec8f9	dvfsrc-opp-mt6768.ko
mtk_dramc_get_steps_freq	0x458ec8f9	mmqos-common.ko
mtk_dramc_get_steps_freq	0x458ec8f9	mtk_cm_mgr_mt6768.ko
mtk_dramc_get_steps_freq	0x458ec8f9	mtk_qos_legacy.ko
mtk_drm_disp_mtee_cb_init	0xd839694b	mtk_disp_sec.ko
mtk_drm_disp_sec_cb_init	0xc911b66b	mtk_disp_sec.ko
mtk_drm_early_resume	0x71fc9e3e	gf_fingerprint.ko
mtk_drm_early_resume	0x71fc9e3e	mtk_spi.ko
mtk_drm_early_resume	0x71fc9e3e	sil_fingerprint.ko
mtk_drm_get_conn_obj_id_from_idx	0xbbfcfd40	leds-mtk-disp.ko
mtk_drm_get_conn_obj_id_from_idx	0xbbfcfd40	leds-mtk-pwm.ko
mtk_drm_get_lcm_version	0xe009d8dc	leds-mtk-disp.ko
mtk_drm_set_conn_backlight_level	0x602ab713	leds-mtk-disp.ko
mtk_dsu_freq2opp_hook	0xafe3cf9a	mtk_em.ko
mtk_dsu_freq_agg_hook	0x5808a30c	mtk_em.ko
mtk_dsu_freq_hook	0x9fa086e1	mtk_em.ko
mtk_dsu_opp_ps_hook	0xd6b3a036	mtk_em.ko
mtk_dsu_volt2opp_hook	0x6924fb6f	mtk_em.ko
mtk_dsu_weighting_hook	0x40bcdcee	mtk_em.ko
mtk_dvfs_loading_mode	0xb1db2696	ged.ko
mtk_dvfs_loading_mode_fp	0x276fb9c7	ged.ko
mtk_dvfs_margin_value	0x8f2b1460	ged.ko
mtk_dvfs_margin_value_fp	0x4e3844bd	ged.ko
mtk_dvfs_workload_mode	0x01fffb8a	ged.ko
mtk_dvfs_workload_mode_fp	0xb59ead2f	ged.ko
mtk_dvfsrc_query_info	0x303ee0db	mtk-dvfsrc-devfreq.ko
mtk_dvfsrc_query_info	0x303ee0db	mtk-dvfsrc-helper.ko
mtk_dvfsrc_query_info	0x303ee0db	mtk-dvfsrc-regulator.ko
mtk_dvfsrc_query_opp_info	0xa440e0e3	mtk_perf_common.ko
mtk_dvfsrc_send_request	0xbb211d77	mtk-dvfsrc-devfreq.ko
mtk_dvfsrc_send_request	0xbb211d77	mtk-dvfsrc-helper.ko
mtk_dvfsrc_send_request	0xbb211d77	mtk-dvfsrc-regulator.ko
mtk_dvfsrc_send_request	0xbb211d77	mtk-dvfsrc-start.ko
mtk_dvfsrc_send_request	0xbb211d77	mtk-emi.ko
mtk_dvfsrc_set_vcore_avs	0x268aa368	musb_boost.ko
mtk_dvfsrc_vcore_uv_table	0x9063837c	scp.ko
mtk_dynamic_irq_acquire	0xb748d28d	snd-soc-mt6768-afe.ko
mtk_dynamic_irq_release	0x424cd1da	snd-soc-mt6768-afe.ko
mtk_eas_hook	0x9d3727bf	mtk_em.ko
mtk_em_malloc	0x07d883d3	mtk_em.ko
mtk_emi_weighting_hook	0xe01e7a67	mtk_em.ko
mtk_emicen_get_ch_cnt	0xd702d989	mmqos-common.ko
mtk_emicen_get_ch_cnt	0xd702d989	mtk_qos_legacy.ko
mtk_emicen_get_rk_cnt	0x8e301cff	mali_kbase_mt6768_r49.ko
mtk_emicen_get_rk_cnt	0x8e301cff	mali_mgm_mt6768_r49.ko
mtk_emicen_get_rk_size	0x0a55c4ab	mali_mgm_mt6768_r49.ko
mtk_emidbg_dump	0x51b8698f	ccci_md_all.ko
mtk_emidbg_dump	0x51b8698f	mtk-smi-dbg.ko
mtk_emimpu_free_region	0x4a1363ad	scp.ko
mtk_emimpu_free_region	0x4a1363ad	sspm_v1.ko
mtk_emimpu_free_region	0x4a1363ad	wlan_drv_gen4m_6768.ko
mtk_emimpu_free_region	0x4a1363ad	wmt_drv.ko
mtk_emimpu_init_region	0x888530e1	scp.ko
mtk_emimpu_init_region	0x888530e1	sspm_v1.ko
mtk_emimpu_init_region	0x888530e1	wlan_drv_gen4m_6768.ko
mtk_emimpu_init_region	0x888530e1	wmt_drv.ko
mtk_emimpu_lock_region	0x5f73aaf7	wlan_drv_gen4m_6768.ko
mtk_emimpu_md_handling_register	0x8f1c7286	ccci_md_all.ko
mtk_emimpu_set_addr	0xe0a1e544	scp.ko
mtk_emimpu_set_addr	0xe0a1e544	sspm_v1.ko
mtk_emimpu_set_addr	0xe0a1e544	wlan_drv_gen4m_6768.ko
mtk_emimpu_set_addr	0xe0a1e544	wmt_drv.ko
mtk_emimpu_set_apc	0x32e08685	scp.ko
mtk_emimpu_set_apc	0x32e08685	sspm_v1.ko
mtk_emimpu_set_apc	0x32e08685	wlan_drv_gen4m_6768.ko
mtk_emimpu_set_apc	0x32e08685	wmt_drv.ko
mtk_emimpu_set_protection	0xc6f885b7	scp.ko
mtk_emimpu_set_protection	0xc6f885b7	sspm_v1.ko
mtk_emimpu_set_protection	0xc6f885b7	wlan_drv_gen4m_6768.ko
mtk_emimpu_set_protection	0xc6f885b7	wmt_drv.ko
mtk_enter_idle_state	0xf8c87a64	MTK_INTERNAL_SPM.ko
mtk_enter_idle_state	0xf8c87a64	mcdi.ko
mtk_fb_get_sec_id	0x6d4bcfab	mtk_disp_sec.ko
mtk_freq2opp_hook	0xed04b23e	mtk_em.ko
mtk_get_bottom_gpu_freq	0x0530033f	ged.ko
mtk_get_bottom_gpu_freq_fp	0x89a3b84a	ged.ko
mtk_get_dsu_pwr_hook	0x56f18af5	mtk_em.ko
mtk_get_dvfs_loading_mode	0x25f85cbd	ged.ko
mtk_get_dvfs_loading_mode_fp	0x89dde4cc	ged.ko
mtk_get_dvfs_margin_value	0xc1c7417f	ged.ko
mtk_get_dvfs_margin_value_fp	0x39642b13	ged.ko
mtk_get_dvfs_workload_mode	0x4661f44b	ged.ko
mtk_get_dvfs_workload_mode_fp	0x8bdb1b37	ged.ko
mtk_get_fastdvfs_mode	0x1bdbc4b0	ged.ko
mtk_get_fastdvfs_mode_fp	0x2dfc2aad	ged.ko
mtk_get_gpu_block	0xac2fe36d	ged.ko
mtk_get_gpu_block	0xac2fe36d	met_gpu_api.ko
mtk_get_gpu_block_fp	0xf45a66ac	ged.ko
mtk_get_gpu_block_symbol	0x2c38f791	met_gpu_api.ko
mtk_get_gpu_bottom_freq_fp	0x872e1854	ged.ko
mtk_get_gpu_ceiling_index	0xd9d37455	met_gpu_api.ko
mtk_get_gpu_ceiling_index_symbol	0xcf829ccb	met_gpu_api.ko
mtk_get_gpu_ceiling_limiter	0x3c66bf5e	met_gpu_api.ko
mtk_get_gpu_ceiling_limiter_symbol	0x54c387db	met_gpu_api.ko
mtk_get_gpu_cur_freq	0xab1939c2	met_gpu_api.ko
mtk_get_gpu_cur_freq_fp	0x494e8318	mtk_gpufreq_wrapper_legacy.ko
mtk_get_gpu_cur_freq_symbol	0xd05921a6	met_gpu_api.ko
mtk_get_gpu_cur_oppidx	0xe687bb7c	met_gpu_api.ko
mtk_get_gpu_cur_oppidx_fp	0xd198fa9a	mtk_gpufreq_wrapper_legacy.ko
mtk_get_gpu_cur_oppidx_symbol	0x70b5d24c	met_gpu_api.ko
mtk_get_gpu_floor_index	0x4b4a51fd	met_gpu_api.ko
mtk_get_gpu_floor_index_symbol	0x72aee08d	met_gpu_api.ko
mtk_get_gpu_floor_limiter	0xd53f6b2e	met_gpu_api.ko
mtk_get_gpu_floor_limiter_symbol	0xaf7d83a0	met_gpu_api.ko
mtk_get_gpu_idle	0xb004e4df	ged.ko
mtk_get_gpu_idle	0xb004e4df	met_gpu_api.ko
mtk_get_gpu_idle_fp	0x7ec8fead	ged.ko
mtk_get_gpu_idle_symbol	0xa8ebe0fb	met_gpu_api.ko
mtk_get_gpu_limit_index_fp	0xbfe1810d	mtk_gpufreq_wrapper_legacy.ko
mtk_get_gpu_limiter_fp	0xae203d8c	mtk_gpufreq_wrapper_legacy.ko
mtk_get_gpu_loading	0x5bc52a09	ged.ko
mtk_get_gpu_loading	0x5bc52a09	mali_kbase_mt6768_r49.ko
mtk_get_gpu_loading	0x5bc52a09	met_gpu_api.ko
mtk_get_gpu_loading	0x5bc52a09	mtk_gpu_qos.ko
mtk_get_gpu_loading	0x5bc52a09	thermal_monitor.ko
mtk_get_gpu_loading_fp	0xc9568513	ged.ko
mtk_get_gpu_loading_symbol	0x72b028e3	met_gpu_api.ko
mtk_get_gpu_memory_pool	0xeb6e0d35	trace_mmstat.ko
mtk_get_gpu_memory_usage	0xdf1f2919	trace_mmstat.ko
mtk_get_gpu_memory_usage_fp	0x077ea4aa	mali_kbase_mt6768_r49.ko
mtk_get_gpu_pmu_deinit	0x2076be89	met_gpu_adv_api.ko
mtk_get_gpu_pmu_deinit_fp	0xd8d5d4a4	mali_kbase_mt6768_r49.ko
mtk_get_gpu_pmu_deinit_symbol	0x4ec40cd3	met_gpu_adv_api.ko
mtk_get_gpu_pmu_init	0xedbcc342	met_gpu_adv_api.ko
mtk_get_gpu_pmu_init_fp	0x4f86ba0f	mali_kbase_mt6768_r49.ko
mtk_get_gpu_pmu_init_symbol	0x4c24332f	met_gpu_adv_api.ko
mtk_get_gpu_pmu_swapnreset	0xbbd771ba	met_gpu_adv_api.ko
mtk_get_gpu_pmu_swapnreset_fp	0x48b99f36	mali_kbase_mt6768_r49.ko
mtk_get_gpu_pmu_swapnreset_stop	0xb0ecae0d	met_gpu_adv_api.ko
mtk_get_gpu_pmu_swapnreset_stop_fp	0x577190b7	mali_kbase_mt6768_r49.ko
mtk_get_gpu_pmu_swapnreset_stop_symbol	0xd59b63bf	met_gpu_adv_api.ko
mtk_get_gpu_pmu_swapnreset_symbol	0xce385e13	met_gpu_adv_api.ko
mtk_get_loading_base_dvfs_step	0xe56161ea	ged.ko
mtk_get_loading_base_dvfs_step_fp	0x4526daa5	ged.ko
mtk_get_mmap_dl_buffer	0x69389f2d	snd-soc-mt6768-afe.ko
mtk_get_mmap_dl_fd	0x091c9fc8	snd-soc-mt6768-afe.ko
mtk_get_mmap_ul_buffer	0xdbde3794	snd-soc-mt6768-afe.ko
mtk_get_mmap_ul_fd	0xf485db6f	snd-soc-mt6768-afe.ko
mtk_get_system_timer_fp	0x46c6ea05	mali_kbase_mt6768_r49.ko
mtk_get_timer_base_dvfs_margin	0x0090a9e8	ged.ko
mtk_get_timer_base_dvfs_margin_fp	0xad5413dd	ged.ko
mtk_gether_cleanup	0xb1e5a8e4	mtk_usb_f_rndis.ko
mtk_gether_connect	0xe88043b3	mtk_usb_f_rndis.ko
mtk_gether_disconnect	0x15df61ab	mtk_usb_f_rndis.ko
mtk_gether_get_dev_addr	0x9e56c5eb	mtk_usb_f_rndis.ko
mtk_gether_get_host_addr	0x0506afa8	mtk_usb_f_rndis.ko
mtk_gether_get_host_addr_u8	0x20fdfc68	mtk_usb_f_rndis.ko
mtk_gether_get_ifname	0xb64cd60f	mtk_usb_f_rndis.ko
mtk_gether_get_qmult	0x80d8f04b	mtk_usb_f_rndis.ko
mtk_gether_register_netdev	0x8560a66f	mtk_usb_f_rndis.ko
mtk_gether_set_dev_addr	0x6c96a4ca	mtk_usb_f_rndis.ko
mtk_gether_set_gadget	0xe21602f0	mtk_usb_f_rndis.ko
mtk_gether_set_host_addr	0x4bc9365c	mtk_usb_f_rndis.ko
mtk_gether_set_qmult	0x11badc7f	mtk_usb_f_rndis.ko
mtk_gether_setup_name_default	0xfdef7b9f	mtk_usb_f_rndis.ko
mtk_gpu_fence_debug_dump	0x5c0ddd98	ged.ko
mtk_hw_get_value	0x2794792d	pinctrl-mtk-common-v2_debug.ko
mtk_hw_set_value	0x555c9baa	pinctrl-mtk-common-v2_debug.ko
mtk_icc_get	0x0235f6b0	cam_qos_4.ko
mtk_icc_link_create	0x3b860a95	mmqos-common.ko
mtk_icc_node_add	0x9808de8d	mmqos-common.ko
mtk_icc_node_create	0x7307ed54	mmqos-common.ko
mtk_icc_node_del	0x15255243	mmqos-common.ko
mtk_icc_node_destroy	0xd6e12eba	mmqos-common.ko
mtk_icc_provider_add	0x474a3210	mmqos-common.ko
mtk_icc_provider_del	0x901a11be	mmqos-common.ko
mtk_icc_set_bw	0x670e738a	cam_qos_4.ko
mtk_icc_set_bw	0x670e738a	ccu_isp4.ko
mtk_icc_set_bw	0x670e738a	mdp_drv_mt6768.ko
mtk_icc_set_bw	0x670e738a	mediatek-drm.ko
mtk_icc_set_bw	0x670e738a	mtk-mml.ko
mtk_icc_set_bw	0x670e738a	mtk-vcodec-dec-v1.ko
mtk_icc_set_bw	0x670e738a	mtk-vcodec-enc-v1.ko
mtk_icc_set_bw	0x670e738a	mtk_jpeg.ko
mtk_idle_notifier_register	0x0d4a9230	snd-soc-mt6768-afe.ko
mtk_idle_select	0xb6f8f7c3	mcdi.ko
mtk_iommu_debug_reset	0x3cb0e023	mtk_iommu.ko
mtk_iommu_get_mau_config	0x61bc7847	mtk_iommu.ko
mtk_iommu_get_port_name	0xfa5ae31f	mtk_iommu.ko
mtk_iommu_pm_trace	0x4bfabb37	mtk_iommu.ko
mtk_iommu_register_fault_callback	0x79146c3e	mdp_drv_mt6768.ko
mtk_iommu_register_fault_callback	0x79146c3e	mediatek-drm.ko
mtk_iommu_register_fault_callback	0x79146c3e	mtk-cmdq-drv-ext.ko
mtk_iommu_register_fault_callback	0x79146c3e	mtk-vcodec-dec-v1.ko
mtk_iommu_register_fault_callback	0x79146c3e	mtk-vcodec-enc-v1.ko
mtk_iommu_sec_bk_init_by_atf	0xfbe64611	mtk_iommu.ko
mtk_iommu_sec_bk_irq_en_by_atf	0xc41530a5	mtk_iommu.ko
mtk_iommu_sec_init	0xd477e011	trusted_mem.ko
mtk_iommu_secure_bk_backup_by_atf	0x41fd9201	mtk_iommu.ko
mtk_iommu_secure_bk_restore_by_atf	0xca1843ca	mtk_iommu.ko
mtk_iommu_secure_bk_tf_dump	0x64af7550	mtk_iommu.ko
mtk_iommu_set_ops	0xcd926ce7	mtk_iommu.ko
mtk_iommu_tlb_sync_trace	0x5f475efb	mtk_iommu.ko
mtk_iova_dump	0x2a4384d7	mtk_iommu.ko
mtk_iova_map	0xf843029e	mtk_iommu.ko
mtk_iova_unmap	0x4565a0fa	mtk_iommu.ko
mtk_is_virt_gpio	0x826602df	pinctrl-mtk-common-v2_debug.ko
mtk_leakage_hook	0xe7718804	mtk_em.ko
mtk_leds_brightness_set	0xb18f62f3	mediatek-drm.ko
mtk_leds_register_notifier	0x41e3079d	mediatek-drm.ko
mtk_leds_register_notifier	0x41e3079d	met_backlight_api.ko
mtk_leds_register_notifier_symbol	0x1234709a	met_backlight_api.ko
mtk_leds_unregister_notifier	0xbd8167f8	mediatek-drm.ko
mtk_leds_unregister_notifier	0xbd8167f8	met_backlight_api.ko
mtk_leds_unregister_notifier_symbol	0x0398e874	met_backlight_api.ko
mtk_loading_base_dvfs_step	0x837aa15b	ged.ko
mtk_loading_base_dvfs_step_fp	0x62d513cd	ged.ko
mtk_ltr_gpu_pmu_start	0x5e214817	mtk_perf_common.ko
mtk_ltr_gpu_pmu_start_fp	0xa9ae58c9	mali_kbase_mt6768_r49.ko
mtk_ltr_gpu_pmu_stop	0xd5637474	mtk_perf_common.ko
mtk_ltr_gpu_pmu_stop_fp	0x26dbd395	mali_kbase_mt6768_r49.ko
mtk_map_util_freq	0x86eec5e9	scheduler.ko
mtk_mbox_check_send_irq	0x80bd521e	mtk_rpmsg_mbox.ko
mtk_mbox_dump_recv_pin	0xe5fbbdd9	mtk_tinysys_ipi.ko
mtk_mbox_polling	0x1208cd68	mtk_tinysys_ipi.ko
mtk_mbox_reset_record	0x4722108b	mtk_tinysys_ipi.ko
mtk_mbox_trigger_irq	0x7170bb6f	mtk_rpmsg_mbox.ko
mtk_mbox_write	0xd60fa245	mtk_rpmsg_mbox.ko
mtk_memif_set_addr	0xe9b6449a	snd-soc-mt6768-afe.ko
mtk_memif_set_disable	0x5028b89d	snd-soc-mt6768-afe.ko
mtk_memif_set_enable	0x3713a658	snd-soc-mt6768-afe.ko
mtk_memif_set_pbuf_size	0xe68c6b62	snd-soc-mt6768-afe.ko
mtk_mmdebug_status_dump_register_notifier	0x4ccb7338	mtk-mmdvfs-debug.ko
mtk_mmdvfs_debug_force_vcore_notify	0x45fe83f4	mtk-dvfsrc-helper.ko
mtk_mmdvfs_debug_release_step0	0xd46d2158	mmqos-common.ko
mtk_mmqos_get_avail_hrt_bw	0xc919a04e	mediatek-drm.ko
mtk_mmqos_get_cam_hrt	0x15bd5cb7	mediatek-drm.ko
mtk_mmqos_is_dualpipe_enable	0xb6c47456	mediatek-drm.ko
mtk_mmqos_probe	0xbb972b52	mmqos-mt6768.ko
mtk_mmqos_register_bw_throttle_notifier	0x783a7a9d	mediatek-drm.ko
mtk_mmqos_remove	0x9df7d7a7	mmqos-mt6768.ko
mtk_mux_gate_clr_set_upd_ops	0x2f64011a	clk-mt6768.ko
mtk_notify_gpu_freq_change	0x0279e4f6	mtk_gpufreq_mt6768.ko
mtk_notify_gpu_freq_change_fp	0x3692d973	mali_kbase_mt6768_r49.ko
mtk_opp2cap_hook	0xe88ce681	mtk_em.ko
mtk_opp2dyn_pwr_hook	0x7e75d2c9	mtk_em.ko
mtk_opp2freq_hook	0x5e07d705	mtk_em.ko
mtk_opp2pwr_eff_hook	0x7d6586df	mtk_em.ko
mtk_opp2volt_hook	0x1958b5da	mtk_em.ko
mtk_panel_detach	0x0c9b9de8	dsi_panel_c3n_35_02_0h_dsc_vdo.ko
mtk_panel_detach	0x0c9b9de8	dsi_panel_c3n_35_0f_0e_dsc_vdo.ko
mtk_panel_detach	0x0c9b9de8	dsi_panel_c3n_35_0f_0l_dsc_vdo.ko
mtk_panel_detach	0x0c9b9de8	dsi_panel_c3n_37_02_0d_dsc_vdo.ko
mtk_panel_detach	0x0c9b9de8	dsi_panel_c3n_43_02_0a_dsc_vdo.ko
mtk_panel_detach	0x0c9b9de8	dsi_panel_c3n_43_02_0k_dsc_vdo.ko
mtk_panel_detach	0x0c9b9de8	dsi_panel_c3n_43_02_0n_dsc_vdo.ko
mtk_panel_detach	0x0c9b9de8	dsi_panel_c3n_44_03_0b_dsc_vdo.ko
mtk_panel_detach	0x0c9b9de8	dsi_panel_c3n_44_03_0j_dsc_vdo.ko
mtk_panel_detach	0x0c9b9de8	dsi_panel_c3n_46_03_0c_dsc_vdo.ko
mtk_panel_detach	0x0c9b9de8	dsi_panel_c3n_46_03_0f_dsc_vdo.ko
mtk_panel_detach	0x0c9b9de8	dsi_panel_c3n_46_03_0g_dsc_vdo.ko
mtk_panel_detach	0x0c9b9de8	dsi_panel_c3n_null_dsc_vdo.ko
mtk_panel_ext_create	0x0b147354	dsi_panel_c3n_35_02_0h_dsc_vdo.ko
mtk_panel_ext_create	0x0b147354	dsi_panel_c3n_35_0f_0e_dsc_vdo.ko
mtk_panel_ext_create	0x0b147354	dsi_panel_c3n_35_0f_0l_dsc_vdo.ko
mtk_panel_ext_create	0x0b147354	dsi_panel_c3n_37_02_0d_dsc_vdo.ko
mtk_panel_ext_create	0x0b147354	dsi_panel_c3n_43_02_0a_dsc_vdo.ko
mtk_panel_ext_create	0x0b147354	dsi_panel_c3n_43_02_0k_dsc_vdo.ko
mtk_panel_ext_create	0x0b147354	dsi_panel_c3n_43_02_0n_dsc_vdo.ko
mtk_panel_ext_create	0x0b147354	dsi_panel_c3n_44_03_0b_dsc_vdo.ko
mtk_panel_ext_create	0x0b147354	dsi_panel_c3n_44_03_0j_dsc_vdo.ko
mtk_panel_ext_create	0x0b147354	dsi_panel_c3n_46_03_0c_dsc_vdo.ko
mtk_panel_ext_create	0x0b147354	dsi_panel_c3n_46_03_0f_dsc_vdo.ko
mtk_panel_ext_create	0x0b147354	dsi_panel_c3n_46_03_0g_dsc_vdo.ko
mtk_panel_ext_create	0x0b147354	dsi_panel_c3n_null_dsc_vdo.ko
mtk_panel_remove	0xfd57d8ca	dsi_panel_c3n_35_02_0h_dsc_vdo.ko
mtk_panel_remove	0xfd57d8ca	dsi_panel_c3n_35_0f_0e_dsc_vdo.ko
mtk_panel_remove	0xfd57d8ca	dsi_panel_c3n_35_0f_0l_dsc_vdo.ko
mtk_panel_remove	0xfd57d8ca	dsi_panel_c3n_37_02_0d_dsc_vdo.ko
mtk_panel_remove	0xfd57d8ca	dsi_panel_c3n_43_02_0a_dsc_vdo.ko
mtk_panel_remove	0xfd57d8ca	dsi_panel_c3n_43_02_0k_dsc_vdo.ko
mtk_panel_remove	0xfd57d8ca	dsi_panel_c3n_43_02_0n_dsc_vdo.ko
mtk_panel_remove	0xfd57d8ca	dsi_panel_c3n_44_03_0b_dsc_vdo.ko
mtk_panel_remove	0xfd57d8ca	dsi_panel_c3n_44_03_0j_dsc_vdo.ko
mtk_panel_remove	0xfd57d8ca	dsi_panel_c3n_46_03_0c_dsc_vdo.ko
mtk_panel_remove	0xfd57d8ca	dsi_panel_c3n_46_03_0f_dsc_vdo.ko
mtk_panel_remove	0xfd57d8ca	dsi_panel_c3n_46_03_0g_dsc_vdo.ko
mtk_panel_remove	0xfd57d8ca	dsi_panel_c3n_null_dsc_vdo.ko
mtk_panel_tch_handle_init	0xd9edaf4e	ft8057m_spi.ko
mtk_panel_tch_handle_init	0xd9edaf4e	ft8057p_spi.ko
mtk_panel_tch_handle_reg	0x10d8802c	dsi_panel_c3n_35_02_0h_dsc_vdo.ko
mtk_panel_tch_handle_reg	0x10d8802c	dsi_panel_c3n_35_0f_0e_dsc_vdo.ko
mtk_panel_tch_handle_reg	0x10d8802c	dsi_panel_c3n_35_0f_0l_dsc_vdo.ko
mtk_panel_tch_handle_reg	0x10d8802c	dsi_panel_c3n_37_02_0d_dsc_vdo.ko
mtk_panel_tch_handle_reg	0x10d8802c	dsi_panel_c3n_43_02_0a_dsc_vdo.ko
mtk_panel_tch_handle_reg	0x10d8802c	dsi_panel_c3n_43_02_0k_dsc_vdo.ko
mtk_panel_tch_handle_reg	0x10d8802c	dsi_panel_c3n_43_02_0n_dsc_vdo.ko
mtk_panel_tch_handle_reg	0x10d8802c	dsi_panel_c3n_44_03_0b_dsc_vdo.ko
mtk_panel_tch_handle_reg	0x10d8802c	dsi_panel_c3n_44_03_0j_dsc_vdo.ko
mtk_panel_tch_handle_reg	0x10d8802c	dsi_panel_c3n_46_03_0c_dsc_vdo.ko
mtk_panel_tch_handle_reg	0x10d8802c	dsi_panel_c3n_46_03_0f_dsc_vdo.ko
mtk_panel_tch_handle_reg	0x10d8802c	dsi_panel_c3n_46_03_0g_dsc_vdo.ko
mtk_panel_tch_handle_reg	0x10d8802c	dsi_panel_c3n_null_dsc_vdo.ko
mtk_paris_pinctrl_pm_ops	0x0471c7a5	pinctrl-mt6768.ko
mtk_paris_pinctrl_probe	0x50a539f3	pinctrl-mt6768.ko
mtk_pctrl_show_one_pin	0x3632fe80	pinctrl-mtk-common-v2_debug.ko
mtk_pinconf_adv_drive_get	0x4c0a5e83	pinctrl-mt6768.ko
mtk_pinconf_adv_drive_set	0xe822b1e7	pinctrl-mt6768.ko
mtk_pinconf_bias_get_combo	0x5019ce0f	pinctrl-mt6768.ko
mtk_pinconf_bias_set_combo	0x449ded1c	pinctrl-mt6768.ko
mtk_register_gpu_power_change	0xd197876c	mtk_gpu_qos.ko
mtk_register_power_domains	0x534068b6	mtk-scpsys-mt6768.ko
mtk_regmap_update_bits	0x8681cb8c	snd-soc-mt6768-afe.ko
mtk_rpmsg_create_channel	0x366b13b9	mtk_tinysys_ipi.ko
mtk_rpmsg_create_device	0x847db3fb	mtk_tinysys_ipi.ko
mtk_save_uart_apdma_reg	0xac2dd48f	8250_mtk.ko
mtk_sched_test_hook	0xd3178186	mtk_em.ko
mtk_set_bottom_gpu_freq	0xa3723568	ged.ko
mtk_set_bottom_gpu_freq_fp	0x02adb4e4	ged.ko
mtk_set_fastdvfs_mode	0xe920b044	ged.ko
mtk_set_fastdvfs_mode_fp	0x3f8981d2	ged.ko
mtk_set_gpu_idle	0x086c39c4	ged.ko
mtk_set_gpu_idle_fp	0x3b0da3a7	mali_kbase_mt6768_r49.ko
mtk_smi_check_comm_ref_cnt	0x5287017c	mtk-smi-dbg.ko
mtk_smi_check_larb_ref_cnt	0x61a92f94	mtk-smi-dbg.ko
mtk_smi_common_bw_set	0x00a796b1	mmqos-common.ko
mtk_smi_common_bw_set	0x00a796b1	mtk-smi-bwc.ko
mtk_smi_common_ostdl_set	0xdd39bb87	mmqos-common.ko
mtk_smi_dbg_dump_for_disp	0x979fc78c	mediatek-drm.ko
mtk_smi_dbg_hang_detect	0x689f7bde	camera_isp_4_t.ko
mtk_smi_dbg_hang_detect	0x689f7bde	mdp_drv_mt6768.ko
mtk_smi_dbg_hang_detect	0x689f7bde	mediatek-drm.ko
mtk_smi_dbg_hang_detect	0x689f7bde	mtk-cmdq-drv-ext.ko
mtk_smi_dbg_hang_detect	0x689f7bde	mtk-vcodec-enc-v1.ko
mtk_smi_dbg_hang_detect	0x689f7bde	mtk_iommu.ko
mtk_smi_dbg_register_notifier	0x686fd714	mtk-mmdvfs-debug.ko
mtk_smi_dbg_register_notifier	0x686fd714	mtk-mmdvfs.ko
mtk_smi_dbg_register_notifier	0x686fd714	mtk_iommu.ko
mtk_smi_dbg_register_pwr_ctrl_cb	0x4089cb21	mtk-vcodec-dec-v1.ko
mtk_smi_dbg_register_pwr_ctrl_cb	0x4089cb21	mtk-vcodec-enc-v1.ko
mtk_smi_dbg_unregister_pwr_ctrl_cb	0xb7d0e3f9	mtk-vcodec-dec-v1.ko
mtk_smi_dbg_unregister_pwr_ctrl_cb	0xb7d0e3f9	mtk-vcodec-enc-v1.ko
mtk_smi_driver_register_notifier	0x74ff086a	mtk-smi-dbg.ko
mtk_smi_dump_last_pd	0xdd9998f6	mtk-smi-dbg.ko
mtk_smi_init_power_off	0xec0dac4b	mediatek-drm.ko
mtk_smi_larb_bw_set	0xafb942d4	mmqos-common.ko
mtk_smi_larb_bw_set	0xafb942d4	mtk-smi-bwc.ko
mtk_smi_larb_disable	0x53263fd6	mtk-smi-dbg.ko
mtk_smi_larb_enable	0x2cc01922	mtk-smi-dbg.ko
mtk_smi_set_hrt_perm	0x4326988c	mmqos-common.ko
mtk_smi_set_ostdl_type	0x3cd8a59f	mtk-smi-dbg.ko
mtk_smi_sysram_set	0x4865a20d	mtk-vcodec-enc-v1.ko
mtk_smpu_md_handling_register	0x47a8d9c2	ccci_md_all.ko
mtk_sp_clean_written_buffer_ack	0x029a3a01	snd-soc-mt6768-afe.ko
mtk_spk_get_i2s_in_type	0xcec4f420	mt6768-mt6358.ko
mtk_spk_get_i2s_out_type	0x4bd92e79	mt6768-mt6358.ko
mtk_spk_get_type	0x3c4989b8	mt6768-mt6358.ko
mtk_spk_set_type	0x53bb1cae	snd-soc-mt6660.ko
mtk_spk_update_info	0x5c35ac1e	mt6768-mt6358.ko
mtk_swpm_gpu_pm_start_fp	0x4e1cc5c4	mali_kbase_mt6768_r49.ko
mtk_sync_fence_create	0xa6b4f7d0	mediatek-drm.ko
mtk_sync_fence_create	0xa6b4f7d0	mtk-mml.ko
mtk_sync_share_fence_create	0xa0578c60	mediatek-drm.ko
mtk_sync_timeline_create	0xdec5777e	mediatek-drm.ko
mtk_sync_timeline_create	0xdec5777e	mtk-mml.ko
mtk_sync_timeline_destroy	0x39e54c23	mtk-mml.ko
mtk_sync_timeline_inc	0x669e62ec	mediatek-drm.ko
mtk_timer_base_dvfs_margin	0x41d6caa8	ged.ko
mtk_timer_base_dvfs_margin_fp	0xa8c8588a	ged.ko
mtk_uart_apdma_data_dump	0xe38bc68e	8250_mtk.ko
mtk_uart_apdma_enable_vff	0xfb65a99f	8250_mtk.ko
mtk_uart_apdma_end_record	0x7810dbb9	8250_mtk.ko
mtk_uart_apdma_polling_rx_finish	0x91bef507	8250_mtk.ko
mtk_uart_apdma_polling_tx_finish	0x698f3950	8250_mtk.ko
mtk_uart_apdma_start_record	0x6bdf7ce3	8250_mtk.ko
mtk_uart_get_apdma_handler_state	0x7c731ead	8250_mtk.ko
mtk_uart_get_apdma_rpt	0xf3f07a1c	8250_mtk.ko
mtk_uart_get_apdma_rx_state	0x20ab4b65	8250_mtk.ko
mtk_uart_rx_setting	0xd8bca6f7	8250_mtk.ko
mtk_uart_set_apdma_clk	0x45bb3e27	8250_mtk.ko
mtk_uart_set_apdma_rx_irq	0xd8a8b41e	8250_mtk.ko
mtk_uart_set_apdma_rx_state	0x8553dcc8	8250_mtk.ko
mtk_uart_set_rx_res_status	0x9b197b65	8250_mtk.ko
mtk_uart_set_tx_res_status	0xe9e821e5	8250_mtk.ko
mtk_uclamp_involve	0xcd463fa2	scheduler.ko
mtk_util2opp_hook	0x3b9a072e	mtk_em.ko
mtk_v4l2_dbg_level	0x313401e5	mtk-vcodec-dec-v1.ko
mtk_v4l2_dbg_level	0x313401e5	mtk-vcodec-enc-v1.ko
mtk_vcodec_add_ctx_list	0x9f6fdea1	mtk-vcodec-dec-v1.ko
mtk_vcodec_add_ctx_list	0x9f6fdea1	mtk-vcodec-enc-v1.ko
mtk_vcodec_dbg	0x8de528fb	mtk-vcodec-dec-v1.ko
mtk_vcodec_dbg	0x8de528fb	mtk-vcodec-enc-v1.ko
mtk_vcodec_dec_irq_setup	0xf0d6dea3	mtk-vcodec-dec-v1.ko
mtk_vcodec_del_ctx_list	0x273827dd	mtk-vcodec-dec-v1.ko
mtk_vcodec_del_ctx_list	0x273827dd	mtk-vcodec-enc-v1.ko
mtk_vcodec_dma_attach_map	0xb6be4b14	mtk-vcodec-dec-v1.ko
mtk_vcodec_dma_attach_map	0xb6be4b14	mtk-vcodec-enc-v1.ko
mtk_vcodec_dma_unmap_detach	0x79b87645	mtk-vcodec-dec-v1.ko
mtk_vcodec_dma_unmap_detach	0x79b87645	mtk-vcodec-enc-v1.ko
mtk_vcodec_enc_irq_setup	0x8f097747	mtk-vcodec-enc-v1.ko
mtk_vcodec_fence_signal	0x2b98a5ef	mtk-vcodec-dec-v1.ko
mtk_vcodec_gce_timeout_dump	0xc9ab4b6a	mtk-vcodec-dec-v1.ko
mtk_vcodec_gce_timeout_dump	0xc9ab4b6a	mtk-vcodec-enc-v1.ko
mtk_vcodec_get_bs	0x16207407	mtk-vcodec-enc-v1.ko
mtk_vcodec_get_chipid	0x3f2465d8	mtk-vcodec-dec-v1.ko
mtk_vcodec_get_chipid	0x3f2465d8	mtk-vcodec-enc-v1.ko
mtk_vcodec_get_enc_reg_addr	0x9b1625e7	mtk-vcodec-enc-v1.ko
mtk_vcodec_get_fb	0x03c7588c	mtk-vcodec-dec-v1.ko
mtk_vcodec_get_log	0x028adcd8	mtk-vcodec-dec-v1.ko
mtk_vcodec_get_log	0x028adcd8	mtk-vcodec-enc-v1.ko
mtk_vcodec_get_state	0x71d87828	mtk-vcodec-dec-v1.ko
mtk_vcodec_get_state	0x71d87828	mtk-vcodec-enc-v1.ko
mtk_vcodec_is_state	0x6a5ca8e2	mtk-vcodec-dec-v1.ko
mtk_vcodec_is_state	0x6a5ca8e2	mtk-vcodec-enc-v1.ko
mtk_vcodec_is_vcp	0x5e9ec63c	mtk-vcodec-dec-v1.ko
mtk_vcodec_is_vcp	0x5e9ec63c	mtk-vcodec-enc-v1.ko
mtk_vcodec_perf	0x77f7811a	mtk-vcodec-dec-v1.ko
mtk_vcodec_perf	0x77f7811a	mtk-vcodec-enc-v1.ko
mtk_vcodec_set_cgrp	0xb03816a9	mtk-vcodec-dec-v1.ko
mtk_vcodec_set_cpu_hint	0xe99c4a9f	mtk-vcodec-dec-v1.ko
mtk_vcodec_set_cpu_hint	0xe99c4a9f	mtk-vcodec-enc-v1.ko
mtk_vcodec_set_curr_ctx	0x521b65b8	mtk-vcodec-dec-v1.ko
mtk_vcodec_set_dev	0x3ea8d42f	mtk-vcodec-dec-v1.ko
mtk_vcodec_set_dev	0x3ea8d42f	mtk-vcodec-enc-v1.ko
mtk_vcodec_set_log	0x7cdc7bf5	mtk-vcodec-dec-v1.ko
mtk_vcodec_set_log	0x7cdc7bf5	mtk-vcodec-enc-v1.ko
mtk_vcodec_set_state	0xc2a35f7b	mtk-vcodec-dec-v1.ko
mtk_vcodec_set_state	0xc2a35f7b	mtk-vcodec-enc-v1.ko
mtk_vcodec_set_state_except	0x13056896	mtk-vcodec-enc-v1.ko
mtk_vcodec_set_state_from	0xf0661d49	mtk-vcodec-dec-v1.ko
mtk_vcodec_set_state_from	0xf0661d49	mtk-vcodec-enc-v1.ko
mtk_vcodec_state_in_range	0xa71aaf9e	mtk-vcodec-dec-v1.ko
mtk_vcodec_state_in_range	0xa71aaf9e	mtk-vcodec-enc-v1.ko
mtk_vcodec_vcp	0x7d817ffb	mtk-vcodec-dec-v1.ko
mtk_vcodec_vcp	0x7d817ffb	mtk-vcodec-enc-v1.ko
mtk_vcodec_vcp	0x7d817ffb	mtk-vcu.ko
mtk_vcodec_wait_for_done_ctx	0xe0821569	mtk-vcodec-dec-v1.ko
mtk_vcodec_wait_for_done_ctx	0xe0821569	mtk-vcodec-enc-v1.ko
mtk_vdec_acp_debug	0x7da209d8	mtk-vcodec-dec-v1.ko
mtk_vdec_acp_enable	0x47c1f0f9	mtk-vcodec-dec-v1.ko
mtk_vdec_lpw_level	0xdb2ecddb	mtk-vcodec-dec-v1.ko
mtk_vdec_open_cgrp_delay	0xe84ecab5	mtk-vcodec-dec-v1.ko
mtk_vdec_property	0x4144fca1	mtk-vcodec-dec-v1.ko
mtk_vdec_slc_enable	0xd51da8ca	mtk-vcodec-dec-v1.ko
mtk_vdec_trace_enable	0xeff1b03c	mtk-vcodec-dec-v1.ko
mtk_vdec_vcp_log	0xe395f0a0	mtk-vcodec-dec-v1.ko
mtk_venc_acp_enable	0xb10210fc	mtk-vcodec-enc-v1.ko
mtk_venc_input_acp_enable	0x0951545e	mtk-vcodec-enc-v1.ko
mtk_venc_property	0xed40812a	mtk-vcodec-enc-v1.ko
mtk_venc_slb_cb	0x3f26cfd6	mtk-vcodec-enc-v1.ko
mtk_venc_vcp_log	0x5b113b8b	mtk-vcodec-enc-v1.ko
mtk_wcn_btif_close	0x05b602b4	wmt_drv.ko
mtk_wcn_btif_dbg_ctrl	0xf8c1afa1	wmt_drv.ko
mtk_wcn_btif_dpidle_ctrl	0xd54d6da4	wmt_drv.ko
mtk_wcn_btif_loopback_ctrl	0xa0fcb7c0	wmt_drv.ko
mtk_wcn_btif_open	0xb32f99b1	wmt_drv.ko
mtk_wcn_btif_parser_wmt_evt	0xe9a009d3	wmt_drv.ko
mtk_wcn_btif_rx_cb_register	0x2e8a2538	wmt_drv.ko
mtk_wcn_btif_wakeup_consys	0x30b59ea8	wmt_drv.ko
mtk_wcn_btif_write	0x281ca2ad	wmt_drv.ko
mtk_wcn_cmb_sdio_pm_cb	0xccf21e34	wmt_drv.ko
mtk_wcn_cmb_sdio_pm_data	0x21c68dad	wmt_drv.ko
mtk_wcn_cmb_stub_query_ctrl	0xc7d3b813	thermal_monitor.ko
mtk_wcn_consys_hw_wifi_paldo_ctrl	0xbb7925e6	wlan_drv_gen4m_6768.ko
mtk_wcn_set_connsys_power_off_flag	0x1aee7536	wlan_drv_gen4m_6768.ko
mtk_wcn_stp_is_ready	0xbd9c94a3	bt_drv_connac1x.ko
mtk_wcn_stp_is_ready	0xbd9c94a3	gps_drv_stp.ko
mtk_wcn_stp_is_rxqueue_empty	0xd5b8287f	bt_drv_connac1x.ko
mtk_wcn_stp_receive_data	0x7ef22447	bt_drv_connac1x.ko
mtk_wcn_stp_receive_data	0x7ef22447	fmradio_drv_mt6631.ko
mtk_wcn_stp_receive_data	0x7ef22447	gps_drv_stp.ko
mtk_wcn_stp_register_event_cb	0xb095001c	bt_drv_connac1x.ko
mtk_wcn_stp_register_event_cb	0xb095001c	fmradio_drv_mt6631.ko
mtk_wcn_stp_register_event_cb	0xb095001c	gps_drv_stp.ko
mtk_wcn_stp_send_data	0xe471e19a	bt_drv_connac1x.ko
mtk_wcn_stp_send_data	0xe471e19a	fmradio_drv_mt6631.ko
mtk_wcn_stp_send_data	0xe471e19a	gps_drv_stp.ko
mtk_wcn_stp_set_bluez	0xcd5cff60	bt_drv_connac1x.ko
mtk_wcn_wmt_adie_workable	0xb0390b96	bt_drv_connac1x.ko
mtk_wcn_wmt_assert	0xc6e7b645	bt_drv_connac1x.ko
mtk_wcn_wmt_assert	0xc6e7b645	gps_drv_stp.ko
mtk_wcn_wmt_assert_keyword	0x6290dec0	wlan_drv_gen4m_6768.ko
mtk_wcn_wmt_chipid_query	0x6ef57895	fmradio_drv_mt6631.ko
mtk_wcn_wmt_co_clock_flag_get	0x20744741	gps_drv_stp.ko
mtk_wcn_wmt_func_off	0xd977b15b	bt_drv_connac1x.ko
mtk_wcn_wmt_func_off	0xd977b15b	fmradio_drv_mt6631.ko
mtk_wcn_wmt_func_off	0xd977b15b	gps_drv_stp.ko
mtk_wcn_wmt_func_off	0xd977b15b	wmt_chrdev_wifi.ko
mtk_wcn_wmt_func_on	0x7d6e061e	bt_drv_connac1x.ko
mtk_wcn_wmt_func_on	0x7d6e061e	fmradio_drv_mt6631.ko
mtk_wcn_wmt_func_on	0x7d6e061e	gps_drv_stp.ko
mtk_wcn_wmt_func_on	0x7d6e061e	wmt_chrdev_wifi.ko
mtk_wcn_wmt_ic_info_get	0xd9b4c129	bt_drv_connac1x.ko
mtk_wcn_wmt_ic_info_get	0xd9b4c129	fmradio_drv_mt6631.ko
mtk_wcn_wmt_ic_info_get	0xd9b4c129	gps_drv_stp.ko
mtk_wcn_wmt_msgcb_reg	0xac8387ca	bt_drv_connac1x.ko
mtk_wcn_wmt_msgcb_reg	0xac8387ca	fmradio_drv_mt6631.ko
mtk_wcn_wmt_msgcb_reg	0xac8387ca	gps_drv_stp.ko
mtk_wcn_wmt_msgcb_reg	0xac8387ca	wlan_drv_gen4m_6768.ko
mtk_wcn_wmt_msgcb_unreg	0x8c78a087	bt_drv_connac1x.ko
mtk_wcn_wmt_msgcb_unreg	0x8c78a087	gps_drv_stp.ko
mtk_wcn_wmt_msgcb_unreg	0x8c78a087	wlan_drv_gen4m_6768.ko
mtk_wcn_wmt_psm_ctrl	0x14734572	bt_drv_connac1x.ko
mtk_wcn_wmt_wlan_reg	0xf6f3f906	wlan_drv_gen4m_6768.ko
mtk_wcn_wmt_wlan_unreg	0x6c73b212	wlan_drv_gen4m_6768.ko
mtk_wmt_get_gps_lna_pin_num	0x210c94ae	gps_drv_stp.ko
mtk_wmt_gps_l1_suspend_ctrl	0xe4816910	gps_drv_stp.ko
mtk_wmt_gps_l5_suspend_ctrl	0x950b733a	gps_drv_stp.ko
mtk_wmt_gps_mcu_ctrl	0xe652920d	gps_drv_stp.ko
mtkfb_set_backlight_level	0xacddd9d2	leds-mtk-disp.ko
mtree_load	0x6a523c81	monitor_hang.ko
mul_u64_u64_div_u64	0x495231ea	pwm-mtk-disp.ko
musb_dev_pm_ops	0xd7f29c91	musb_main.ko
musb_init_controller	0xc2c62953	musb_main.ko
musb_remove	0x180b34f1	musb_main.ko
mutex_is_locked	0x819bebd4	blocktag.ko
mutex_is_locked	0x819bebd4	drm_display_helper.ko
mutex_is_locked	0x819bebd4	gz_ipc_mod.ko
mutex_is_locked	0x819bebd4	load_track.ko
mutex_is_locked	0x819bebd4	mtk_fpsgo.ko
mutex_is_locked	0x819bebd4	mtk_tinysys_ipi.ko
mutex_is_locked	0x819bebd4	sspm_v1.ko
mutex_is_locked	0x819bebd4	wlan_drv_gen4m_6768.ko
mutex_is_locked	0x819bebd4	wmt_chrdev_wifi.ko
mutex_is_locked	0x819bebd4	zram.ko
mutex_lock	0xd5977bfb	8250_mtk.ko
mutex_lock	0xd5977bfb	CPU_DVFS.ko
mutex_lock	0xd5977bfb	MTK_INTERNAL_SPM.ko
mutex_lock	0xd5977bfb	accel_common.ko
mutex_lock	0xd5977bfb	adapter_class.ko
mutex_lock	0xd5977bfb	aee_aed.ko
mutex_lock	0xd5977bfb	alsps_common.ko
mutex_lock	0xd5977bfb	alspshub.ko
mutex_lock	0xd5977bfb	atf_logger.ko
mutex_lock	0xd5977bfb	baro_common.ko
mutex_lock	0xd5977bfb	binder_gki.ko
mutex_lock	0xd5977bfb	blocktag.ko
mutex_lock	0xd5977bfb	c2k_usb.ko
mutex_lock	0xd5977bfb	camera_dpe_isp40.ko
mutex_lock	0xd5977bfb	camera_isp_4_t.ko
mutex_lock	0xd5977bfb	camera_mem.ko
mutex_lock	0xd5977bfb	ccci_fsm_scp.ko
mutex_lock	0xd5977bfb	ccci_md_all.ko
mutex_lock	0xd5977bfb	ccu_isp4.ko
mutex_lock	0xd5977bfb	cfg80211.ko
mutex_lock	0xd5977bfb	charger_class.ko
mutex_lock	0xd5977bfb	clkbuf.ko
mutex_lock	0xd5977bfb	cmdq-sec-drv.ko
mutex_lock	0xd5977bfb	cmdq-test.ko
mutex_lock	0xd5977bfb	conn_md_drv.ko
mutex_lock	0xd5977bfb	connadp.ko
mutex_lock	0xd5977bfb	cpufreq_sugov_ext.ko
mutex_lock	0xd5977bfb	drm_display_helper.ko
mutex_lock	0xd5977bfb	dsi_panel_c3n_35_02_0h_dsc_vdo.ko
mutex_lock	0xd5977bfb	dsi_panel_c3n_35_0f_0e_dsc_vdo.ko
mutex_lock	0xd5977bfb	dsi_panel_c3n_35_0f_0l_dsc_vdo.ko
mutex_lock	0xd5977bfb	dsi_panel_c3n_37_02_0d_dsc_vdo.ko
mutex_lock	0xd5977bfb	dsi_panel_c3n_43_02_0a_dsc_vdo.ko
mutex_lock	0xd5977bfb	dsi_panel_c3n_43_02_0k_dsc_vdo.ko
mutex_lock	0xd5977bfb	dsi_panel_c3n_43_02_0n_dsc_vdo.ko
mutex_lock	0xd5977bfb	dsi_panel_c3n_44_03_0b_dsc_vdo.ko
mutex_lock	0xd5977bfb	dsi_panel_c3n_44_03_0j_dsc_vdo.ko
mutex_lock	0xd5977bfb	dsi_panel_c3n_46_03_0c_dsc_vdo.ko
mutex_lock	0xd5977bfb	dsi_panel_c3n_46_03_0f_dsc_vdo.ko
mutex_lock	0xd5977bfb	dsi_panel_c3n_46_03_0g_dsc_vdo.ko
mutex_lock	0xd5977bfb	dsi_panel_c3n_null_dsc_vdo.ko
mutex_lock	0xd5977bfb	emimpu.ko
mutex_lock	0xd5977bfb	extdev_io_class.ko
mutex_lock	0xd5977bfb	flashlight.ko
mutex_lock	0xd5977bfb	ft8057m_spi.ko
mutex_lock	0xd5977bfb	ft8057p_spi.ko
mutex_lock	0xd5977bfb	fusion.ko
mutex_lock	0xd5977bfb	ged.ko
mutex_lock	0xd5977bfb	gf_fingerprint.ko
mutex_lock	0xd5977bfb	gyro_common.ko
mutex_lock	0xd5977bfb	gz_ipc_mod.ko
mutex_lock	0xd5977bfb	gz_main_mod.ko
mutex_lock	0xd5977bfb	gz_trusty_mod.ko
mutex_lock	0xd5977bfb	gz_tz_system.ko
mutex_lock	0xd5977bfb	gz_virtio_mod.ko
mutex_lock	0xd5977bfb	hwmon.ko
mutex_lock	0xd5977bfb	icnl9916_spi.ko
mutex_lock	0xd5977bfb	imgsensor_isp4_t.ko
mutex_lock	0xd5977bfb	iommu_gz.ko
mutex_lock	0xd5977bfb	isee.ko
mutex_lock	0xd5977bfb	lct_audio_info.ko
mutex_lock	0xd5977bfb	leds-mt6370-flash.ko
mutex_lock	0xd5977bfb	leds-mtk.ko
mutex_lock	0xd5977bfb	load_track.ko
mutex_lock	0xd5977bfb	mac80211.ko
mutex_lock	0xd5977bfb	mag_common.ko
mutex_lock	0xd5977bfb	main2af.ko
mutex_lock	0xd5977bfb	main3af.ko
mutex_lock	0xd5977bfb	mainaf.ko
mutex_lock	0xd5977bfb	mali_kbase_mt6768_r49.ko
mutex_lock	0xd5977bfb	mcDrvModule.ko
mutex_lock	0xd5977bfb	mdp_drv_mt6768.ko
mutex_lock	0xd5977bfb	mediatek-drm.ko
mutex_lock	0xd5977bfb	mediatek_eem.ko
mutex_lock	0xd5977bfb	met.ko
mutex_lock	0xd5977bfb	mi_memory.ko
mutex_lock	0xd5977bfb	miev.ko
mutex_lock	0xd5977bfb	mmprofile.ko
mutex_lock	0xd5977bfb	mmqos-common.ko
mutex_lock	0xd5977bfb	monitor_hang.ko
mutex_lock	0xd5977bfb	mt6358-accdet.ko
mutex_lock	0xd5977bfb	mt6358_battery.ko
mutex_lock	0xd5977bfb	mt635x-auxadc.ko
mutex_lock	0xd5977bfb	mt6370-adc.ko
mutex_lock	0xd5977bfb	mt6370-charger.ko
mutex_lock	0xd5977bfb	mt6397.ko
mutex_lock	0xd5977bfb	mt63xx-debug.ko
mutex_lock	0xd5977bfb	mt6577_auxadc.ko
mutex_lock	0xd5977bfb	mtk-cmdq-drv-ext.ko
mutex_lock	0xd5977bfb	mtk-dvfsrc-helper.ko
mutex_lock	0xd5977bfb	mtk-dvfsrc.ko
mutex_lock	0xd5977bfb	mtk-icc-core.ko
mutex_lock	0xd5977bfb	mtk-mmdvfs.ko
mutex_lock	0xd5977bfb	mtk-mml.ko
mutex_lock	0xd5977bfb	mtk-pwm.ko
mutex_lock	0xd5977bfb	mtk-smi-bwc.ko
mutex_lock	0xd5977bfb	mtk-uart-apdma.ko
mutex_lock	0xd5977bfb	mtk-vcodec-common.ko
mutex_lock	0xd5977bfb	mtk-vcodec-dec-v1.ko
mutex_lock	0xd5977bfb	mtk-vcodec-enc-v1.ko
mutex_lock	0xd5977bfb	mtk-vcu.ko
mutex_lock	0xd5977bfb	mtk_battery_manager.ko
mutex_lock	0xd5977bfb	mtk_battery_oc_throttling.ko
mutex_lock	0xd5977bfb	mtk_charger_algorithm_class.ko
mutex_lock	0xd5977bfb	mtk_charger_framework.ko
mutex_lock	0xd5977bfb	mtk_chg_type_det.ko
mutex_lock	0xd5977bfb	mtk_cpu_power_throttling.ko
mutex_lock	0xd5977bfb	mtk_cpuhp.ko
mutex_lock	0xd5977bfb	mtk_dcm.ko
mutex_lock	0xd5977bfb	mtk_dynamic_loading_throttling.ko
mutex_lock	0xd5977bfb	mtk_fpsgo.ko
mutex_lock	0xd5977bfb	mtk_gpu_hal.ko
mutex_lock	0xd5977bfb	mtk_gpu_qos.ko
mutex_lock	0xd5977bfb	mtk_gpufreq_mt6768.ko
mutex_lock	0xd5977bfb	mtk_gpufreq_wrapper_legacy.ko
mutex_lock	0xd5977bfb	mtk_heap_debug.ko
mutex_lock	0xd5977bfb	mtk_iommu.ko
mutex_lock	0xd5977bfb	mtk_jpeg.ko
mutex_lock	0xd5977bfb	mtk_low_battery_throttling.ko
mutex_lock	0xd5977bfb	mtk_panel_ext.ko
mutex_lock	0xd5977bfb	mtk_pbm.ko
mutex_lock	0xd5977bfb	mtk_pd_adapter.ko
mutex_lock	0xd5977bfb	mtk_pd_charging.ko
mutex_lock	0xd5977bfb	mtk_pep.ko
mutex_lock	0xd5977bfb	mtk_pep20.ko
mutex_lock	0xd5977bfb	mtk_pep40.ko
mutex_lock	0xd5977bfb	mtk_perf_common.ko
mutex_lock	0xd5977bfb	mtk_ppm_v3.ko
mutex_lock	0xd5977bfb	mtk_sec_heap.ko
mutex_lock	0xd5977bfb	mtk_spi.ko
mutex_lock	0xd5977bfb	mtk_tinysys_ipi.ko
mutex_lock	0xd5977bfb	mtk_usb_f_rndis.ko
mutex_lock	0xd5977bfb	musb_hdrc.ko
mutex_lock	0xd5977bfb	nt36528_spi.ko
mutex_lock	0xd5977bfb	nvmem-mt635x-efuse.ko
mutex_lock	0xd5977bfb	nxp_i2c.ko
mutex_lock	0xd5977bfb	pd_dbg_info.ko
mutex_lock	0xd5977bfb	perf_helper.ko
mutex_lock	0xd5977bfb	perfhelper.ko
mutex_lock	0xd5977bfb	pmic_lbat_service.ko
mutex_lock	0xd5977bfb	pmic_lvsys_notify.ko
mutex_lock	0xd5977bfb	powerhal_cpu_ctrl.ko
mutex_lock	0xd5977bfb	rpmb.ko
mutex_lock	0xd5977bfb	rps_perf.ko
mutex_lock	0xd5977bfb	rtc-mt6397.ko
mutex_lock	0xd5977bfb	scheduler.ko
mutex_lock	0xd5977bfb	scp.ko
mutex_lock	0xd5977bfb	sensorHub.ko
mutex_lock	0xd5977bfb	sensor_list.ko
mutex_lock	0xd5977bfb	sgm41543_charger.ko
mutex_lock	0xd5977bfb	sil_fingerprint.ko
mutex_lock	0xd5977bfb	situation.ko
mutex_lock	0xd5977bfb	snd-soc-fs15xx.ko
mutex_lock	0xd5977bfb	snd-soc-mt6768-afe.ko
mutex_lock	0xd5977bfb	snd-soc-mtk-common.ko
mutex_lock	0xd5977bfb	snd-soc-sipa-tuning.ko
mutex_lock	0xd5977bfb	spi_slave.ko
mutex_lock	0xd5977bfb	sspm_v1.ko
mutex_lock	0xd5977bfb	step_counter.ko
mutex_lock	0xd5977bfb	sub2af.ko
mutex_lock	0xd5977bfb	subaf.ko
mutex_lock	0xd5977bfb	system_heap.ko
mutex_lock	0xd5977bfb	t-base-tui.ko
mutex_lock	0xd5977bfb	tcpc_class.ko
mutex_lock	0xd5977bfb	tcpc_rt1711h.ko
mutex_lock	0xd5977bfb	tcpc_upm7610.ko
mutex_lock	0xd5977bfb	thermal_monitor.ko
mutex_lock	0xd5977bfb	touch_boost.ko
mutex_lock	0xd5977bfb	trusted_mem.ko
mutex_lock	0xd5977bfb	ufs-mediatek-mod.ko
mutex_lock	0xd5977bfb	uload_ind.ko
mutex_lock	0xd5977bfb	upm6920_charger.ko
mutex_lock	0xd5977bfb	usb_meta.ko
mutex_lock	0xd5977bfb	v4l2-flash-led-class.ko
mutex_lock	0xd5977bfb	wlan_drv_gen4m_6768.ko
mutex_lock	0xd5977bfb	wmt_chrdev_wifi.ko
mutex_lock	0xd5977bfb	wmt_drv.ko
mutex_lock	0xd5977bfb	xiaomi_touch.ko
mutex_lock	0xd5977bfb	xm_smart_chg.ko
mutex_lock	0xd5977bfb	zram.ko
mutex_lock_interruptible	0x2c2067df	gz_tz_system.ko
mutex_lock_interruptible	0x2c2067df	mediatek-drm.ko
mutex_lock_interruptible	0x2c2067df	mtk_jpeg.ko
mutex_lock_interruptible	0x2c2067df	nt36528_spi.ko
mutex_lock_killable	0xbc532593	bt_drv_connac1x.ko
mutex_lock_killable	0xbc532593	btif_drv.ko
mutex_lock_killable	0xbc532593	wmt_drv.ko
mutex_trylock	0x203392c6	btif_drv.ko
mutex_trylock	0x203392c6	drm_display_helper.ko
mutex_trylock	0x203392c6	mali_kbase_mt6768_r49.ko
mutex_trylock	0x203392c6	met.ko
mutex_trylock	0x203392c6	mmprofile.ko
mutex_trylock	0x203392c6	mt6358_battery.ko
mutex_trylock	0x203392c6	mtk_dynamic_loading_throttling.ko
mutex_trylock	0x203392c6	mtk_pep20.ko
mutex_trylock	0x203392c6	nxp_i2c.ko
mutex_trylock	0x203392c6	scp.ko
mutex_trylock	0x203392c6	wlan_drv_gen4m_6768.ko
mutex_trylock	0x203392c6	wmt_chrdev_wifi.ko
mutex_trylock	0x203392c6	wmt_drv.ko
mutex_unlock	0xed55cabd	8250_mtk.ko
mutex_unlock	0xed55cabd	CPU_DVFS.ko
mutex_unlock	0xed55cabd	MTK_INTERNAL_SPM.ko
mutex_unlock	0xed55cabd	accel_common.ko
mutex_unlock	0xed55cabd	adapter_class.ko
mutex_unlock	0xed55cabd	aee_aed.ko
mutex_unlock	0xed55cabd	alsps_common.ko
mutex_unlock	0xed55cabd	alspshub.ko
mutex_unlock	0xed55cabd	atf_logger.ko
mutex_unlock	0xed55cabd	baro_common.ko
mutex_unlock	0xed55cabd	binder_gki.ko
mutex_unlock	0xed55cabd	blocktag.ko
mutex_unlock	0xed55cabd	bt_drv_connac1x.ko
mutex_unlock	0xed55cabd	btif_drv.ko
mutex_unlock	0xed55cabd	c2k_usb.ko
mutex_unlock	0xed55cabd	camera_dpe_isp40.ko
mutex_unlock	0xed55cabd	camera_isp_4_t.ko
mutex_unlock	0xed55cabd	camera_mem.ko
mutex_unlock	0xed55cabd	ccci_fsm_scp.ko
mutex_unlock	0xed55cabd	ccci_md_all.ko
mutex_unlock	0xed55cabd	ccu_isp4.ko
mutex_unlock	0xed55cabd	cfg80211.ko
mutex_unlock	0xed55cabd	charger_class.ko
mutex_unlock	0xed55cabd	clkbuf.ko
mutex_unlock	0xed55cabd	cmdq-sec-drv.ko
mutex_unlock	0xed55cabd	cmdq-test.ko
mutex_unlock	0xed55cabd	conn_md_drv.ko
mutex_unlock	0xed55cabd	connadp.ko
mutex_unlock	0xed55cabd	cpufreq_sugov_ext.ko
mutex_unlock	0xed55cabd	drm_display_helper.ko
mutex_unlock	0xed55cabd	dsi_panel_c3n_35_02_0h_dsc_vdo.ko
mutex_unlock	0xed55cabd	dsi_panel_c3n_35_0f_0e_dsc_vdo.ko
mutex_unlock	0xed55cabd	dsi_panel_c3n_35_0f_0l_dsc_vdo.ko
mutex_unlock	0xed55cabd	dsi_panel_c3n_37_02_0d_dsc_vdo.ko
mutex_unlock	0xed55cabd	dsi_panel_c3n_43_02_0a_dsc_vdo.ko
mutex_unlock	0xed55cabd	dsi_panel_c3n_43_02_0k_dsc_vdo.ko
mutex_unlock	0xed55cabd	dsi_panel_c3n_43_02_0n_dsc_vdo.ko
mutex_unlock	0xed55cabd	dsi_panel_c3n_44_03_0b_dsc_vdo.ko
mutex_unlock	0xed55cabd	dsi_panel_c3n_44_03_0j_dsc_vdo.ko
mutex_unlock	0xed55cabd	dsi_panel_c3n_46_03_0c_dsc_vdo.ko
mutex_unlock	0xed55cabd	dsi_panel_c3n_46_03_0f_dsc_vdo.ko
mutex_unlock	0xed55cabd	dsi_panel_c3n_46_03_0g_dsc_vdo.ko
mutex_unlock	0xed55cabd	dsi_panel_c3n_null_dsc_vdo.ko
mutex_unlock	0xed55cabd	emimpu.ko
mutex_unlock	0xed55cabd	extdev_io_class.ko
mutex_unlock	0xed55cabd	flashlight.ko
mutex_unlock	0xed55cabd	ft8057m_spi.ko
mutex_unlock	0xed55cabd	ft8057p_spi.ko
mutex_unlock	0xed55cabd	fusion.ko
mutex_unlock	0xed55cabd	ged.ko
mutex_unlock	0xed55cabd	gf_fingerprint.ko
mutex_unlock	0xed55cabd	gyro_common.ko
mutex_unlock	0xed55cabd	gz_ipc_mod.ko
mutex_unlock	0xed55cabd	gz_main_mod.ko
mutex_unlock	0xed55cabd	gz_trusty_mod.ko
mutex_unlock	0xed55cabd	gz_tz_system.ko
mutex_unlock	0xed55cabd	gz_virtio_mod.ko
mutex_unlock	0xed55cabd	hwmon.ko
mutex_unlock	0xed55cabd	icnl9916_spi.ko
mutex_unlock	0xed55cabd	imgsensor_isp4_t.ko
mutex_unlock	0xed55cabd	iommu_gz.ko
mutex_unlock	0xed55cabd	isee.ko
mutex_unlock	0xed55cabd	lct_audio_info.ko
mutex_unlock	0xed55cabd	leds-mt6370-flash.ko
mutex_unlock	0xed55cabd	leds-mtk.ko
mutex_unlock	0xed55cabd	load_track.ko
mutex_unlock	0xed55cabd	mac80211.ko
mutex_unlock	0xed55cabd	mag_common.ko
mutex_unlock	0xed55cabd	main2af.ko
mutex_unlock	0xed55cabd	main3af.ko
mutex_unlock	0xed55cabd	mainaf.ko
mutex_unlock	0xed55cabd	mali_kbase_mt6768_r49.ko
mutex_unlock	0xed55cabd	mcDrvModule.ko
mutex_unlock	0xed55cabd	mdp_drv_mt6768.ko
mutex_unlock	0xed55cabd	mediatek-drm.ko
mutex_unlock	0xed55cabd	mediatek_eem.ko
mutex_unlock	0xed55cabd	met.ko
mutex_unlock	0xed55cabd	mi_memory.ko
mutex_unlock	0xed55cabd	miev.ko
mutex_unlock	0xed55cabd	mmprofile.ko
mutex_unlock	0xed55cabd	mmqos-common.ko
mutex_unlock	0xed55cabd	monitor_hang.ko
mutex_unlock	0xed55cabd	mt6358-accdet.ko
mutex_unlock	0xed55cabd	mt6358_battery.ko
mutex_unlock	0xed55cabd	mt635x-auxadc.ko
mutex_unlock	0xed55cabd	mt6370-adc.ko
mutex_unlock	0xed55cabd	mt6370-charger.ko
mutex_unlock	0xed55cabd	mt6397.ko
mutex_unlock	0xed55cabd	mt63xx-debug.ko
mutex_unlock	0xed55cabd	mt6577_auxadc.ko
mutex_unlock	0xed55cabd	mtk-cmdq-drv-ext.ko
mutex_unlock	0xed55cabd	mtk-dvfsrc-helper.ko
mutex_unlock	0xed55cabd	mtk-dvfsrc.ko
mutex_unlock	0xed55cabd	mtk-icc-core.ko
mutex_unlock	0xed55cabd	mtk-mmdvfs.ko
mutex_unlock	0xed55cabd	mtk-mml.ko
mutex_unlock	0xed55cabd	mtk-pwm.ko
mutex_unlock	0xed55cabd	mtk-smi-bwc.ko
mutex_unlock	0xed55cabd	mtk-uart-apdma.ko
mutex_unlock	0xed55cabd	mtk-vcodec-common.ko
mutex_unlock	0xed55cabd	mtk-vcodec-dec-v1.ko
mutex_unlock	0xed55cabd	mtk-vcodec-enc-v1.ko
mutex_unlock	0xed55cabd	mtk-vcu.ko
mutex_unlock	0xed55cabd	mtk_battery_manager.ko
mutex_unlock	0xed55cabd	mtk_battery_oc_throttling.ko
mutex_unlock	0xed55cabd	mtk_charger_algorithm_class.ko
mutex_unlock	0xed55cabd	mtk_charger_framework.ko
mutex_unlock	0xed55cabd	mtk_chg_type_det.ko
mutex_unlock	0xed55cabd	mtk_cpu_power_throttling.ko
mutex_unlock	0xed55cabd	mtk_cpuhp.ko
mutex_unlock	0xed55cabd	mtk_dcm.ko
mutex_unlock	0xed55cabd	mtk_dynamic_loading_throttling.ko
mutex_unlock	0xed55cabd	mtk_fpsgo.ko
mutex_unlock	0xed55cabd	mtk_gpu_hal.ko
mutex_unlock	0xed55cabd	mtk_gpu_qos.ko
mutex_unlock	0xed55cabd	mtk_gpufreq_mt6768.ko
mutex_unlock	0xed55cabd	mtk_gpufreq_wrapper_legacy.ko
mutex_unlock	0xed55cabd	mtk_heap_debug.ko
mutex_unlock	0xed55cabd	mtk_iommu.ko
mutex_unlock	0xed55cabd	mtk_jpeg.ko
mutex_unlock	0xed55cabd	mtk_low_battery_throttling.ko
mutex_unlock	0xed55cabd	mtk_panel_ext.ko
mutex_unlock	0xed55cabd	mtk_pbm.ko
mutex_unlock	0xed55cabd	mtk_pd_adapter.ko
mutex_unlock	0xed55cabd	mtk_pd_charging.ko
mutex_unlock	0xed55cabd	mtk_pep.ko
mutex_unlock	0xed55cabd	mtk_pep20.ko
mutex_unlock	0xed55cabd	mtk_pep40.ko
mutex_unlock	0xed55cabd	mtk_perf_common.ko
mutex_unlock	0xed55cabd	mtk_ppm_v3.ko
mutex_unlock	0xed55cabd	mtk_sec_heap.ko
mutex_unlock	0xed55cabd	mtk_spi.ko
mutex_unlock	0xed55cabd	mtk_tinysys_ipi.ko
mutex_unlock	0xed55cabd	mtk_usb_f_rndis.ko
mutex_unlock	0xed55cabd	musb_hdrc.ko
mutex_unlock	0xed55cabd	nt36528_spi.ko
mutex_unlock	0xed55cabd	nvmem-mt635x-efuse.ko
mutex_unlock	0xed55cabd	nxp_i2c.ko
mutex_unlock	0xed55cabd	pd_dbg_info.ko
mutex_unlock	0xed55cabd	perf_helper.ko
mutex_unlock	0xed55cabd	perfhelper.ko
mutex_unlock	0xed55cabd	pmic_lbat_service.ko
mutex_unlock	0xed55cabd	pmic_lvsys_notify.ko
mutex_unlock	0xed55cabd	powerhal_cpu_ctrl.ko
mutex_unlock	0xed55cabd	rpmb.ko
mutex_unlock	0xed55cabd	rps_perf.ko
mutex_unlock	0xed55cabd	rtc-mt6397.ko
mutex_unlock	0xed55cabd	scheduler.ko
mutex_unlock	0xed55cabd	scp.ko
mutex_unlock	0xed55cabd	sensorHub.ko
mutex_unlock	0xed55cabd	sensor_list.ko
mutex_unlock	0xed55cabd	sgm41543_charger.ko
mutex_unlock	0xed55cabd	sil_fingerprint.ko
mutex_unlock	0xed55cabd	situation.ko
mutex_unlock	0xed55cabd	snd-soc-fs15xx.ko
mutex_unlock	0xed55cabd	snd-soc-mt6768-afe.ko
mutex_unlock	0xed55cabd	snd-soc-mtk-common.ko
mutex_unlock	0xed55cabd	snd-soc-sipa-tuning.ko
mutex_unlock	0xed55cabd	spi_slave.ko
mutex_unlock	0xed55cabd	sspm_v1.ko
mutex_unlock	0xed55cabd	step_counter.ko
mutex_unlock	0xed55cabd	sub2af.ko
mutex_unlock	0xed55cabd	subaf.ko
mutex_unlock	0xed55cabd	system_heap.ko
mutex_unlock	0xed55cabd	t-base-tui.ko
mutex_unlock	0xed55cabd	tcpc_class.ko
mutex_unlock	0xed55cabd	tcpc_rt1711h.ko
mutex_unlock	0xed55cabd	tcpc_upm7610.ko
mutex_unlock	0xed55cabd	thermal_monitor.ko
mutex_unlock	0xed55cabd	touch_boost.ko
mutex_unlock	0xed55cabd	trusted_mem.ko
mutex_unlock	0xed55cabd	ufs-mediatek-mod.ko
mutex_unlock	0xed55cabd	uload_ind.ko
mutex_unlock	0xed55cabd	upm6920_charger.ko
mutex_unlock	0xed55cabd	usb_meta.ko
mutex_unlock	0xed55cabd	v4l2-flash-led-class.ko
mutex_unlock	0xed55cabd	wlan_drv_gen4m_6768.ko
mutex_unlock	0xed55cabd	wmt_chrdev_wifi.ko
mutex_unlock	0xed55cabd	wmt_drv.ko
mutex_unlock	0xed55cabd	xiaomi_touch.ko
mutex_unlock	0xed55cabd	xm_smart_chg.ko
mutex_unlock	0xed55cabd	zram.ko
mv_card	0x1a1a5d82	mi_memory.ko
n_tty_ioctl_helper	0xad6f2737	wmt_drv.ko
napi_complete_done	0xe26f7748	wlan_drv_gen4m_6768.ko
napi_disable	0x8768e4d9	ccmni.ko
napi_disable	0x8768e4d9	wlan_drv_gen4m_6768.ko
napi_enable	0xf466726e	ccmni.ko
napi_enable	0xf466726e	wlan_drv_gen4m_6768.ko
napi_gro_flush	0x13f14106	ccmni.ko
napi_gro_flush	0x13f14106	wlan_drv_gen4m_6768.ko
napi_gro_receive	0x5ee8c77f	ccmni.ko
napi_gro_receive	0x5ee8c77f	mac80211.ko
napi_gro_receive	0x5ee8c77f	wlan_drv_gen4m_6768.ko
napi_schedule_prep	0x7c5b37c7	ccmni.ko
napi_schedule_prep	0x7c5b37c7	wlan_drv_gen4m_6768.ko
net_namespace_list	0x6d2fc5a6	thermal_monitor.ko
net_ns_type_operations	0xc0c55fe2	cfg80211.ko
net_ratelimit	0xf6ebc03b	mac80211.ko
netdev_err	0xc7366faa	ccmni.ko
netdev_err	0xc7366faa	cfg80211.ko
netdev_info	0x19e989d0	ccmni.ko
netdev_info	0x19e989d0	mac80211.ko
netdev_set_default_ethtool_ops	0xd454af3f	mac80211.ko
netif_carrier_off	0xf5840fc6	ccmni.ko
netif_carrier_off	0xf5840fc6	mac80211.ko
netif_carrier_off	0xf5840fc6	mtk_u_ether.ko
netif_carrier_off	0xf5840fc6	mtk_usb_f_rndis.ko
netif_carrier_off	0xf5840fc6	wlan_drv_gen4m_6768.ko
netif_carrier_on	0xf2d0cfaf	ccmni.ko
netif_carrier_on	0xf2d0cfaf	mac80211.ko
netif_carrier_on	0xf2d0cfaf	mtk_u_ether.ko
netif_carrier_on	0xf2d0cfaf	mtk_usb_f_rndis.ko
netif_carrier_on	0xf2d0cfaf	wlan_drv_gen4m_6768.ko
netif_device_attach	0xb8bca760	wlan_drv_gen4m_6768.ko
netif_device_detach	0x8965d5ff	wlan_drv_gen4m_6768.ko
netif_napi_add_weight	0x4bfaca74	ccmni.ko
netif_napi_add_weight	0x4bfaca74	wlan_drv_gen4m_6768.ko
netif_receive_skb	0x31fcdf8e	ccmni.ko
netif_receive_skb	0x31fcdf8e	mac80211.ko
netif_receive_skb_list	0x6b8bf149	ccmni.ko
netif_receive_skb_list	0x6b8bf149	mac80211.ko
netif_rx	0x88d750c3	ccmni.ko
netif_rx	0x88d750c3	cfg80211.ko
netif_rx	0x88d750c3	mac80211.ko
netif_rx	0x88d750c3	mtk_u_ether.ko
netif_rx	0x88d750c3	wlan_drv_gen4m_6768.ko
netif_tx_stop_all_queues	0x4e92265c	wlan_drv_gen4m_6768.ko
netif_tx_wake_queue	0xb06bcfd6	ccmni.ko
netif_tx_wake_queue	0xb06bcfd6	mtk_u_ether.ko
netif_tx_wake_queue	0xb06bcfd6	mtk_usb_f_rndis.ko
netif_tx_wake_queue	0xb06bcfd6	wlan_drv_gen4m_6768.ko
netlink_broadcast	0x811e90e4	cfg80211.ko
netlink_kernel_release	0xb6c33ac9	gf_fingerprint.ko
netlink_kernel_release	0xb6c33ac9	wifi_ant_check.ko
netlink_kernel_release	0xb6c33ac9	wmt_drv.ko
netlink_register_notifier	0xee378d58	cfg80211.ko
netlink_unicast	0xbfd2ddfc	cfg80211.ko
netlink_unicast	0xbfd2ddfc	gf_fingerprint.ko
netlink_unicast	0xbfd2ddfc	millet_core.ko
netlink_unicast	0xbfd2ddfc	mtk_battery_manager.ko
netlink_unicast	0xbfd2ddfc	thermal_monitor.ko
netlink_unicast	0xbfd2ddfc	wifi_ant_check.ko
netlink_unicast	0xbfd2ddfc	wmt_drv.ko
netlink_unregister_notifier	0x06618119	cfg80211.ko
nf_register_net_hooks	0xea5ec93a	millet_pkg.ko
nf_unregister_net_hooks	0x8ebb9546	millet_pkg.ko
nla_find	0xcd279169	cfg80211.ko
nla_memcpy	0xf1db1704	cfg80211.ko
nla_put	0xfbeddcfa	cfg80211.ko
nla_put	0xfbeddcfa	wlan_drv_gen4m_6768.ko
nla_put	0xfbeddcfa	wmt_drv.ko
nla_put_64bit	0x1ab060f6	cfg80211.ko
nla_put_nohdr	0x72ece299	wlan_drv_gen4m_6768.ko
nla_reserve	0xcf9bcccd	cfg80211.ko
nla_strscpy	0x84823cf3	wlan_drv_gen4m_6768.ko
nonseekable_open	0xb5d98471	accel_common.ko
nonseekable_open	0xb5d98471	alsps_common.ko
nonseekable_open	0xb5d98471	atf_logger.ko
nonseekable_open	0xb5d98471	baro_common.ko
nonseekable_open	0xb5d98471	ccci_md_all.ko
nonseekable_open	0xb5d98471	ccci_util_lib.ko
nonseekable_open	0xb5d98471	emiisu.ko
nonseekable_open	0xb5d98471	fusion.ko
nonseekable_open	0xb5d98471	gf_fingerprint.ko
nonseekable_open	0xb5d98471	gps_drv_stp.ko
nonseekable_open	0xb5d98471	gyro_common.ko
nonseekable_open	0xb5d98471	gz_log_mod.ko
nonseekable_open	0xb5d98471	mag_common.ko
nonseekable_open	0xb5d98471	mali_kbase_mt6768_r49.ko
nonseekable_open	0xb5d98471	scp.ko
nonseekable_open	0xb5d98471	sensor_list.ko
nonseekable_open	0xb5d98471	sil_fingerprint.ko
nonseekable_open	0xb5d98471	situation.ko
nonseekable_open	0xb5d98471	situationhub.ko
nonseekable_open	0xb5d98471	sspm_v1.ko
nonseekable_open	0xb5d98471	step_counter.ko
notify_3way_semaphore_control	0x2f59a855	snd-soc-mtk-common.ko
notify_fpsgo_touch_latency_ko_ready	0x17cb0a23	fpsgo.ko
notify_powerRL_ko_is_ready	0x848af68f	fpsgo.ko
notify_rl_ko_is_ready	0xe14b9a67	fpsgo.ko
notify_xgf_ko_ready	0xf1f421d0	fpsgo.ko
nr_cpu_ids	0x017de3d5	CPU_DVFS.ko
nr_cpu_ids	0x017de3d5	MTK_INTERNAL_SPM.ko
nr_cpu_ids	0x017de3d5	aee_aed.ko
nr_cpu_ids	0x017de3d5	aee_hangdet.ko
nr_cpu_ids	0x017de3d5	arm_dsu_pmu.ko
nr_cpu_ids	0x017de3d5	cache-parity.ko
nr_cpu_ids	0x017de3d5	cpufreq_sugov_ext.ko
nr_cpu_ids	0x017de3d5	gz_virtio_mod.ko
nr_cpu_ids	0x017de3d5	mediatek-drm.ko
nr_cpu_ids	0x017de3d5	mrdump.ko
nr_cpu_ids	0x017de3d5	mtk_em.ko
nr_cpu_ids	0x017de3d5	mtk_perf_common.ko
nr_cpu_ids	0x017de3d5	mtk_ppm_v3.ko
nr_cpu_ids	0x017de3d5	scheduler.ko
nr_cpu_ids	0x017de3d5	ufs-mediatek-mod.ko
nr_free_buffer_pages	0x27fa66e1	mi_memory.ko
nr_ipi_get	0x215054f8	aee_hangdet.ko
nr_irqs	0xcdca3691	aee_hangdet.ko
nr_swap_pages	0xa0d3456d	trace_mmstat.ko
ns_to_timespec64	0x65929cae	blocktag.ko
ns_to_timespec64	0x65929cae	btif_drv.ko
ns_to_timespec64	0x65929cae	isee.ko
ns_to_timespec64	0x65929cae	mcdi.ko
ns_to_timespec64	0x65929cae	mediatek-drm.ko
ns_to_timespec64	0x65929cae	mt6358_battery.ko
ns_to_timespec64	0x65929cae	mtk-mml.ko
ns_to_timespec64	0x65929cae	mtk-vcodec-dec-v1.ko
ns_to_timespec64	0x65929cae	mtk_battery_manager.ko
ns_to_timespec64	0x65929cae	mtk_charger_framework.ko
ns_to_timespec64	0x65929cae	mtk_pep20.ko
ns_to_timespec64	0x65929cae	ufs-mediatek-dbg.ko
ns_to_timespec64	0x65929cae	wlan_drv_gen4m_6768.ko
nsecs_to_jiffies	0xffae8e8b	mtk-btcvsd.ko
nsecs_to_jiffies	0xffae8e8b	mtk-mml.ko
nsecs_to_jiffies	0xffae8e8b	mtk-vcodec-dec-v1.ko
nsecs_to_jiffies	0xffae8e8b	mtk_tinysys_ipi.ko
nsecs_to_jiffies	0xffae8e8b	tcpc_class.ko
nvmem_cell_get	0x1cc4995f	ged.ko
nvmem_cell_get	0x1cc4995f	mediatek-drm.ko
nvmem_cell_get	0x1cc4995f	mediatek_eem.ko
nvmem_cell_get	0x1cc4995f	mt6358_battery.ko
nvmem_cell_get	0x1cc4995f	mtk_gpufreq_mt6768.ko
nvmem_cell_get	0x1cc4995f	thermal_monitor.ko
nvmem_cell_put	0x85540ebc	CPU_DVFS.ko
nvmem_cell_put	0x85540ebc	Upower.ko
nvmem_cell_put	0x85540ebc	ged.ko
nvmem_cell_put	0x85540ebc	mediatek-drm.ko
nvmem_cell_put	0x85540ebc	mediatek_eem.ko
nvmem_cell_put	0x85540ebc	mt6358_battery.ko
nvmem_cell_put	0x85540ebc	mtk_gpufreq_mt6768.ko
nvmem_cell_put	0x85540ebc	thermal_monitor.ko
nvmem_cell_read	0x99f018c4	CPU_DVFS.ko
nvmem_cell_read	0x99f018c4	Upower.ko
nvmem_cell_read	0x99f018c4	ged.ko
nvmem_cell_read	0x99f018c4	mediatek-drm.ko
nvmem_cell_read	0x99f018c4	mediatek_eem.ko
nvmem_cell_read	0x99f018c4	mt6358_battery.ko
nvmem_cell_read	0x99f018c4	mtk_gpufreq_mt6768.ko
nvmem_cell_read	0x99f018c4	thermal_monitor.ko
nvmem_cell_read_u32	0xc8347ec4	phy-mtk-tphy.ko
nvmem_cell_read_variable_le_u32	0x2cb115a8	phy-mtk-tphy.ko
nvmem_cell_write	0x202d4ed6	mt6358_battery.ko
nvmem_device_get	0x1147efb3	mediatek_static_power.ko
nvmem_device_get	0x1147efb3	mt6577_auxadc.ko
nvmem_device_put	0x8349a895	mt6577_auxadc.ko
nvmem_device_read	0xc697b0f7	mediatek_static_power.ko
nvmem_device_read	0xc697b0f7	mt6358-accdet.ko
nvmem_device_read	0xc697b0f7	mt635x-auxadc.ko
nvmem_device_read	0xc697b0f7	mt6577_auxadc.ko
nvt_ts_esd_resume_probe	0xaa026e11	nt36528_spi.ko
oem_register_binder_hook	0xbb8c2b14	millet_binder.ko
of_address_to_resource	0x8882e1cc	cmdq-test.ko
of_address_to_resource	0x8882e1cc	ged.ko
of_address_to_resource	0x8882e1cc	mdp_drv_mt6768.ko
of_address_to_resource	0x8882e1cc	mediatek-drm.ko
of_address_to_resource	0x8882e1cc	mtk-cmdq-drv-ext.ko
of_address_to_resource	0x8882e1cc	mtk-mml.ko
of_address_to_resource	0x8882e1cc	mtk-smi.ko
of_address_to_resource	0x8882e1cc	phy-mtk-tphy.ko
of_address_to_resource	0x8882e1cc	wlan_drv_gen4m_6768.ko
of_alias_get_id	0xfabb68d3	mediatek-drm.ko
of_alias_get_id	0xfabb68d3	mtk-mml.ko
of_clk_add_provider	0x8e1102f5	clk-common.ko
of_clk_add_provider	0x8e1102f5	clk-mt6768-pg.ko
of_clk_add_provider	0x8e1102f5	clk-mt6768.ko
of_clk_add_provider	0x8e1102f5	mediatek-drm.ko
of_clk_del_provider	0xfccf3738	mediatek-drm.ko
of_clk_get	0x94274b81	mali_kbase_mt6768_r49.ko
of_clk_get	0x94274b81	mediatek-drm.ko
of_clk_get	0x94274b81	mtk-mml.ko
of_clk_get_by_name	0x96a32982	mdp_drv_mt6768.ko
of_clk_get_by_name	0x96a32982	mediatek-drm.ko
of_clk_get_by_name	0x96a32982	mtk-mml.ko
of_clk_get_from_provider	0x7bcfcf67	clk-common.ko
of_clk_src_onecell_get	0x6dcd5b95	clk-common.ko
of_clk_src_onecell_get	0x6dcd5b95	clk-mt6768-pg.ko
of_clk_src_onecell_get	0x6dcd5b95	clk-mt6768.ko
of_clk_src_simple_get	0x7daa0cb2	mediatek-drm.ko
of_count_phandle_with_args	0xf2a91066	arm_dsu_pmu.ko
of_count_phandle_with_args	0xf2a91066	camera_dpe_isp40.ko
of_count_phandle_with_args	0xf2a91066	camera_fdvt_isp40.ko
of_count_phandle_with_args	0xf2a91066	camera_isp_4_t.ko
of_count_phandle_with_args	0xf2a91066	dbg_error_flag.ko
of_count_phandle_with_args	0xf2a91066	iommu_gz.ko
of_count_phandle_with_args	0xf2a91066	mdp_drv_mt6768.ko
of_count_phandle_with_args	0xf2a91066	mediatek-drm.ko
of_count_phandle_with_args	0xf2a91066	mtk-cmdq-drv-ext.ko
of_count_phandle_with_args	0xf2a91066	mtk-dvfsrc-helper.ko
of_count_phandle_with_args	0xf2a91066	mtk-mml.ko
of_count_phandle_with_args	0xf2a91066	mtk-scpsys.ko
of_count_phandle_with_args	0xf2a91066	mtk_cm_mgr.ko
of_count_phandle_with_args	0xf2a91066	mtk_cm_mgr_mt6768.ko
of_count_phandle_with_args	0xf2a91066	mtk_iommu.ko
of_cpu_node_to_id	0x5e3d097e	CPU_DVFS.ko
of_cpu_node_to_id	0x5e3d097e	arm_dsu_pmu.ko
of_css	0xc8adc9fe	perfhelper.ko
of_devfreq_cooling_register_power	0x8d5ec972	mali_kbase_mt6768_r49.ko
of_device_get_match_data	0x271ebdb1	8250_mtk.ko
of_device_get_match_data	0x271ebdb1	cache-parity.ko
of_device_get_match_data	0x271ebdb1	clk-common.ko
of_device_get_match_data	0x271ebdb1	clk-mt6768.ko
of_device_get_match_data	0x271ebdb1	i2c-mt65xx.ko
of_device_get_match_data	0x271ebdb1	iommu_debug.ko
of_device_get_match_data	0x271ebdb1	leds-mtk-disp.ko
of_device_get_match_data	0x271ebdb1	mediatek-drm.ko
of_device_get_match_data	0x271ebdb1	mmqos-common.ko
of_device_get_match_data	0x271ebdb1	mt635x-auxadc.ko
of_device_get_match_data	0x271ebdb1	mt6397.ko
of_device_get_match_data	0x271ebdb1	mtk-cmdq-drv-ext.ko
of_device_get_match_data	0x271ebdb1	mtk-dvfsrc-helper.ko
of_device_get_match_data	0x271ebdb1	mtk-dvfsrc.ko
of_device_get_match_data	0x271ebdb1	mtk-mmc.ko
of_device_get_match_data	0x271ebdb1	mtk-mml.ko
of_device_get_match_data	0x271ebdb1	mtk-scpsys-bringup.ko
of_device_get_match_data	0x271ebdb1	mtk-scpsys-mt6768.ko
of_device_get_match_data	0x271ebdb1	mtk-scpsys.ko
of_device_get_match_data	0x271ebdb1	mtk-smi-bwc.ko
of_device_get_match_data	0x271ebdb1	mtk-smi.ko
of_device_get_match_data	0x271ebdb1	mtk-uart-apdma.ko
of_device_get_match_data	0x271ebdb1	mtk_battery_oc_throttling.ko
of_device_get_match_data	0x271ebdb1	mtk_charger_cooling.ko
of_device_get_match_data	0x271ebdb1	mtk_disp_sec.ko
of_device_get_match_data	0x271ebdb1	mtk_dynamic_loading_throttling.ko
of_device_get_match_data	0x271ebdb1	mtk_iommu.ko
of_device_get_match_data	0x271ebdb1	mtk_jpeg.ko
of_device_get_match_data	0x271ebdb1	mtk_qos_legacy.ko
of_device_get_match_data	0x271ebdb1	mtk_wdt.ko
of_device_get_match_data	0x271ebdb1	nvmem-mt635x-efuse.ko
of_device_get_match_data	0x271ebdb1	phy-mtk-tphy.ko
of_device_get_match_data	0x271ebdb1	pmic_lbat_service.ko
of_device_get_match_data	0x271ebdb1	pmic_lvsys_notify.ko
of_device_get_match_data	0x271ebdb1	pwm-mtk-disp.ko
of_device_get_match_data	0x271ebdb1	rtc-mt6397.ko
of_device_get_match_data	0x271ebdb1	system_heap.ko
of_device_get_match_data	0x271ebdb1	timer-mediatek.ko
of_device_is_available	0xfe67dbde	iommu_gz.ko
of_device_is_available	0xfe67dbde	mediatek-drm.ko
of_device_is_available	0xfe67dbde	mmqos-common.ko
of_device_is_available	0xfe67dbde	mtk_iommu.ko
of_device_is_compatible	0x80bc7084	mali_kbase_mt6768_r49.ko
of_device_is_compatible	0x80bc7084	mtk-smi.ko
of_device_is_compatible	0x80bc7084	musb_boost.ko
of_device_is_compatible	0x80bc7084	musb_hdrc.ko
of_device_is_compatible	0x80bc7084	nt36528_spi.ko
of_device_is_compatible	0x80bc7084	phy-mtk-tphy.ko
of_dma_controller_free	0xefc34cf7	mtk-cqdma.ko
of_dma_controller_free	0xefc34cf7	mtk-uart-apdma.ko
of_dma_controller_register	0xcb40e08b	mtk-cqdma.ko
of_dma_controller_register	0xcb40e08b	mtk-uart-apdma.ko
of_dma_is_coherent	0x7daf987a	mali_kbase_mt6768_r49.ko
of_dma_xlate_by_chan_id	0x11e66d53	mtk-cqdma.ko
of_dma_xlate_by_chan_id	0x11e66d53	mtk-uart-apdma.ko
of_drm_find_bridge	0xdfc54a95	mediatek-drm.ko
of_drm_find_panel	0xee6b2a74	mediatek-drm.ko
of_find_backlight_by_node	0x03f9bfc2	dsi_panel_c3n_35_02_0h_dsc_vdo.ko
of_find_backlight_by_node	0x03f9bfc2	dsi_panel_c3n_35_0f_0e_dsc_vdo.ko
of_find_backlight_by_node	0x03f9bfc2	dsi_panel_c3n_35_0f_0l_dsc_vdo.ko
of_find_backlight_by_node	0x03f9bfc2	dsi_panel_c3n_37_02_0d_dsc_vdo.ko
of_find_backlight_by_node	0x03f9bfc2	dsi_panel_c3n_43_02_0a_dsc_vdo.ko
of_find_backlight_by_node	0x03f9bfc2	dsi_panel_c3n_43_02_0k_dsc_vdo.ko
of_find_backlight_by_node	0x03f9bfc2	dsi_panel_c3n_43_02_0n_dsc_vdo.ko
of_find_backlight_by_node	0x03f9bfc2	dsi_panel_c3n_44_03_0b_dsc_vdo.ko
of_find_backlight_by_node	0x03f9bfc2	dsi_panel_c3n_44_03_0j_dsc_vdo.ko
of_find_backlight_by_node	0x03f9bfc2	dsi_panel_c3n_46_03_0c_dsc_vdo.ko
of_find_backlight_by_node	0x03f9bfc2	dsi_panel_c3n_46_03_0f_dsc_vdo.ko
of_find_backlight_by_node	0x03f9bfc2	dsi_panel_c3n_46_03_0g_dsc_vdo.ko
of_find_backlight_by_node	0x03f9bfc2	dsi_panel_c3n_null_dsc_vdo.ko
of_find_compatible_node	0x21e562ca	CPU_DVFS.ko
of_find_compatible_node	0x21e562ca	MTK_INTERNAL_SPM.ko
of_find_compatible_node	0x21e562ca	atf_logger.ko
of_find_compatible_node	0x21e562ca	bt_drv_connac1x.ko
of_find_compatible_node	0x21e562ca	cam_qos_4.ko
of_find_compatible_node	0x21e562ca	camera_isp_4_t.ko
of_find_compatible_node	0x21e562ca	camera_mem.ko
of_find_compatible_node	0x21e562ca	ccci_ccif.ko
of_find_compatible_node	0x21e562ca	ccci_cldma.ko
of_find_compatible_node	0x21e562ca	ccci_md_all.ko
of_find_compatible_node	0x21e562ca	ccci_util_lib.ko
of_find_compatible_node	0x21e562ca	ccmni.ko
of_find_compatible_node	0x21e562ca	clk-fmeter-mt6768.ko
of_find_compatible_node	0x21e562ca	cmdq-sec-drv.ko
of_find_compatible_node	0x21e562ca	connadp.ko
of_find_compatible_node	0x21e562ca	fmradio_drv_mt6631.ko
of_find_compatible_node	0x21e562ca	ged.ko
of_find_compatible_node	0x21e562ca	gf_fingerprint.ko
of_find_compatible_node	0x21e562ca	gz_log_mod.ko
of_find_compatible_node	0x21e562ca	imgsensor_isp4_t.ko
of_find_compatible_node	0x21e562ca	main2af.ko
of_find_compatible_node	0x21e562ca	main3af.ko
of_find_compatible_node	0x21e562ca	mainaf.ko
of_find_compatible_node	0x21e562ca	mali_kbase_mt6768_r49.ko
of_find_compatible_node	0x21e562ca	mali_prot_alloc_mt6768_r49.ko
of_find_compatible_node	0x21e562ca	mcDrvModule.ko
of_find_compatible_node	0x21e562ca	mcdi.ko
of_find_compatible_node	0x21e562ca	mediatek-drm.ko
of_find_compatible_node	0x21e562ca	mediatek_eem.ko
of_find_compatible_node	0x21e562ca	memory-amms.ko
of_find_compatible_node	0x21e562ca	met.ko
of_find_compatible_node	0x21e562ca	mrdump.ko
of_find_compatible_node	0x21e562ca	mt6577_auxadc.ko
of_find_compatible_node	0x21e562ca	mt6768_dcm.ko
of_find_compatible_node	0x21e562ca	mtk-btcvsd.ko
of_find_compatible_node	0x21e562ca	mtk-smi-bwc.ko
of_find_compatible_node	0x21e562ca	mtk-smi-dbg.ko
of_find_compatible_node	0x21e562ca	mtk_charger_cooling.ko
of_find_compatible_node	0x21e562ca	mtk_cpuidle.ko
of_find_compatible_node	0x21e562ca	mtk_gpu_qos.ko
of_find_compatible_node	0x21e562ca	mtk_gpufreq_mt6768.ko
of_find_compatible_node	0x21e562ca	mtk_gpufreq_wrapper_legacy.ko
of_find_compatible_node	0x21e562ca	mtk_pbm.ko
of_find_compatible_node	0x21e562ca	mtk_peak_power_budget.ko
of_find_compatible_node	0x21e562ca	mtk_spi.ko
of_find_compatible_node	0x21e562ca	musb_hdrc.ko
of_find_compatible_node	0x21e562ca	rpmb-mtk.ko
of_find_compatible_node	0x21e562ca	scp.ko
of_find_compatible_node	0x21e562ca	sec.ko
of_find_compatible_node	0x21e562ca	sil_fingerprint.ko
of_find_compatible_node	0x21e562ca	snd-soc-mtk-common.ko
of_find_compatible_node	0x21e562ca	sspm_v1.ko
of_find_compatible_node	0x21e562ca	sub2af.ko
of_find_compatible_node	0x21e562ca	subaf.ko
of_find_compatible_node	0x21e562ca	thermal_monitor.ko
of_find_compatible_node	0x21e562ca	trusted_mem.ko
of_find_compatible_node	0x21e562ca	ufs-mediatek-mod.ko
of_find_compatible_node	0x21e562ca	wlan_drv_gen4m_6768.ko
of_find_compatible_node	0x21e562ca	wmt_drv.ko
of_find_device_by_node	0xaf6cf70c	camera_dpe_isp40.ko
of_find_device_by_node	0xaf6cf70c	camera_fdvt_isp40.ko
of_find_device_by_node	0xaf6cf70c	camera_isp_4_t.ko
of_find_device_by_node	0xaf6cf70c	ccu_isp4.ko
of_find_device_by_node	0xaf6cf70c	clkbuf.ko
of_find_device_by_node	0xaf6cf70c	cmdq-sec-drv.ko
of_find_device_by_node	0xaf6cf70c	cmdq-test.ko
of_find_device_by_node	0xaf6cf70c	cpufreq_sugov_ext.ko
of_find_device_by_node	0xaf6cf70c	dbg_error_flag.ko
of_find_device_by_node	0xaf6cf70c	gf_fingerprint.ko
of_find_device_by_node	0xaf6cf70c	iommu_gz.ko
of_find_device_by_node	0xaf6cf70c	log_store.ko
of_find_device_by_node	0xaf6cf70c	mali_kbase_mt6768_r49.ko
of_find_device_by_node	0xaf6cf70c	mali_prot_alloc_mt6768_r49.ko
of_find_device_by_node	0xaf6cf70c	mdp_drv_mt6768.ko
of_find_device_by_node	0xaf6cf70c	mediatek-drm.ko
of_find_device_by_node	0xaf6cf70c	mediatek_static_power.ko
of_find_device_by_node	0xaf6cf70c	mmqos-common.ko
of_find_device_by_node	0xaf6cf70c	mt6577_auxadc.ko
of_find_device_by_node	0xaf6cf70c	mtk-cmdq-drv-ext.ko
of_find_device_by_node	0xaf6cf70c	mtk-mml.ko
of_find_device_by_node	0xaf6cf70c	mtk-pmic-wrap.ko
of_find_device_by_node	0xaf6cf70c	mtk-smi-bwc.ko
of_find_device_by_node	0xaf6cf70c	mtk-smi-dbg.ko
of_find_device_by_node	0xaf6cf70c	mtk-smi.ko
of_find_device_by_node	0xaf6cf70c	mtk-vcodec-dec-v1.ko
of_find_device_by_node	0xaf6cf70c	mtk-vcodec-enc-v1.ko
of_find_device_by_node	0xaf6cf70c	mtk-vcu.ko
of_find_device_by_node	0xaf6cf70c	mtk_charger_framework.ko
of_find_device_by_node	0xaf6cf70c	mtk_iommu.ko
of_find_device_by_node	0xaf6cf70c	mtk_jpeg.ko
of_find_device_by_node	0xaf6cf70c	mtk_perf_common.ko
of_find_device_by_node	0xaf6cf70c	mtk_power_gs_v1.ko
of_find_device_by_node	0xaf6cf70c	scheduler.ko
of_find_device_by_node	0xaf6cf70c	scp.ko
of_find_device_by_node	0xaf6cf70c	sil_fingerprint.ko
of_find_device_by_node	0xaf6cf70c	ufs-mediatek-mod.ko
of_find_device_by_node	0xaf6cf70c	usb_meta.ko
of_find_device_by_node	0xaf6cf70c	wmt_drv.ko
of_find_matching_node_and_match	0x307d5532	aee_hangdet.ko
of_find_matching_node_and_match	0x307d5532	ccci_md_all.ko
of_find_matching_node_and_match	0x307d5532	mt6358-accdet.ko
of_find_matching_node_and_match	0x307d5532	mtk_power_gs_v1.ko
of_find_matching_node_and_match	0x307d5532	scp.ko
of_find_node_by_name	0x32c20adf	CPU_DVFS.ko
of_find_node_by_name	0x32c20adf	MTK_INTERNAL_SPM.ko
of_find_node_by_name	0x32c20adf	Upower.ko
of_find_node_by_name	0x32c20adf	aee_hangdet.ko
of_find_node_by_name	0x32c20adf	bootprof.ko
of_find_node_by_name	0x32c20adf	ccci_md_all.ko
of_find_node_by_name	0x32c20adf	clk-common.ko
of_find_node_by_name	0x32c20adf	cmdq-sec-drv.ko
of_find_node_by_name	0x32c20adf	cpufreq_sugov_ext.ko
of_find_node_by_name	0x32c20adf	iommu_gz.ko
of_find_node_by_name	0x32c20adf	log_store.ko
of_find_node_by_name	0x32c20adf	mediatek-drm.ko
of_find_node_by_name	0x32c20adf	mediatek_static_power.ko
of_find_node_by_name	0x32c20adf	met.ko
of_find_node_by_name	0x32c20adf	mi_memory.ko
of_find_node_by_name	0x32c20adf	monitor_hang.ko
of_find_node_by_name	0x32c20adf	mtk_battery_oc_throttling.ko
of_find_node_by_name	0x32c20adf	mtk_dynamic_loading_throttling.ko
of_find_node_by_name	0x32c20adf	mtk_low_battery_throttling.ko
of_find_node_by_name	0x32c20adf	mtk_peak_power_budget.ko
of_find_node_by_name	0x32c20adf	mtk_perf_common.ko
of_find_node_by_name	0x32c20adf	nvmem-mt635x-efuse.ko
of_find_node_by_name	0x32c20adf	pmic_lbat_service.ko
of_find_node_by_name	0x32c20adf	pmic_lvsys_notify.ko
of_find_node_by_name	0x32c20adf	scheduler.ko
of_find_node_by_name	0x32c20adf	tcpc_class.ko
of_find_node_by_name	0x32c20adf	tcpc_rt1711h.ko
of_find_node_by_name	0x32c20adf	thermal_monitor.ko
of_find_node_by_name	0x32c20adf	trusted_mem.ko
of_find_node_by_phandle	0x216e078c	pinctrl-mtk-v2.ko
of_find_node_opts_by_path	0x7c497915	aee_aed.ko
of_find_node_opts_by_path	0x7c497915	ccci_md_all.ko
of_find_node_opts_by_path	0x7c497915	dsi_panel_c3n_35_02_0h_dsc_vdo.ko
of_find_node_opts_by_path	0x7c497915	dsi_panel_c3n_35_0f_0e_dsc_vdo.ko
of_find_node_opts_by_path	0x7c497915	dsi_panel_c3n_35_0f_0l_dsc_vdo.ko
of_find_node_opts_by_path	0x7c497915	dsi_panel_c3n_37_02_0d_dsc_vdo.ko
of_find_node_opts_by_path	0x7c497915	dsi_panel_c3n_43_02_0a_dsc_vdo.ko
of_find_node_opts_by_path	0x7c497915	dsi_panel_c3n_43_02_0k_dsc_vdo.ko
of_find_node_opts_by_path	0x7c497915	dsi_panel_c3n_43_02_0n_dsc_vdo.ko
of_find_node_opts_by_path	0x7c497915	dsi_panel_c3n_44_03_0b_dsc_vdo.ko
of_find_node_opts_by_path	0x7c497915	dsi_panel_c3n_44_03_0j_dsc_vdo.ko
of_find_node_opts_by_path	0x7c497915	dsi_panel_c3n_46_03_0c_dsc_vdo.ko
of_find_node_opts_by_path	0x7c497915	dsi_panel_c3n_46_03_0f_dsc_vdo.ko
of_find_node_opts_by_path	0x7c497915	dsi_panel_c3n_46_03_0g_dsc_vdo.ko
of_find_node_opts_by_path	0x7c497915	dsi_panel_c3n_null_dsc_vdo.ko
of_find_node_opts_by_path	0x7c497915	gz_log_mod.ko
of_find_node_opts_by_path	0x7c497915	lct_tp.ko
of_find_node_opts_by_path	0x7c497915	log_store.ko
of_find_node_opts_by_path	0x7c497915	mcdi.ko
of_find_node_opts_by_path	0x7c497915	mediatek-drm.ko
of_find_node_opts_by_path	0x7c497915	met.ko
of_find_node_opts_by_path	0x7c497915	mrdump.ko
of_find_node_opts_by_path	0x7c497915	mtk-mmc.ko
of_find_node_opts_by_path	0x7c497915	mtk-mml.ko
of_find_node_opts_by_path	0x7c497915	mtk-socinfo.ko
of_find_node_opts_by_path	0x7c497915	mtk-vcodec-common.ko
of_find_node_opts_by_path	0x7c497915	mtk_charger_framework.ko
of_find_node_opts_by_path	0x7c497915	mtk_cpuhp.ko
of_find_node_opts_by_path	0x7c497915	mtk_dcm.ko
of_find_node_opts_by_path	0x7c497915	mtk_ppm_v3.ko
of_find_node_opts_by_path	0x7c497915	mtk_qos_legacy.ko
of_find_node_opts_by_path	0x7c497915	nvmem_mtk-devinfo.ko
of_find_node_opts_by_path	0x7c497915	phy-mtk-tphy.ko
of_find_node_opts_by_path	0x7c497915	rpmb-mtk.ko
of_find_node_opts_by_path	0x7c497915	rtc-mt6397.ko
of_find_node_opts_by_path	0x7c497915	sec.ko
of_find_node_opts_by_path	0x7c497915	tcpc_class.ko
of_find_node_opts_by_path	0x7c497915	usb_meta.ko
of_find_node_opts_by_path	0x7c497915	wlan_drv_gen4m_6768.ko
of_find_node_with_property	0xecfb586e	clk-common.ko
of_find_property	0x8a964733	cfg80211.ko
of_find_property	0x8a964733	extcon-mtk-usb.ko
of_find_property	0x8a964733	ft8057m_spi.ko
of_find_property	0x8a964733	ft8057p_spi.ko
of_find_property	0x8a964733	gz_log_mod.ko
of_find_property	0x8a964733	i2c-mt65xx.ko
of_find_property	0x8a964733	icnl9916_spi.ko
of_find_property	0x8a964733	mali_kbase_mt6768_r49.ko
of_find_property	0x8a964733	mediatek-drm.ko
of_find_property	0x8a964733	mmqos-common.ko
of_find_property	0x8a964733	mt6358_battery.ko
of_find_property	0x8a964733	mt6370-charger.ko
of_find_property	0x8a964733	mtk-cmdq-drv-ext.ko
of_find_property	0x8a964733	mtk-dvfsrc-helper.ko
of_find_property	0x8a964733	mtk-dvfsrc.ko
of_find_property	0x8a964733	mtk-icc-core.ko
of_find_property	0x8a964733	mtk-mmc.ko
of_find_property	0x8a964733	mtk-mmdvfs-debug.ko
of_find_property	0x8a964733	mtk-mmdvfs.ko
of_find_property	0x8a964733	mtk-mml.ko
of_find_property	0x8a964733	mtk-pmic-keys.ko
of_find_property	0x8a964733	mtk-pwm.ko
of_find_property	0x8a964733	mtk-scpsys.ko
of_find_property	0x8a964733	mtk-smi-dbg.ko
of_find_property	0x8a964733	mtk-smi.ko
of_find_property	0x8a964733	mtk-uart-apdma.ko
of_find_property	0x8a964733	mtk-vcodec-dec-v1.ko
of_find_property	0x8a964733	mtk-vcodec-enc-v1.ko
of_find_property	0x8a964733	mtk-vcu.ko
of_find_property	0x8a964733	mtk_charger_framework.ko
of_find_property	0x8a964733	mtk_dynamic_loading_throttling.ko
of_find_property	0x8a964733	mtk_gpu_qos.ko
of_find_property	0x8a964733	mtk_iommu.ko
of_find_property	0x8a964733	mtk_pd_adapter.ko
of_find_property	0x8a964733	mtk_pep.ko
of_find_property	0x8a964733	mtk_spi.ko
of_find_property	0x8a964733	musb_boost.ko
of_find_property	0x8a964733	musb_hdrc.ko
of_find_property	0x8a964733	nt36528_spi.ko
of_find_property	0x8a964733	phy-generic.ko
of_find_property	0x8a964733	phy-mtk-tphy.ko
of_find_property	0x8a964733	pinctrl-mtk-v2.ko
of_find_property	0x8a964733	rt_pd_manager.ko
of_find_property	0x8a964733	scp.ko
of_find_property	0x8a964733	snd-soc-mt6358.ko
of_find_property	0x8a964733	snd-soc-mtk-common.ko
of_find_property	0x8a964733	spi-mt65xx.ko
of_find_property	0x8a964733	sspm_v1.ko
of_find_property	0x8a964733	system_heap.ko
of_find_property	0x8a964733	tcpc_class.ko
of_find_property	0x8a964733	tcpc_rt1711h.ko
of_find_property	0x8a964733	tcpc_upm7610.ko
of_find_property	0x8a964733	ufs-mediatek-mod.ko
of_fwnode_ops	0x06738773	arm_dsu_pmu.ko
of_genpd_add_device	0x0fcd9aa3	clk-common.ko
of_genpd_add_provider_onecell	0xdcac992d	mtk-scpsys.ko
of_get_child_by_name	0xb61dc095	MTK_INTERNAL_SPM.ko
of_get_child_by_name	0xb61dc095	met.ko
of_get_child_by_name	0xb61dc095	mt6768-mt6358.ko
of_get_child_by_name	0xb61dc095	mtk_cpuhp.ko
of_get_child_by_name	0xb61dc095	mtk_ppm_v3.ko
of_get_child_by_name	0xb61dc095	snd-soc-mt6358.ko
of_get_child_by_name	0xb61dc095	wmt_drv.ko
of_get_cpu_node	0x8cd25f99	met.ko
of_get_cpu_node	0x8cd25f99	mtk_cpuhp.ko
of_get_named_gpio	0xd17aa0c2	ccci_md_all.ko
of_get_named_gpio	0xd17aa0c2	dsi_panel_c3n_35_02_0h_dsc_vdo.ko
of_get_named_gpio	0xd17aa0c2	dsi_panel_c3n_35_0f_0e_dsc_vdo.ko
of_get_named_gpio	0xd17aa0c2	dsi_panel_c3n_35_0f_0l_dsc_vdo.ko
of_get_named_gpio	0xd17aa0c2	dsi_panel_c3n_37_02_0d_dsc_vdo.ko
of_get_named_gpio	0xd17aa0c2	dsi_panel_c3n_43_02_0a_dsc_vdo.ko
of_get_named_gpio	0xd17aa0c2	dsi_panel_c3n_43_02_0k_dsc_vdo.ko
of_get_named_gpio	0xd17aa0c2	dsi_panel_c3n_43_02_0n_dsc_vdo.ko
of_get_named_gpio	0xd17aa0c2	dsi_panel_c3n_44_03_0b_dsc_vdo.ko
of_get_named_gpio	0xd17aa0c2	dsi_panel_c3n_44_03_0j_dsc_vdo.ko
of_get_named_gpio	0xd17aa0c2	dsi_panel_c3n_46_03_0c_dsc_vdo.ko
of_get_named_gpio	0xd17aa0c2	dsi_panel_c3n_46_03_0f_dsc_vdo.ko
of_get_named_gpio	0xd17aa0c2	dsi_panel_c3n_46_03_0g_dsc_vdo.ko
of_get_named_gpio	0xd17aa0c2	fmradio_drv_mt6631.ko
of_get_named_gpio	0xd17aa0c2	ft8057m_spi.ko
of_get_named_gpio	0xd17aa0c2	ft8057p_spi.ko
of_get_named_gpio	0xd17aa0c2	gf_fingerprint.ko
of_get_named_gpio	0xd17aa0c2	icnl9916_spi.ko
of_get_named_gpio	0xd17aa0c2	mediatek-drm.ko
of_get_named_gpio	0xd17aa0c2	mt6358-accdet.ko
of_get_named_gpio	0xd17aa0c2	mtk_charger_framework.ko
of_get_named_gpio	0xd17aa0c2	mtk_spi.ko
of_get_named_gpio	0xd17aa0c2	nt36528_spi.ko
of_get_named_gpio	0xd17aa0c2	nxp_i2c.ko
of_get_named_gpio	0xd17aa0c2	sc_sc080cs_i.ko
of_get_named_gpio	0xd17aa0c2	scp.ko
of_get_named_gpio	0xd17aa0c2	sgm41543_charger.ko
of_get_named_gpio	0xd17aa0c2	simtray.ko
of_get_named_gpio	0xd17aa0c2	snd-soc-fs15xx.ko
of_get_named_gpio	0xd17aa0c2	sp_sp0821_iii.ko
of_get_named_gpio	0xd17aa0c2	tcpc_rt1711h.ko
of_get_named_gpio	0xd17aa0c2	tcpc_upm7610.ko
of_get_named_gpio	0xd17aa0c2	upm6920_charger.ko
of_get_named_gpio	0xd17aa0c2	wifi_ant_check.ko
of_get_named_gpio	0xd17aa0c2	wmt_drv.ko
of_get_next_available_child	0xf2dd71cd	mali_kbase_mt6768_r49.ko
of_get_next_available_child	0xf2dd71cd	mdp_drv_mt6768.ko
of_get_next_available_child	0xf2dd71cd	met.ko
of_get_next_available_child	0xf2dd71cd	mt635x-auxadc.ko
of_get_next_available_child	0xf2dd71cd	mtk-pmic-keys.ko
of_get_next_child	0xd7ef4b48	clkbuf.ko
of_get_next_child	0xd7ef4b48	fhctl.ko
of_get_next_child	0xd7ef4b48	flashlight.ko
of_get_next_child	0xd7ef4b48	mediatek-drm.ko
of_get_next_child	0xd7ef4b48	met.ko
of_get_next_child	0xd7ef4b48	mtk-pmic-keys.ko
of_get_next_child	0xd7ef4b48	nt36528_spi.ko
of_get_next_child	0xd7ef4b48	nvmem-mt635x-efuse.ko
of_get_next_child	0xd7ef4b48	phy-mtk-tphy.ko
of_get_next_child	0xd7ef4b48	pinctrl-mtk-v2.ko
of_get_parent	0xd2760a42	dsi_panel_c3n_35_02_0h_dsc_vdo.ko
of_get_parent	0xd2760a42	dsi_panel_c3n_35_0f_0e_dsc_vdo.ko
of_get_parent	0xd2760a42	dsi_panel_c3n_35_0f_0l_dsc_vdo.ko
of_get_parent	0xd2760a42	dsi_panel_c3n_37_02_0d_dsc_vdo.ko
of_get_parent	0xd2760a42	dsi_panel_c3n_43_02_0a_dsc_vdo.ko
of_get_parent	0xd2760a42	dsi_panel_c3n_43_02_0k_dsc_vdo.ko
of_get_parent	0xd2760a42	dsi_panel_c3n_43_02_0n_dsc_vdo.ko
of_get_parent	0xd2760a42	dsi_panel_c3n_44_03_0b_dsc_vdo.ko
of_get_parent	0xd2760a42	dsi_panel_c3n_44_03_0j_dsc_vdo.ko
of_get_parent	0xd2760a42	dsi_panel_c3n_46_03_0c_dsc_vdo.ko
of_get_parent	0xd2760a42	dsi_panel_c3n_46_03_0f_dsc_vdo.ko
of_get_parent	0xd2760a42	dsi_panel_c3n_46_03_0g_dsc_vdo.ko
of_get_parent	0xd2760a42	dsi_panel_c3n_null_dsc_vdo.ko
of_get_property	0x4ee2a2ad	blocktag.ko
of_get_property	0x4ee2a2ad	ccci_md_all.ko
of_get_property	0x4ee2a2ad	ccci_util_lib.ko
of_get_property	0x4ee2a2ad	clkbuf.ko
of_get_property	0x4ee2a2ad	fmradio_drv_mt6631.ko
of_get_property	0x4ee2a2ad	lct_tp.ko
of_get_property	0x4ee2a2ad	log_store.ko
of_get_property	0x4ee2a2ad	mali_kbase_mt6768_r49.ko
of_get_property	0x4ee2a2ad	mcdi.ko
of_get_property	0x4ee2a2ad	mediatek-drm.ko
of_get_property	0x4ee2a2ad	met.ko
of_get_property	0x4ee2a2ad	mrdump.ko
of_get_property	0x4ee2a2ad	mt6358_battery.ko
of_get_property	0x4ee2a2ad	mt6370-charger.ko
of_get_property	0x4ee2a2ad	mtk-mmc.ko
of_get_property	0x4ee2a2ad	mtk-mml.ko
of_get_property	0x4ee2a2ad	mtk-smi.ko
of_get_property	0x4ee2a2ad	mtk-vcodec-common.ko
of_get_property	0x4ee2a2ad	mtk-vcodec-enc-v1.ko
of_get_property	0x4ee2a2ad	mtk_battery_manager.ko
of_get_property	0x4ee2a2ad	mtk_charger_framework.ko
of_get_property	0x4ee2a2ad	mtk_cpuhp.ko
of_get_property	0x4ee2a2ad	mtk_dcm.ko
of_get_property	0x4ee2a2ad	mtk_dynamic_loading_throttling.ko
of_get_property	0x4ee2a2ad	mtk_low_battery_throttling.ko
of_get_property	0x4ee2a2ad	mtk_peak_power_budget.ko
of_get_property	0x4ee2a2ad	mtk_qos_legacy.ko
of_get_property	0x4ee2a2ad	nvmem_mtk-devinfo.ko
of_get_property	0x4ee2a2ad	phy-mtk-tphy.ko
of_get_property	0x4ee2a2ad	pinctrl-mtk-v2.ko
of_get_property	0x4ee2a2ad	rpmb-mtk.ko
of_get_property	0x4ee2a2ad	rtc-mt6397.ko
of_get_property	0x4ee2a2ad	sec.ko
of_get_property	0x4ee2a2ad	tcpc_class.ko
of_get_property	0x4ee2a2ad	ufs-mediatek-mod.ko
of_get_property	0x4ee2a2ad	usb_meta.ko
of_get_property	0x4ee2a2ad	wlan_drv_gen4m_6768.ko
of_graph_get_next_endpoint	0xea4de75c	dsi_panel_c3n_35_02_0h_dsc_vdo.ko
of_graph_get_next_endpoint	0xea4de75c	dsi_panel_c3n_35_0f_0e_dsc_vdo.ko
of_graph_get_next_endpoint	0xea4de75c	dsi_panel_c3n_35_0f_0l_dsc_vdo.ko
of_graph_get_next_endpoint	0xea4de75c	dsi_panel_c3n_37_02_0d_dsc_vdo.ko
of_graph_get_next_endpoint	0xea4de75c	dsi_panel_c3n_43_02_0a_dsc_vdo.ko
of_graph_get_next_endpoint	0xea4de75c	dsi_panel_c3n_43_02_0k_dsc_vdo.ko
of_graph_get_next_endpoint	0xea4de75c	dsi_panel_c3n_43_02_0n_dsc_vdo.ko
of_graph_get_next_endpoint	0xea4de75c	dsi_panel_c3n_44_03_0b_dsc_vdo.ko
of_graph_get_next_endpoint	0xea4de75c	dsi_panel_c3n_44_03_0j_dsc_vdo.ko
of_graph_get_next_endpoint	0xea4de75c	dsi_panel_c3n_46_03_0c_dsc_vdo.ko
of_graph_get_next_endpoint	0xea4de75c	dsi_panel_c3n_46_03_0f_dsc_vdo.ko
of_graph_get_next_endpoint	0xea4de75c	dsi_panel_c3n_46_03_0g_dsc_vdo.ko
of_graph_get_next_endpoint	0xea4de75c	dsi_panel_c3n_null_dsc_vdo.ko
of_graph_get_next_endpoint	0xea4de75c	mediatek-drm.ko
of_graph_get_next_endpoint	0xea4de75c	mtk-composite.ko
of_graph_get_remote_node	0xc3169316	mediatek-drm.ko
of_graph_get_remote_port_parent	0x8e584481	dsi_panel_c3n_35_02_0h_dsc_vdo.ko
of_graph_get_remote_port_parent	0x8e584481	dsi_panel_c3n_35_0f_0e_dsc_vdo.ko
of_graph_get_remote_port_parent	0x8e584481	dsi_panel_c3n_35_0f_0l_dsc_vdo.ko
of_graph_get_remote_port_parent	0x8e584481	dsi_panel_c3n_37_02_0d_dsc_vdo.ko
of_graph_get_remote_port_parent	0x8e584481	dsi_panel_c3n_43_02_0a_dsc_vdo.ko
of_graph_get_remote_port_parent	0x8e584481	dsi_panel_c3n_43_02_0k_dsc_vdo.ko
of_graph_get_remote_port_parent	0x8e584481	dsi_panel_c3n_43_02_0n_dsc_vdo.ko
of_graph_get_remote_port_parent	0x8e584481	dsi_panel_c3n_44_03_0b_dsc_vdo.ko
of_graph_get_remote_port_parent	0x8e584481	dsi_panel_c3n_44_03_0j_dsc_vdo.ko
of_graph_get_remote_port_parent	0x8e584481	dsi_panel_c3n_46_03_0c_dsc_vdo.ko
of_graph_get_remote_port_parent	0x8e584481	dsi_panel_c3n_46_03_0f_dsc_vdo.ko
of_graph_get_remote_port_parent	0x8e584481	dsi_panel_c3n_46_03_0g_dsc_vdo.ko
of_graph_get_remote_port_parent	0x8e584481	dsi_panel_c3n_null_dsc_vdo.ko
of_graph_get_remote_port_parent	0x8e584481	mediatek-drm.ko
of_graph_get_remote_port_parent	0x8e584481	mtk-composite.ko
of_icc_get	0xb1cf4f18	mediatek-drm.ko
of_icc_get	0xb1cf4f18	mmqos-common.ko
of_icc_get	0xb1cf4f18	mtk-dvfsrc-helper.ko
of_icc_get	0xb1cf4f18	mtk_cm_mgr_mt6768.ko
of_icc_get	0xb1cf4f18	mtk_fpsgo.ko
of_icc_get	0xb1cf4f18	musb_boost.ko
of_icc_xlate_onecell	0x9905cd4d	mtk-emi.ko
of_iomap	0x8c998806	CPU_DVFS.ko
of_iomap	0x8c998806	MTK_INTERNAL_SPM.ko
of_iomap	0x8c998806	aee_hangdet.ko
of_iomap	0x8c998806	btif_drv.ko
of_iomap	0x8c998806	cache-parity.ko
of_iomap	0x8c998806	camera_dpe_isp40.ko
of_iomap	0x8c998806	camera_fdvt_isp40.ko
of_iomap	0x8c998806	camera_isp_4_t.ko
of_iomap	0x8c998806	ccci_ccif.ko
of_iomap	0x8c998806	ccci_cldma.ko
of_iomap	0x8c998806	ccci_fsm_scp.ko
of_iomap	0x8c998806	ccci_md_all.ko
of_iomap	0x8c998806	clk-common.ko
of_iomap	0x8c998806	clk-fmeter-mt6768.ko
of_iomap	0x8c998806	clk-mt6768-pg.ko
of_iomap	0x8c998806	clk-mt6768.ko
of_iomap	0x8c998806	clkbuf.ko
of_iomap	0x8c998806	cmdq-test.ko
of_iomap	0x8c998806	dbg_error_flag.ko
of_iomap	0x8c998806	device-apc-common-legacy.ko
of_iomap	0x8c998806	emicen.ko
of_iomap	0x8c998806	emictrl.ko
of_iomap	0x8c998806	emimpu.ko
of_iomap	0x8c998806	fhctl.ko
of_iomap	0x8c998806	ged.ko
of_iomap	0x8c998806	mcdi.ko
of_iomap	0x8c998806	mdp_drv_mt6768.ko
of_iomap	0x8c998806	mediatek-drm.ko
of_iomap	0x8c998806	mediatek_eem.ko
of_iomap	0x8c998806	mt6768_dcm.ko
of_iomap	0x8c998806	mtk-btcvsd.ko
of_iomap	0x8c998806	mtk-mml.ko
of_iomap	0x8c998806	mtk-pwm.ko
of_iomap	0x8c998806	mtk-smi.ko
of_iomap	0x8c998806	mtk_dramc.ko
of_iomap	0x8c998806	mtk_gpufreq_mt6768.ko
of_iomap	0x8c998806	mtk_gpufreq_wrapper_legacy.ko
of_iomap	0x8c998806	musb_hdrc.ko
of_iomap	0x8c998806	pinctrl-mtk-v2.ko
of_iomap	0x8c998806	pwm-mtk-disp.ko
of_iomap	0x8c998806	sec.ko
of_iomap	0x8c998806	snd-soc-mtk-common.ko
of_iomap	0x8c998806	thermal_monitor.ko
of_iomap	0x8c998806	wlan_drv_gen4m_6768.ko
of_iomap	0x8c998806	wmt_drv.ko
of_irq_find_parent	0xff5203c1	gz_irq_mod.ko
of_irq_get	0xaccf8fcd	mediatek-drm.ko
of_irq_get	0xaccf8fcd	mtk_cpuidle.ko
of_irq_parse_one	0x8e3e2d4c	cache-parity.ko
of_machine_compatible_match	0xe2fdcc90	mali_kbase_mt6768_r49.ko
of_match_device	0x01fd9620	mediatek-drm.ko
of_match_device	0x01fd9620	mt6358-accdet.ko
of_match_device	0x01fd9620	mtk-pmic-keys.ko
of_match_device	0x01fd9620	mtk-pmic-wrap.ko
of_match_device	0x01fd9620	ufs-mediatek-mod.ko
of_match_node	0xf130037b	clkbuf.ko
of_match_node	0xf130037b	fhctl.ko
of_match_node	0xf130037b	mediatek-drm.ko
of_match_node	0xf130037b	mtk-dvfsrc-helper.ko
of_match_node	0xf130037b	mtk-dvfsrc-regulator.ko
of_match_node	0xf130037b	mtk-emi.ko
of_match_node	0xf130037b	mtk-pmic-wrap.ko
of_match_node	0xf130037b	spi-mt65xx.ko
of_match_node	0xf130037b	wmt_drv.ko
of_mtk_icc_get	0x1d4c9ae0	ccu_isp4.ko
of_mtk_icc_get	0x1d4c9ae0	mdp_drv_mt6768.ko
of_mtk_icc_get	0x1d4c9ae0	mediatek-drm.ko
of_mtk_icc_get	0x1d4c9ae0	mtk-mml.ko
of_mtk_icc_get	0x1d4c9ae0	mtk-vcodec-dec-v1.ko
of_mtk_icc_get	0x1d4c9ae0	mtk-vcodec-enc-v1.ko
of_mtk_icc_get	0x1d4c9ae0	mtk_jpeg.ko
of_nvmem_cell_get	0xfd2de39a	CPU_DVFS.ko
of_nvmem_cell_get	0xfd2de39a	Upower.ko
of_phandle_iterator_init	0x1ac4d34b	mmqos-common.ko
of_phandle_iterator_next	0x6298fcce	mmqos-common.ko
of_phy_simple_xlate	0xf4d021c9	mediatek-drm.ko
of_platform_device_create	0x1cbd13c2	mmqos-common.ko
of_platform_populate	0x9a598e50	gz_trusty_mod.ko
of_platform_populate	0x9a598e50	mtk-pmic-wrap.ko
of_prop_next_string	0x0fc858e4	mtk-mmdvfs.ko
of_prop_next_string	0x0fc858e4	mtk-mml.ko
of_prop_next_string	0x0fc858e4	mtk-scpsys.ko
of_prop_next_string	0x0fc858e4	mtk-smi.ko
of_prop_next_u32	0x0e38d12f	cfg80211.ko
of_prop_next_u32	0x0e38d12f	mtk-mmdvfs.ko
of_prop_next_u32	0x0e38d12f	mtk-mml.ko
of_prop_next_u32	0x0e38d12f	mtk-smi-dbg.ko
of_property_count_elems_of_size	0x066a1550	cache-parity.ko
of_property_count_elems_of_size	0x066a1550	clkbuf.ko
of_property_count_elems_of_size	0x066a1550	cmdq-test.ko
of_property_count_elems_of_size	0x066a1550	emicen.ko
of_property_count_elems_of_size	0x066a1550	emictrl.ko
of_property_count_elems_of_size	0x066a1550	emimpu.ko
of_property_count_elems_of_size	0x066a1550	mediatek-drm.ko
of_property_count_elems_of_size	0x066a1550	mtk-cmdq-drv-ext.ko
of_property_count_elems_of_size	0x066a1550	mtk-mmdvfs-debug.ko
of_property_count_elems_of_size	0x066a1550	mtk-mml.ko
of_property_count_elems_of_size	0x066a1550	mtk-smi-dbg.ko
of_property_count_elems_of_size	0x066a1550	mtk-vcodec-dec-v1.ko
of_property_count_elems_of_size	0x066a1550	mtk-vcodec-enc-v1.ko
of_property_count_elems_of_size	0x066a1550	mtk_battery_oc_throttling.ko
of_property_count_elems_of_size	0x066a1550	mtk_bp_thl.ko
of_property_count_elems_of_size	0x066a1550	mtk_low_battery_throttling.ko
of_property_count_elems_of_size	0x066a1550	mtk_md_power_throttling.ko
of_property_count_elems_of_size	0x066a1550	mtk_peak_power_budget.ko
of_property_count_elems_of_size	0x066a1550	nvmem-mt635x-efuse.ko
of_property_count_elems_of_size	0x066a1550	pinctrl-mtk-v2.ko
of_property_count_elems_of_size	0x066a1550	pmic_lvsys_notify.ko
of_property_count_elems_of_size	0x066a1550	scp.ko
of_property_count_elems_of_size	0x066a1550	spi-mt65xx.ko
of_property_count_elems_of_size	0x066a1550	sspm_v1.ko
of_property_match_string	0xe2c1aa43	mediatek-drm.ko
of_property_match_string	0xe2c1aa43	mtk-cmdq-drv-ext.ko
of_property_match_string	0xe2c1aa43	mtk-icc-core.ko
of_property_match_string	0xe2c1aa43	mtk_disp_sec.ko
of_property_match_string	0xe2c1aa43	mtk_gpufreq_wrapper_legacy.ko
of_property_match_string	0xe2c1aa43	phy-mtk-tphy.ko
of_property_read_string	0xd2555b9d	MTK_INTERNAL_SPM.ko
of_property_read_string	0xd2555b9d	aee_aed.ko
of_property_read_string	0xd2555b9d	cam_qos_4.ko
of_property_read_string	0xd2555b9d	camera_mem.ko
of_property_read_string	0xd2555b9d	clk-common.ko
of_property_read_string	0xd2555b9d	clkbuf.ko
of_property_read_string	0xd2555b9d	cmdq-sec-drv.ko
of_property_read_string	0xd2555b9d	dsi_panel_c3n_35_02_0h_dsc_vdo.ko
of_property_read_string	0xd2555b9d	dsi_panel_c3n_35_0f_0e_dsc_vdo.ko
of_property_read_string	0xd2555b9d	dsi_panel_c3n_35_0f_0l_dsc_vdo.ko
of_property_read_string	0xd2555b9d	dsi_panel_c3n_37_02_0d_dsc_vdo.ko
of_property_read_string	0xd2555b9d	dsi_panel_c3n_43_02_0a_dsc_vdo.ko
of_property_read_string	0xd2555b9d	dsi_panel_c3n_43_02_0k_dsc_vdo.ko
of_property_read_string	0xd2555b9d	dsi_panel_c3n_43_02_0n_dsc_vdo.ko
of_property_read_string	0xd2555b9d	dsi_panel_c3n_44_03_0b_dsc_vdo.ko
of_property_read_string	0xd2555b9d	dsi_panel_c3n_44_03_0j_dsc_vdo.ko
of_property_read_string	0xd2555b9d	dsi_panel_c3n_46_03_0c_dsc_vdo.ko
of_property_read_string	0xd2555b9d	dsi_panel_c3n_46_03_0f_dsc_vdo.ko
of_property_read_string	0xd2555b9d	dsi_panel_c3n_46_03_0g_dsc_vdo.ko
of_property_read_string	0xd2555b9d	dsi_panel_c3n_null_dsc_vdo.ko
of_property_read_string	0xd2555b9d	extcon-mtk-usb.ko
of_property_read_string	0xd2555b9d	fhctl.ko
of_property_read_string	0xd2555b9d	gz_virtio_mod.ko
of_property_read_string	0xd2555b9d	icnl9916_spi.ko
of_property_read_string	0xd2555b9d	imgsensor_isp4_t.ko
of_property_read_string	0xd2555b9d	mali_kbase_mt6768_r49.ko
of_property_read_string	0xd2555b9d	mediatek-drm.ko
of_property_read_string	0xd2555b9d	met.ko
of_property_read_string	0xd2555b9d	mrdump.ko
of_property_read_string	0xd2555b9d	mt6370-charger.ko
of_property_read_string	0xd2555b9d	mtk-mmc.ko
of_property_read_string	0xd2555b9d	mtk-mml.ko
of_property_read_string	0xd2555b9d	mtk-socinfo.ko
of_property_read_string	0xd2555b9d	mtk-vcodec-dec-v1.ko
of_property_read_string	0xd2555b9d	mtk-vcodec-enc-v1.ko
of_property_read_string	0xd2555b9d	mtk-vcu.ko
of_property_read_string	0xd2555b9d	mtk_charger_framework.ko
of_property_read_string	0xd2555b9d	mtk_chg_type_det.ko
of_property_read_string	0xd2555b9d	mtk_cm_mgr.ko
of_property_read_string	0xd2555b9d	mtk_irtx_pwm.ko
of_property_read_string	0xd2555b9d	mtk_pd_adapter.ko
of_property_read_string	0xd2555b9d	regulator-vibrator.ko
of_property_read_string	0xd2555b9d	scp.ko
of_property_read_string	0xd2555b9d	sec-rng.ko
of_property_read_string	0xd2555b9d	snd-soc-mt6768-afe.ko
of_property_read_string	0xd2555b9d	sspm_v1.ko
of_property_read_string	0xd2555b9d	system_heap.ko
of_property_read_string	0xd2555b9d	tcpc_class.ko
of_property_read_string	0xd2555b9d	tcpc_rt1711h.ko
of_property_read_string	0xd2555b9d	tcpc_upm7610.ko
of_property_read_string	0xd2555b9d	thermal_monitor.ko
of_property_read_string	0xd2555b9d	upm6920_charger.ko
of_property_read_string	0xd2555b9d	wlan_drv_gen4m_6768.ko
of_property_read_string	0xd2555b9d	xiaomi_touch.ko
of_property_read_string_helper	0xeb381163	8250_mtk.ko
of_property_read_string_helper	0xeb381163	MTK_INTERNAL_SPM.ko
of_property_read_string_helper	0xeb381163	clkbuf.ko
of_property_read_string_helper	0xeb381163	mediatek-drm.ko
of_property_read_string_helper	0xeb381163	met.ko
of_property_read_string_helper	0xeb381163	mtk-mmdvfs-debug.ko
of_property_read_string_helper	0xeb381163	mtk-mml.ko
of_property_read_string_helper	0xeb381163	mtk-smi.ko
of_property_read_string_helper	0xeb381163	mtk-vcodec-dec-v1.ko
of_property_read_string_helper	0xeb381163	mtk-vcodec-enc-v1.ko
of_property_read_string_helper	0xeb381163	mtk-vcu.ko
of_property_read_string_helper	0xeb381163	mtk_iommu.ko
of_property_read_string_helper	0xeb381163	pinctrl-mtk-v2.ko
of_property_read_string_helper	0xeb381163	scp.ko
of_property_read_string_helper	0xeb381163	spi-mt65xx.ko
of_property_read_u32_index	0x4d5ade10	8250_mtk.ko
of_property_read_u32_index	0x4d5ade10	btif_drv.ko
of_property_read_u32_index	0x4d5ade10	cache-parity.ko
of_property_read_u32_index	0x4d5ade10	ccci_md_all.ko
of_property_read_u32_index	0x4d5ade10	clkbuf.ko
of_property_read_u32_index	0x4d5ade10	cpufreq_sugov_ext.ko
of_property_read_u32_index	0x4d5ade10	dbg_error_flag.ko
of_property_read_u32_index	0x4d5ade10	i2c-mt65xx.ko
of_property_read_u32_index	0x4d5ade10	mdp_drv_mt6768.ko
of_property_read_u32_index	0x4d5ade10	mediatek-drm.ko
of_property_read_u32_index	0x4d5ade10	met.ko
of_property_read_u32_index	0x4d5ade10	mt6358_battery.ko
of_property_read_u32_index	0x4d5ade10	mtk-dvfsrc.ko
of_property_read_u32_index	0x4d5ade10	mtk-mbox.ko
of_property_read_u32_index	0x4d5ade10	mtk-mmdvfs-debug.ko
of_property_read_u32_index	0x4d5ade10	mtk-mml.ko
of_property_read_u32_index	0x4d5ade10	mtk-smi-dbg.ko
of_property_read_u32_index	0x4d5ade10	mtk-smi.ko
of_property_read_u32_index	0x4d5ade10	mtk-uart-apdma.ko
of_property_read_u32_index	0x4d5ade10	mtk-vcodec-dec-v1.ko
of_property_read_u32_index	0x4d5ade10	mtk-vcodec-enc-v1.ko
of_property_read_u32_index	0x4d5ade10	mtk-vcu.ko
of_property_read_u32_index	0x4d5ade10	mtk_disp_sec.ko
of_property_read_u32_index	0x4d5ade10	mtk_peak_power_budget.ko
of_property_read_u32_index	0x4d5ade10	phy-mtk-tphy.ko
of_property_read_u32_index	0x4d5ade10	pinctrl-mtk-v2.ko
of_property_read_u32_index	0x4d5ade10	scheduler.ko
of_property_read_u32_index	0x4d5ade10	scp.ko
of_property_read_u32_index	0x4d5ade10	spi-mt65xx.ko
of_property_read_u32_index	0x4d5ade10	sspm_v1.ko
of_property_read_u32_index	0x4d5ade10	thermal_monitor.ko
of_property_read_u64	0xc2082901	emiisu.ko
of_property_read_u64	0xc2082901	emimpu.ko
of_property_read_u64	0xc2082901	mali_kbase_mt6768_r49.ko
of_property_read_u64	0xc2082901	mdp_drv_mt6768.ko
of_property_read_u64	0xc2082901	mtk_peak_power_budget.ko
of_property_read_u64	0xc2082901	trusted_mem.ko
of_property_read_u64	0xc2082901	wlan_drv_gen4m_6768.ko
of_property_read_u64_index	0x586d0635	mtk-smi-dbg.ko
of_property_read_variable_u16_array	0x25a746fc	cmdq-bdg-test.ko
of_property_read_variable_u16_array	0x25a746fc	cmdq-test.ko
of_property_read_variable_u16_array	0x25a746fc	mdp_drv_mt6768.ko
of_property_read_variable_u16_array	0x25a746fc	mtk-cmdq-drv-ext.ko
of_property_read_variable_u16_array	0x25a746fc	mtk-mml.ko
of_property_read_variable_u16_array	0x25a746fc	mtk-vcu.ko
of_property_read_variable_u16_array	0x25a746fc	nvmem-mt635x-efuse.ko
of_property_read_variable_u16_array	0x25a746fc	sec-rng.ko
of_property_read_variable_u32_array	0x94c5c4a4	8250_mtk.ko
of_property_read_variable_u32_array	0x94c5c4a4	CPU_DVFS.ko
of_property_read_variable_u32_array	0x94c5c4a4	MTK_INTERNAL_SPM.ko
of_property_read_variable_u32_array	0x94c5c4a4	aee_hangdet.ko
of_property_read_variable_u32_array	0x94c5c4a4	bootprof.ko
of_property_read_variable_u32_array	0x94c5c4a4	bt_drv_connac1x.ko
of_property_read_variable_u32_array	0x94c5c4a4	cache-parity.ko
of_property_read_variable_u32_array	0x94c5c4a4	cam_qos_4.ko
of_property_read_variable_u32_array	0x94c5c4a4	camera_dpe_isp40.ko
of_property_read_variable_u32_array	0x94c5c4a4	camera_fdvt_isp40.ko
of_property_read_variable_u32_array	0x94c5c4a4	camera_isp_4_t.ko
of_property_read_variable_u32_array	0x94c5c4a4	ccci_ccif.ko
of_property_read_variable_u32_array	0x94c5c4a4	ccci_cldma.ko
of_property_read_variable_u32_array	0x94c5c4a4	ccci_fsm_scp.ko
of_property_read_variable_u32_array	0x94c5c4a4	ccci_md_all.ko
of_property_read_variable_u32_array	0x94c5c4a4	ccci_util_lib.ko
of_property_read_variable_u32_array	0x94c5c4a4	ccmni.ko
of_property_read_variable_u32_array	0x94c5c4a4	ccu_isp4.ko
of_property_read_variable_u32_array	0x94c5c4a4	clk-common.ko
of_property_read_variable_u32_array	0x94c5c4a4	clkbuf.ko
of_property_read_variable_u32_array	0x94c5c4a4	cmdq-sec-drv.ko
of_property_read_variable_u32_array	0x94c5c4a4	cmdq-test.ko
of_property_read_variable_u32_array	0x94c5c4a4	cpufreq_sugov_ext.ko
of_property_read_variable_u32_array	0x94c5c4a4	emicen.ko
of_property_read_variable_u32_array	0x94c5c4a4	emictrl.ko
of_property_read_variable_u32_array	0x94c5c4a4	emiisu.ko
of_property_read_variable_u32_array	0x94c5c4a4	emimpu.ko
of_property_read_variable_u32_array	0x94c5c4a4	extcon-mtk-usb.ko
of_property_read_variable_u32_array	0x94c5c4a4	fhctl.ko
of_property_read_variable_u32_array	0x94c5c4a4	flashlight.ko
of_property_read_variable_u32_array	0x94c5c4a4	fmradio_drv_mt6631.ko
of_property_read_variable_u32_array	0x94c5c4a4	ft8057m_spi.ko
of_property_read_variable_u32_array	0x94c5c4a4	ft8057p_spi.ko
of_property_read_variable_u32_array	0x94c5c4a4	ged.ko
of_property_read_variable_u32_array	0x94c5c4a4	gps_drv_stp.ko
of_property_read_variable_u32_array	0x94c5c4a4	gz_irq_mod.ko
of_property_read_variable_u32_array	0x94c5c4a4	gz_log_mod.ko
of_property_read_variable_u32_array	0x94c5c4a4	gz_trusty_mod.ko
of_property_read_variable_u32_array	0x94c5c4a4	gz_virtio_mod.ko
of_property_read_variable_u32_array	0x94c5c4a4	hwmon.ko
of_property_read_variable_u32_array	0x94c5c4a4	i2c-mt65xx.ko
of_property_read_variable_u32_array	0x94c5c4a4	icnl9916_spi.ko
of_property_read_variable_u32_array	0x94c5c4a4	iommu_gz.ko
of_property_read_variable_u32_array	0x94c5c4a4	isee.ko
of_property_read_variable_u32_array	0x94c5c4a4	log_store.ko
of_property_read_variable_u32_array	0x94c5c4a4	mali_kbase_mt6768_r49.ko
of_property_read_variable_u32_array	0x94c5c4a4	mali_prot_alloc_mt6768_r49.ko
of_property_read_variable_u32_array	0x94c5c4a4	mcDrvModule.ko
of_property_read_variable_u32_array	0x94c5c4a4	mcdi.ko
of_property_read_variable_u32_array	0x94c5c4a4	mdp_drv_mt6768.ko
of_property_read_variable_u32_array	0x94c5c4a4	mediatek-drm.ko
of_property_read_variable_u32_array	0x94c5c4a4	mediatek_eem.ko
of_property_read_variable_u32_array	0x94c5c4a4	mi_memory.ko
of_property_read_variable_u32_array	0x94c5c4a4	mmqos-common.ko
of_property_read_variable_u32_array	0x94c5c4a4	monitor_hang.ko
of_property_read_variable_u32_array	0x94c5c4a4	mrdump.ko
of_property_read_variable_u32_array	0x94c5c4a4	mt6358-accdet.ko
of_property_read_variable_u32_array	0x94c5c4a4	mt6358-regulator.ko
of_property_read_variable_u32_array	0x94c5c4a4	mt6358_battery.ko
of_property_read_variable_u32_array	0x94c5c4a4	mt635x-auxadc.ko
of_property_read_variable_u32_array	0x94c5c4a4	mt6370-charger.ko
of_property_read_variable_u32_array	0x94c5c4a4	mt6577_auxadc.ko
of_property_read_variable_u32_array	0x94c5c4a4	mtk-btcvsd.ko
of_property_read_variable_u32_array	0x94c5c4a4	mtk-cmdq-drv-ext.ko
of_property_read_variable_u32_array	0x94c5c4a4	mtk-cqdma.ko
of_property_read_variable_u32_array	0x94c5c4a4	mtk-dvfsrc-helper.ko
of_property_read_variable_u32_array	0x94c5c4a4	mtk-dvfsrc.ko
of_property_read_variable_u32_array	0x94c5c4a4	mtk-kpd.ko
of_property_read_variable_u32_array	0x94c5c4a4	mtk-mmc.ko
of_property_read_variable_u32_array	0x94c5c4a4	mtk-mmdvfs-debug.ko
of_property_read_variable_u32_array	0x94c5c4a4	mtk-mmdvfs.ko
of_property_read_variable_u32_array	0x94c5c4a4	mtk-mml.ko
of_property_read_variable_u32_array	0x94c5c4a4	mtk-pmic-keys.ko
of_property_read_variable_u32_array	0x94c5c4a4	mtk-pwm.ko
of_property_read_variable_u32_array	0x94c5c4a4	mtk-scpsys-bringup.ko
of_property_read_variable_u32_array	0x94c5c4a4	mtk-smi-bwc.ko
of_property_read_variable_u32_array	0x94c5c4a4	mtk-smi-dbg.ko
of_property_read_variable_u32_array	0x94c5c4a4	mtk-smi.ko
of_property_read_variable_u32_array	0x94c5c4a4	mtk-sp-spk-amp.ko
of_property_read_variable_u32_array	0x94c5c4a4	mtk-uart-apdma.ko
of_property_read_variable_u32_array	0x94c5c4a4	mtk-vcodec-dec-v1.ko
of_property_read_variable_u32_array	0x94c5c4a4	mtk-vcodec-enc-v1.ko
of_property_read_variable_u32_array	0x94c5c4a4	mtk-vcu.ko
of_property_read_variable_u32_array	0x94c5c4a4	mtk_battery_oc_throttling.ko
of_property_read_variable_u32_array	0x94c5c4a4	mtk_bp_thl.ko
of_property_read_variable_u32_array	0x94c5c4a4	mtk_charger_cooling.ko
of_property_read_variable_u32_array	0x94c5c4a4	mtk_charger_framework.ko
of_property_read_variable_u32_array	0x94c5c4a4	mtk_chg_type_det.ko
of_property_read_variable_u32_array	0x94c5c4a4	mtk_cm_mgr.ko
of_property_read_variable_u32_array	0x94c5c4a4	mtk_cpu_power_throttling.ko
of_property_read_variable_u32_array	0x94c5c4a4	mtk_disp_sec.ko
of_property_read_variable_u32_array	0x94c5c4a4	mtk_dramc.ko
of_property_read_variable_u32_array	0x94c5c4a4	mtk_dynamic_loading_throttling.ko
of_property_read_variable_u32_array	0x94c5c4a4	mtk_fpsgo.ko
of_property_read_variable_u32_array	0x94c5c4a4	mtk_gpu_qos.ko
of_property_read_variable_u32_array	0x94c5c4a4	mtk_gpufreq_mt6768.ko
of_property_read_variable_u32_array	0x94c5c4a4	mtk_gpufreq_wrapper_legacy.ko
of_property_read_variable_u32_array	0x94c5c4a4	mtk_iommu.ko
of_property_read_variable_u32_array	0x94c5c4a4	mtk_irtx_pwm.ko
of_property_read_variable_u32_array	0x94c5c4a4	mtk_jpeg.ko
of_property_read_variable_u32_array	0x94c5c4a4	mtk_low_battery_throttling.ko
of_property_read_variable_u32_array	0x94c5c4a4	mtk_md_power_throttling.ko
of_property_read_variable_u32_array	0x94c5c4a4	mtk_pd_adapter.ko
of_property_read_variable_u32_array	0x94c5c4a4	mtk_pd_charging.ko
of_property_read_variable_u32_array	0x94c5c4a4	mtk_peak_power_budget.ko
of_property_read_variable_u32_array	0x94c5c4a4	mtk_pep.ko
of_property_read_variable_u32_array	0x94c5c4a4	mtk_pep20.ko
of_property_read_variable_u32_array	0x94c5c4a4	mtk_pep40.ko
of_property_read_variable_u32_array	0x94c5c4a4	mtk_perf_common.ko
of_property_read_variable_u32_array	0x94c5c4a4	mtk_ppm_v3.ko
of_property_read_variable_u32_array	0x94c5c4a4	mtk_qos_legacy.ko
of_property_read_variable_u32_array	0x94c5c4a4	musb_hdrc.ko
of_property_read_variable_u32_array	0x94c5c4a4	nt36528_spi.ko
of_property_read_variable_u32_array	0x94c5c4a4	nvmem-mt635x-efuse.ko
of_property_read_variable_u32_array	0x94c5c4a4	phy-generic.ko
of_property_read_variable_u32_array	0x94c5c4a4	pinctrl-mtk-v2.ko
of_property_read_variable_u32_array	0x94c5c4a4	pmic_lbat_service.ko
of_property_read_variable_u32_array	0x94c5c4a4	pmic_lvsys_notify.ko
of_property_read_variable_u32_array	0x94c5c4a4	pwm-mtk-disp.ko
of_property_read_variable_u32_array	0x94c5c4a4	reboot-mode.ko
of_property_read_variable_u32_array	0x94c5c4a4	regulator-vibrator.ko
of_property_read_variable_u32_array	0x94c5c4a4	rpmb-mtk.ko
of_property_read_variable_u32_array	0x94c5c4a4	rt_pd_manager.ko
of_property_read_variable_u32_array	0x94c5c4a4	scheduler.ko
of_property_read_variable_u32_array	0x94c5c4a4	scp.ko
of_property_read_variable_u32_array	0x94c5c4a4	sil_fingerprint.ko
of_property_read_variable_u32_array	0x94c5c4a4	snd-soc-fs15xx.ko
of_property_read_variable_u32_array	0x94c5c4a4	snd-soc-mt6358.ko
of_property_read_variable_u32_array	0x94c5c4a4	snd-soc-mtk-common.ko
of_property_read_variable_u32_array	0x94c5c4a4	spi-mt65xx.ko
of_property_read_variable_u32_array	0x94c5c4a4	syscon-reboot-mode.ko
of_property_read_variable_u32_array	0x94c5c4a4	system_heap.ko
of_property_read_variable_u32_array	0x94c5c4a4	tcpc_class.ko
of_property_read_variable_u32_array	0x94c5c4a4	tcpc_rt1711h.ko
of_property_read_variable_u32_array	0x94c5c4a4	tcpc_upm7610.ko
of_property_read_variable_u32_array	0x94c5c4a4	teeperf.ko
of_property_read_variable_u32_array	0x94c5c4a4	thermal_monitor.ko
of_property_read_variable_u32_array	0x94c5c4a4	trusted_mem.ko
of_property_read_variable_u32_array	0x94c5c4a4	ufs-mediatek-mod.ko
of_property_read_variable_u32_array	0x94c5c4a4	upm6920_charger.ko
of_property_read_variable_u32_array	0x94c5c4a4	wifi_ant_check.ko
of_property_read_variable_u32_array	0x94c5c4a4	wlan_drv_gen4m_6768.ko
of_property_read_variable_u32_array	0x94c5c4a4	wmt_drv.ko
of_property_read_variable_u64_array	0x134e4657	emicen.ko
of_property_read_variable_u64_array	0x134e4657	emictrl.ko
of_property_read_variable_u64_array	0x134e4657	mali_kbase_mt6768_r49.ko
of_property_read_variable_u64_array	0x134e4657	wlan_drv_gen4m_6768.ko
of_property_read_variable_u8_array	0xab8c1491	mali_kbase_mt6768_r49.ko
of_property_read_variable_u8_array	0xab8c1491	mediatek-drm.ko
of_property_read_variable_u8_array	0xab8c1491	mtk-mmdvfs-debug.ko
of_property_read_variable_u8_array	0xab8c1491	mtk-mml.ko
of_property_read_variable_u8_array	0xab8c1491	sgm41543_charger.ko
of_property_read_variable_u8_array	0xab8c1491	spi_slave.ko
of_property_read_variable_u8_array	0xab8c1491	tcpc_class.ko
of_remove_property	0xe3e81987	musb_hdrc.ko
of_reserved_mem_device_init_by_idx	0xa17a13d7	trusted_mem.ko
of_reserved_mem_device_init_by_idx	0xa17a13d7	wlan_drv_gen4m_6768.ko
of_reserved_mem_lookup	0xdc20a3ff	atf_logger.ko
of_reserved_mem_lookup	0xdc20a3ff	cmdq-sec-drv.ko
of_reserved_mem_lookup	0xdc20a3ff	gz_log_mod.ko
of_reserved_mem_lookup	0xdc20a3ff	mrdump.ko
of_reserved_mem_lookup	0xdc20a3ff	mtk-btcvsd.ko
of_reserved_mem_lookup	0xdc20a3ff	mtk-cmdq-drv-ext.ko
of_reserved_mem_lookup	0xdc20a3ff	scp.ko
of_reserved_mem_lookup	0xdc20a3ff	sspm_v1.ko
of_reserved_mem_lookup	0xdc20a3ff	trusted_mem.ko
of_reserved_mem_lookup	0xdc20a3ff	wlan_drv_gen4m_6768.ko
of_reserved_mem_lookup	0xdc20a3ff	wmt_drv.ko
of_root	0x3153f109	met.ko
of_translate_address	0x07931952	snd-soc-mtk-common.ko
oops_in_progress	0xb1c3a01a	clkbuf.ko
oops_in_progress	0xb1c3a01a	mrdump.ko
orientation_data_report	0x605a293c	orienthub.ko
orientation_flush_report	0xc5752ef6	orienthub.ko
page_pinner_inited	0xacfe4142	gz_main_mod.ko
page_pinner_inited	0xacfe4142	gz_tz_system.ko
page_pinner_inited	0xacfe4142	mali_kbase_mt6768_r49.ko
page_pinner_inited	0xacfe4142	monitor_hang.ko
page_pinner_inited	0xacfe4142	zsmalloc.ko
panel_event	0xc9450018	dsi_panel_c3n_35_02_0h_dsc_vdo.ko
panel_event	0xc9450018	dsi_panel_c3n_35_0f_0e_dsc_vdo.ko
panel_event	0xc9450018	dsi_panel_c3n_35_0f_0l_dsc_vdo.ko
panel_event	0xc9450018	dsi_panel_c3n_37_02_0d_dsc_vdo.ko
panel_event	0xc9450018	dsi_panel_c3n_43_02_0a_dsc_vdo.ko
panel_event	0xc9450018	dsi_panel_c3n_43_02_0k_dsc_vdo.ko
panel_event	0xc9450018	dsi_panel_c3n_43_02_0n_dsc_vdo.ko
panel_event	0xc9450018	dsi_panel_c3n_44_03_0b_dsc_vdo.ko
panel_event	0xc9450018	dsi_panel_c3n_44_03_0j_dsc_vdo.ko
panel_event	0xc9450018	dsi_panel_c3n_46_03_0c_dsc_vdo.ko
panel_event	0xc9450018	dsi_panel_c3n_46_03_0f_dsc_vdo.ko
panel_event	0xc9450018	dsi_panel_c3n_46_03_0g_dsc_vdo.ko
panic	0xf1e046cc	aee_aed.ko
panic	0xf1e046cc	emimpu.ko
panic	0xf1e046cc	mrdump.ko
panic	0xf1e046cc	thermal_monitor.ko
panic_notifier_list	0xe27121cb	aee_aed.ko
panic_notifier_list	0xe27121cb	gz_log_mod.ko
panic_notifier_list	0xe27121cb	isee.ko
panic_notifier_list	0xe27121cb	mrdump.ko
panic_notifier_list	0xe27121cb	mtk-dvfsrc-start.ko
param_array_ops	0x57b44ea9	mali_kbase_mt6768_r49.ko
param_array_ops	0x57b44ea9	mediatek-drm.ko
param_array_ops	0x57b44ea9	mtk-mmc-wp.ko
param_array_ops	0x57b44ea9	usb_meta.ko
param_get_charp	0x303b6241	mtk-vcu.ko
param_get_int	0xd1de8d6a	mali_kbase_mt6768_r49.ko
param_get_int	0xd1de8d6a	mtk_perf_common.ko
param_get_int	0xd1de8d6a	musb_hdrc.ko
param_get_uint	0xe3c33bc4	ged.ko
param_get_uint	0xe3c33bc4	mmqos-common.ko
param_get_uint	0xe3c33bc4	trace_mmstat.ko
param_get_ulong	0x66540672	mrdump.ko
param_get_ulong	0x66540672	trace_mmstat.ko
param_ops_bool	0x327f4ed5	MTK_INTERNAL_SPM.ko
param_ops_bool	0x327f4ed5	aee_aed.ko
param_ops_bool	0x327f4ed5	cfg80211.ko
param_ops_bool	0x327f4ed5	icnl9916_spi.ko
param_ops_bool	0x327f4ed5	mac80211.ko
param_ops_bool	0x327f4ed5	mali_kbase_mt6768_r49.ko
param_ops_bool	0x327f4ed5	millet_core.ko
param_ops_bool	0x327f4ed5	mt6370-charger.ko
param_ops_bool	0x327f4ed5	mtk-mml.ko
param_ops_bool	0x327f4ed5	mtk-vcodec-dec-v1.ko
param_ops_bool	0x327f4ed5	mtk-vcodec-enc-v1.ko
param_ops_bool	0x327f4ed5	mtk_pd_charging.ko
param_ops_bool	0x327f4ed5	mtk_pep.ko
param_ops_bool	0x327f4ed5	mtk_pep20.ko
param_ops_bool	0x327f4ed5	mtk_pep40.ko
param_ops_bool	0x327f4ed5	mtk_wdt.ko
param_ops_bool	0x327f4ed5	musb_hdrc.ko
param_ops_bool	0x327f4ed5	usb_meta.ko
param_ops_byte	0x86bcb14e	mali_kbase_mt6768_r49.ko
param_ops_charp	0x2a473df8	cfg80211.ko
param_ops_charp	0x2a473df8	mac80211.ko
param_ops_charp	0x2a473df8	mtk_u_ether.ko
param_ops_charp	0x2a473df8	usb_meta.ko
param_ops_charp	0x2a473df8	wlan_drv_gen4m_6768.ko
param_ops_int	0xa8d76d3d	MTK_INTERNAL_SPM.ko
param_ops_int	0xa8d76d3d	bootprof.ko
param_ops_int	0xa8d76d3d	cfg80211.ko
param_ops_int	0xa8d76d3d	drm_display_helper.ko
param_ops_int	0xa8d76d3d	ged.ko
param_ops_int	0xa8d76d3d	mac80211.ko
param_ops_int	0xa8d76d3d	mali_kbase_mt6768_r49.ko
param_ops_int	0xa8d76d3d	mediatek-drm.ko
param_ops_int	0xa8d76d3d	met.ko
param_ops_int	0xa8d76d3d	millet_core.ko
param_ops_int	0xa8d76d3d	mtk-cmdq-drv-ext.ko
param_ops_int	0xa8d76d3d	mtk-mmc-wp.ko
param_ops_int	0xa8d76d3d	mtk-mml.ko
param_ops_int	0xa8d76d3d	mtk-vcodec-common.ko
param_ops_int	0xa8d76d3d	mtk-vcodec-dec-v1.ko
param_ops_int	0xa8d76d3d	mtk-vcodec-enc-v1.ko
param_ops_int	0xa8d76d3d	mtk_fpsgo.ko
param_ops_int	0xa8d76d3d	mtk_jpeg.ko
param_ops_int	0xa8d76d3d	mtk_printk_ctrl.ko
param_ops_int	0xa8d76d3d	mtk_usb_f_rndis.ko
param_ops_int	0xa8d76d3d	musb_boost.ko
param_ops_int	0xa8d76d3d	musb_hdrc.ko
param_ops_int	0xa8d76d3d	rtc-mt6397.ko
param_ops_int	0xa8d76d3d	trace_mmstat.ko
param_ops_int	0xa8d76d3d	widevine_driver.ko
param_ops_long	0x6f794348	musb_hdrc.ko
param_ops_string	0x4032c60c	aee_aed.ko
param_ops_string	0x4032c60c	mediatek-drm.ko
param_ops_uint	0x460da8f5	binder_prio.ko
param_ops_uint	0x460da8f5	bt_drv_connac1x.ko
param_ops_uint	0x460da8f5	c2k_usb.ko
param_ops_uint	0x460da8f5	ged.ko
param_ops_uint	0x460da8f5	gf_fingerprint.ko
param_ops_uint	0x460da8f5	gps_drv_stp.ko
param_ops_uint	0x460da8f5	mali_kbase_mt6768_r49.ko
param_ops_uint	0x460da8f5	mediatek-drm.ko
param_ops_uint	0x460da8f5	millet_core.ko
param_ops_uint	0x460da8f5	mmqos-common.ko
param_ops_uint	0x460da8f5	mtk-icc-core.ko
param_ops_uint	0x460da8f5	mtk-mmdvfs.ko
param_ops_uint	0x460da8f5	mtk-smi-dbg.ko
param_ops_uint	0x460da8f5	mtk-smi.ko
param_ops_uint	0x460da8f5	mtk_u_ether.ko
param_ops_uint	0x460da8f5	mtk_usb_f_rndis.ko
param_ops_uint	0x460da8f5	mtk_wdt.ko
param_ops_uint	0x460da8f5	musb_hdrc.ko
param_ops_uint	0x460da8f5	pd_dbg_info.ko
param_ops_uint	0x460da8f5	sec.ko
param_ops_uint	0x460da8f5	snd-soc-mtk-common.ko
param_ops_uint	0x460da8f5	usb_meta.ko
param_ops_uint	0x460da8f5	wmt_chrdev_wifi.ko
param_ops_uint	0x460da8f5	wmt_drv.ko
param_ops_uint	0x460da8f5	zram.ko
param_ops_ullong	0x36dc05ff	mtk-mmc-wp.ko
param_ops_ulong	0xfa28d30f	mali_kbase_mt6768_r49.ko
param_ops_ulong	0xfa28d30f	millet_core.ko
param_set_charp	0xd7cafc5b	mtk-vcu.ko
param_set_int	0x615bb041	musb_hdrc.ko
param_set_uint	0x9bbec588	ged.ko
param_set_uint	0x9bbec588	trace_mmstat.ko
param_set_ulong	0x32e2ed82	mrdump.ko
param_set_ulong	0x32e2ed82	trace_mmstat.ko
pd_X2Y	0x60a17349	mtk_fpsgo.ko
pd_dbg_info	0x48fb7437	tcpc_class.ko
pd_dbg_info	0x48fb7437	tcpc_upm7610.ko
pd_freq2opp	0x2a8d72aa	scheduler.ko
pd_get_freq_opp_legacy	0xa3825629	scheduler.ko
pd_get_freq_util	0xb459aae8	scheduler.ko
pd_get_opp_capacity	0xac073acf	scheduler.ko
pd_get_opp_freq_legacy	0x836f0f34	scheduler.ko
pd_opp2cap	0x750b08aa	scheduler.ko
pd_opp2freq	0x024f95cd	scheduler.ko
pdchk_common_init	0xd4514c9a	pd-chk-mt6768.ko
pdchk_dev_pm_ops	0x0e8dcaf9	pd-chk-mt6768.ko
percpu_counter_add_batch	0x6b7377d3	mali_kbase_mt6768_r49.ko
percpu_counter_batch	0x05240ee7	mali_kbase_mt6768_r49.ko
perf_event_create_kernel_counter	0x6bf2369a	met.ko
perf_event_create_kernel_counter	0x6bf2369a	mtk_fpsgo.ko
perf_event_create_kernel_counter	0x6bf2369a	mtk_ppm_v3.ko
perf_event_disable	0xf9356e1d	met.ko
perf_event_disable	0xf9356e1d	mtk_fpsgo.ko
perf_event_disable	0xf9356e1d	mtk_ppm_v3.ko
perf_event_enable	0xf622d667	met.ko
perf_event_enable	0xf622d667	mtk_fpsgo.ko
perf_event_enable	0xf622d667	mtk_ppm_v3.ko
perf_event_read_local	0x7665e038	mtk_ppm_v3.ko
perf_event_read_value	0xfd6169af	mtk_fpsgo.ko
perf_event_release_kernel	0x631d1346	met.ko
perf_event_release_kernel	0x631d1346	mtk_fpsgo.ko
perf_event_release_kernel	0x631d1346	mtk_ppm_v3.ko
perf_event_update_userpage	0xc34b7c13	arm_dsu_pmu.ko
perf_pmu_migrate_context	0xf37720b7	arm_dsu_pmu.ko
perf_pmu_register	0x3227c75f	arm_dsu_pmu.ko
perf_pmu_unregister	0x00fcc176	arm_dsu_pmu.ko
perf_trace_buf_alloc	0x2d2c902f	MTK_INTERNAL_SPM.ko
perf_trace_buf_alloc	0x2d2c902f	aee_aed.ko
perf_trace_buf_alloc	0x2d2c902f	binder_prio.ko
perf_trace_buf_alloc	0x2d2c902f	blocktag.ko
perf_trace_buf_alloc	0x2d2c902f	bt_drv_connac1x.ko
perf_trace_buf_alloc	0x2d2c902f	cfg80211.ko
perf_trace_buf_alloc	0x2d2c902f	cpufreq_sugov_ext.ko
perf_trace_buf_alloc	0x2d2c902f	ged.ko
perf_trace_buf_alloc	0x2d2c902f	mac80211.ko
perf_trace_buf_alloc	0x2d2c902f	mali_kbase_mt6768_r49.ko
perf_trace_buf_alloc	0x2d2c902f	mediatek-drm.ko
perf_trace_buf_alloc	0x2d2c902f	mmqos-common.ko
perf_trace_buf_alloc	0x2d2c902f	mtk-dvfsrc.ko
perf_trace_buf_alloc	0x2d2c902f	mtk-icc-core.ko
perf_trace_buf_alloc	0x2d2c902f	mtk-mbox.ko
perf_trace_buf_alloc	0x2d2c902f	mtk-mmdvfs-ftrace.ko
perf_trace_buf_alloc	0x2d2c902f	mtk_cm_mgr_mt6768.ko
perf_trace_buf_alloc	0x2d2c902f	mtk_cpu_power_throttling.ko
perf_trace_buf_alloc	0x2d2c902f	mtk_fpsgo.ko
perf_trace_buf_alloc	0x2d2c902f	mtk_low_battery_throttling.ko
perf_trace_buf_alloc	0x2d2c902f	mtk_peak_power_budget.ko
perf_trace_buf_alloc	0x2d2c902f	mtk_perf_common.ko
perf_trace_buf_alloc	0x2d2c902f	mtk_ppm_v3.ko
perf_trace_buf_alloc	0x2d2c902f	musb_hdrc.ko
perf_trace_buf_alloc	0x2d2c902f	powerhal_cpu_ctrl.ko
perf_trace_buf_alloc	0x2d2c902f	scheduler.ko
perf_trace_buf_alloc	0x2d2c902f	system_heap.ko
perf_trace_buf_alloc	0x2d2c902f	thermal_monitor.ko
perf_trace_buf_alloc	0x2d2c902f	timer-mediatek.ko
perf_trace_buf_alloc	0x2d2c902f	touch_boost.ko
perf_trace_buf_alloc	0x2d2c902f	trace_mmstat.ko
perf_trace_buf_alloc	0x2d2c902f	ufs-mediatek-mod.ko
perf_trace_buf_alloc	0x2d2c902f	uload_ind.ko
perf_trace_run_bpf_submit	0xb35e9230	MTK_INTERNAL_SPM.ko
perf_trace_run_bpf_submit	0xb35e9230	aee_aed.ko
perf_trace_run_bpf_submit	0xb35e9230	binder_prio.ko
perf_trace_run_bpf_submit	0xb35e9230	blocktag.ko
perf_trace_run_bpf_submit	0xb35e9230	bt_drv_connac1x.ko
perf_trace_run_bpf_submit	0xb35e9230	cfg80211.ko
perf_trace_run_bpf_submit	0xb35e9230	cpufreq_sugov_ext.ko
perf_trace_run_bpf_submit	0xb35e9230	ged.ko
perf_trace_run_bpf_submit	0xb35e9230	mac80211.ko
perf_trace_run_bpf_submit	0xb35e9230	mali_kbase_mt6768_r49.ko
perf_trace_run_bpf_submit	0xb35e9230	mediatek-drm.ko
perf_trace_run_bpf_submit	0xb35e9230	mmqos-common.ko
perf_trace_run_bpf_submit	0xb35e9230	mtk-dvfsrc.ko
perf_trace_run_bpf_submit	0xb35e9230	mtk-icc-core.ko
perf_trace_run_bpf_submit	0xb35e9230	mtk-mbox.ko
perf_trace_run_bpf_submit	0xb35e9230	mtk-mmdvfs-ftrace.ko
perf_trace_run_bpf_submit	0xb35e9230	mtk_cm_mgr_mt6768.ko
perf_trace_run_bpf_submit	0xb35e9230	mtk_cpu_power_throttling.ko
perf_trace_run_bpf_submit	0xb35e9230	mtk_fpsgo.ko
perf_trace_run_bpf_submit	0xb35e9230	mtk_low_battery_throttling.ko
perf_trace_run_bpf_submit	0xb35e9230	mtk_peak_power_budget.ko
perf_trace_run_bpf_submit	0xb35e9230	mtk_perf_common.ko
perf_trace_run_bpf_submit	0xb35e9230	mtk_ppm_v3.ko
perf_trace_run_bpf_submit	0xb35e9230	musb_hdrc.ko
perf_trace_run_bpf_submit	0xb35e9230	powerhal_cpu_ctrl.ko
perf_trace_run_bpf_submit	0xb35e9230	scheduler.ko
perf_trace_run_bpf_submit	0xb35e9230	system_heap.ko
perf_trace_run_bpf_submit	0xb35e9230	thermal_monitor.ko
perf_trace_run_bpf_submit	0xb35e9230	timer-mediatek.ko
perf_trace_run_bpf_submit	0xb35e9230	touch_boost.ko
perf_trace_run_bpf_submit	0xb35e9230	trace_mmstat.ko
perf_trace_run_bpf_submit	0xb35e9230	ufs-mediatek-mod.ko
perf_trace_run_bpf_submit	0xb35e9230	uload_ind.ko
pfn_is_map_memory	0x6da467cb	ccci_util_lib.ko
pfn_is_map_memory	0x6da467cb	gz_ipc_mod.ko
pfn_is_map_memory	0x6da467cb	isee.ko
pfn_is_map_memory	0x6da467cb	mmprofile.ko
pfn_is_map_memory	0x6da467cb	mtk-vcodec-dec-v1.ko
pfn_is_map_memory	0x6da467cb	mtk-vcodec-enc-v1.ko
phy_exit	0x3607a8b7	musb_hdrc.ko
phy_get	0xbe2679bd	mt6370-charger.ko
phy_get	0xbe2679bd	upm6920_charger.ko
phy_init	0x35f5f85a	musb_hdrc.ko
phy_power_off	0x1e737005	mediatek-drm.ko
phy_power_off	0x1e737005	musb_hdrc.ko
phy_power_off	0x1e737005	ufs-mediatek-mod.ko
phy_power_on	0xfdc93104	mediatek-drm.ko
phy_power_on	0xfdc93104	musb_hdrc.ko
phy_power_on	0xfdc93104	ufs-mediatek-mod.ko
phy_put	0x2fdb3d54	mt6370-charger.ko
phy_put	0x2fdb3d54	upm6920_charger.ko
phy_set_mode_ext	0xc274ac52	mt6370-charger.ko
phy_set_mode_ext	0xc274ac52	musb_hdrc.ko
phy_set_mode_ext	0xc274ac52	upm6920_charger.ko
pick_migrate_task	0x87559548	scheduler.ko
pid_task	0x9a82d2d4	aee_aed.ko
pid_task	0x9a82d2d4	ged.ko
pid_task	0x9a82d2d4	mali_kbase_mt6768_r49.ko
pin_user_pages	0x370b8cb1	mcDrvModule.ko
pin_user_pages_remote	0xef2c8fc7	mali_kbase_mt6768_r49.ko
pinconf_generic_parse_dt_config	0xcddc00be	pinctrl-mtk-v2.ko
pinctrl_dev_get_drvdata	0x41e02d73	pinctrl-mtk-v2.ko
pinctrl_enable	0xc4d5bab2	pinctrl-mtk-v2.ko
pinctrl_gpio_direction_input	0x1bc5eebe	pinctrl-mtk-v2.ko
pinctrl_gpio_direction_output	0x1b8822d8	pinctrl-mtk-v2.ko
pinctrl_lookup_state	0xfaa54625	flashlight.ko
pinctrl_lookup_state	0xfaa54625	gc_gc6133c_ii.ko
pinctrl_lookup_state	0xfaa54625	gf_fingerprint.ko
pinctrl_lookup_state	0xfaa54625	gps_drv_stp.ko
pinctrl_lookup_state	0xfaa54625	gyrohub.ko
pinctrl_lookup_state	0xfaa54625	imgsensor_isp4_t.ko
pinctrl_lookup_state	0xfaa54625	main2af.ko
pinctrl_lookup_state	0xfaa54625	main3af.ko
pinctrl_lookup_state	0xfaa54625	mainaf.ko
pinctrl_lookup_state	0xfaa54625	mediatek-drm.ko
pinctrl_lookup_state	0xfaa54625	mt6358-accdet.ko
pinctrl_lookup_state	0xfaa54625	mtk-mmc.ko
pinctrl_lookup_state	0xfaa54625	mtk-pmic-keys.ko
pinctrl_lookup_state	0xfaa54625	mtk_spi.ko
pinctrl_lookup_state	0xfaa54625	sc_sc080cs_i.ko
pinctrl_lookup_state	0xfaa54625	sil_fingerprint.ko
pinctrl_lookup_state	0xfaa54625	snd-soc-fs15xx.ko
pinctrl_lookup_state	0xfaa54625	snd-soc-mt6768-afe.ko
pinctrl_lookup_state	0xfaa54625	sp_sp0821_iii.ko
pinctrl_lookup_state	0xfaa54625	spi_slave.ko
pinctrl_lookup_state	0xfaa54625	sub2af.ko
pinctrl_lookup_state	0xfaa54625	subaf.ko
pinctrl_lookup_state	0xfaa54625	wmt_drv.ko
pinctrl_pm_select_default_state	0xe4439205	8250_mtk.ko
pinctrl_pm_select_default_state	0xe4439205	extcon-mtk-usb.ko
pinctrl_pm_select_sleep_state	0x1f6ccf7f	8250_mtk.ko
pinctrl_pm_select_sleep_state	0x1f6ccf7f	extcon-mtk-usb.ko
pinctrl_select_state	0x1d8ea360	flashlight.ko
pinctrl_select_state	0x1d8ea360	gc_gc6133c_ii.ko
pinctrl_select_state	0x1d8ea360	gf_fingerprint.ko
pinctrl_select_state	0x1d8ea360	gps_drv_stp.ko
pinctrl_select_state	0x1d8ea360	gyrohub.ko
pinctrl_select_state	0x1d8ea360	imgsensor_isp4_t.ko
pinctrl_select_state	0x1d8ea360	main2af.ko
pinctrl_select_state	0x1d8ea360	main3af.ko
pinctrl_select_state	0x1d8ea360	mainaf.ko
pinctrl_select_state	0x1d8ea360	mediatek-drm.ko
pinctrl_select_state	0x1d8ea360	mt6358-accdet.ko
pinctrl_select_state	0x1d8ea360	mtk-mmc.ko
pinctrl_select_state	0x1d8ea360	mtk-pmic-keys.ko
pinctrl_select_state	0x1d8ea360	mtk_spi.ko
pinctrl_select_state	0x1d8ea360	sc_sc080cs_i.ko
pinctrl_select_state	0x1d8ea360	sil_fingerprint.ko
pinctrl_select_state	0x1d8ea360	snd-soc-fs15xx.ko
pinctrl_select_state	0x1d8ea360	snd-soc-mt6768-afe.ko
pinctrl_select_state	0x1d8ea360	sp_sp0821_iii.ko
pinctrl_select_state	0x1d8ea360	spi_slave.ko
pinctrl_select_state	0x1d8ea360	sub2af.ko
pinctrl_select_state	0x1d8ea360	subaf.ko
pinctrl_select_state	0x1d8ea360	wmt_drv.ko
pinctrl_utils_add_map_configs	0xb6cf1dc6	pinctrl-mtk-v2.ko
pinctrl_utils_free_map	0x32069b24	pinctrl-mtk-v2.ko
pinctrl_utils_reserve_map	0x511f85da	pinctrl-mtk-v2.ko
platform_bus_type	0x0740a594	cache-parity.ko
platform_bus_type	0x0740a594	mediatek-drm.ko
platform_bus_type	0x0740a594	musb_main.ko
platform_device_add	0xc17db879	clk-common.ko
platform_device_add	0xc17db879	fmradio_drv_mt6631.ko
platform_device_add	0xc17db879	isee.ko
platform_device_add	0xc17db879	musb_hdrc.ko
platform_device_add_data	0xa2407e56	isee.ko
platform_device_add_data	0xa2407e56	musb_hdrc.ko
platform_device_add_resources	0xd062b279	musb_hdrc.ko
platform_device_alloc	0x719145f4	clk-common.ko
platform_device_alloc	0x719145f4	fmradio_drv_mt6631.ko
platform_device_alloc	0x719145f4	isee.ko
platform_device_alloc	0x719145f4	musb_hdrc.ko
platform_device_del	0xe63531c9	isee.ko
platform_device_put	0xeb552e65	clk-common.ko
platform_device_put	0xeb552e65	fmradio_drv_mt6631.ko
platform_device_put	0xeb552e65	mediatek-drm.ko
platform_device_put	0xeb552e65	mediatek_static_power.ko
platform_device_put	0xeb552e65	mtk_iommu.ko
platform_device_put	0xeb552e65	musb_hdrc.ko
platform_device_register	0x027b7b56	accelhub.ko
platform_device_register	0x027b7b56	alspshub.ko
platform_device_register	0x027b7b56	barohub.ko
platform_device_register	0x027b7b56	camera_eeprom_isp4_t.ko
platform_device_register	0x027b7b56	gyrohub.ko
platform_device_register	0x027b7b56	maghub.ko
platform_device_register	0x027b7b56	main2af.ko
platform_device_register	0x027b7b56	main3af.ko
platform_device_register	0x027b7b56	mainaf.ko
platform_device_register	0x027b7b56	mtk_power_gs_v1.ko
platform_device_register	0x027b7b56	mtk_ppm_v3.ko
platform_device_register	0x027b7b56	scp.ko
platform_device_register	0x027b7b56	sensorHub.ko
platform_device_register	0x027b7b56	situationhub.ko
platform_device_register	0x027b7b56	sub2af.ko
platform_device_register	0x027b7b56	subaf.ko
platform_device_register	0x027b7b56	thermal_monitor.ko
platform_device_register_full	0x90518330	MTK_INTERNAL_SPM.ko
platform_device_register_full	0x90518330	cfg80211.ko
platform_device_register_full	0x90518330	clk-common.ko
platform_device_register_full	0x90518330	clk-fmeter-mt6768.ko
platform_device_register_full	0x90518330	mtk-dvfsrc.ko
platform_device_register_full	0x90518330	phy-generic.ko
platform_device_unregister	0xda7f5a52	camera_eeprom_isp4_t.ko
platform_device_unregister	0xda7f5a52	cfg80211.ko
platform_device_unregister	0xda7f5a52	clk-common.ko
platform_device_unregister	0xda7f5a52	fmradio_drv_mt6631.ko
platform_device_unregister	0xda7f5a52	gz_trusty_mod.ko
platform_device_unregister	0xda7f5a52	main2af.ko
platform_device_unregister	0xda7f5a52	main3af.ko
platform_device_unregister	0xda7f5a52	mainaf.ko
platform_device_unregister	0xda7f5a52	mtk-dvfsrc.ko
platform_device_unregister	0xda7f5a52	mtk_power_gs_v1.ko
platform_device_unregister	0xda7f5a52	mtk_ppm_v3.ko
platform_device_unregister	0xda7f5a52	musb_hdrc.ko
platform_device_unregister	0xda7f5a52	phy-generic.ko
platform_device_unregister	0xda7f5a52	scp.ko
platform_device_unregister	0xda7f5a52	sensorHub.ko
platform_device_unregister	0xda7f5a52	sub2af.ko
platform_device_unregister	0xda7f5a52	subaf.ko
platform_device_unregister	0xda7f5a52	thermal_monitor.ko
platform_driver_unregister	0xf5ab7c57	8250_mtk.ko
platform_driver_unregister	0xf5ab7c57	CPU_DVFS.ko
platform_driver_unregister	0xf5ab7c57	accel_common.ko
platform_driver_unregister	0xf5ab7c57	accelhub.ko
platform_driver_unregister	0xf5ab7c57	alsps_common.ko
platform_driver_unregister	0xf5ab7c57	alspshub.ko
platform_driver_unregister	0xf5ab7c57	arm_dsu_pmu.ko
platform_driver_unregister	0xf5ab7c57	atf_logger.ko
platform_driver_unregister	0xf5ab7c57	baro_common.ko
platform_driver_unregister	0xf5ab7c57	barohub.ko
platform_driver_unregister	0xf5ab7c57	btif_drv.ko
platform_driver_unregister	0xf5ab7c57	cache-parity.ko
platform_driver_unregister	0xf5ab7c57	cam_qos_4.ko
platform_driver_unregister	0xf5ab7c57	camera_dpe_isp40.ko
platform_driver_unregister	0xf5ab7c57	camera_eeprom_isp4_t.ko
platform_driver_unregister	0xf5ab7c57	camera_fdvt_isp40.ko
platform_driver_unregister	0xf5ab7c57	camera_isp_4_t.ko
platform_driver_unregister	0xf5ab7c57	camera_mem.ko
platform_driver_unregister	0xf5ab7c57	ccu_isp4.ko
platform_driver_unregister	0xf5ab7c57	clk-common.ko
platform_driver_unregister	0xf5ab7c57	clk-fmeter-mt6768.ko
platform_driver_unregister	0xf5ab7c57	clkbuf.ko
platform_driver_unregister	0xf5ab7c57	clkchk-mt6768.ko
platform_driver_unregister	0xf5ab7c57	clkdbg-mt6768.ko
platform_driver_unregister	0xf5ab7c57	cmdq-bdg-test.ko
platform_driver_unregister	0xf5ab7c57	cmdq-test.ko
platform_driver_unregister	0xf5ab7c57	dbg_error_flag.ko
platform_driver_unregister	0xf5ab7c57	device-apc-mt6768.ko
platform_driver_unregister	0xf5ab7c57	emicen.ko
platform_driver_unregister	0xf5ab7c57	emictrl.ko
platform_driver_unregister	0xf5ab7c57	emiisu.ko
platform_driver_unregister	0xf5ab7c57	emimpu.ko
platform_driver_unregister	0xf5ab7c57	extcon-mtk-usb.ko
platform_driver_unregister	0xf5ab7c57	fhctl.ko
platform_driver_unregister	0xf5ab7c57	flashlight.ko
platform_driver_unregister	0xf5ab7c57	fmradio_drv_mt6631.ko
platform_driver_unregister	0xf5ab7c57	ged.ko
platform_driver_unregister	0xf5ab7c57	gf_fingerprint.ko
platform_driver_unregister	0xf5ab7c57	gps_drv_stp.ko
platform_driver_unregister	0xf5ab7c57	gyro_common.ko
platform_driver_unregister	0xf5ab7c57	gyrohub.ko
platform_driver_unregister	0xf5ab7c57	gz_irq_mod.ko
platform_driver_unregister	0xf5ab7c57	gz_log_mod.ko
platform_driver_unregister	0xf5ab7c57	gz_main_mod.ko
platform_driver_unregister	0xf5ab7c57	gz_trusty_mod.ko
platform_driver_unregister	0xf5ab7c57	gz_tz_system.ko
platform_driver_unregister	0xf5ab7c57	gz_virtio_mod.ko
platform_driver_unregister	0xf5ab7c57	i2c-mt65xx.ko
platform_driver_unregister	0xf5ab7c57	imgsensor_isp4_t.ko
platform_driver_unregister	0xf5ab7c57	iommu_debug.ko
platform_driver_unregister	0xf5ab7c57	iommu_gz.ko
platform_driver_unregister	0xf5ab7c57	iommu_secure.ko
platform_driver_unregister	0xf5ab7c57	isee.ko
platform_driver_unregister	0xf5ab7c57	lc_charger_sysfs.ko
platform_driver_unregister	0xf5ab7c57	leds-mt6370-flash.ko
platform_driver_unregister	0xf5ab7c57	leds-mtk-disp.ko
platform_driver_unregister	0xf5ab7c57	leds-mtk-pwm.ko
platform_driver_unregister	0xf5ab7c57	mag_common.ko
platform_driver_unregister	0xf5ab7c57	maghub.ko
platform_driver_unregister	0xf5ab7c57	main2af.ko
platform_driver_unregister	0xf5ab7c57	main3af.ko
platform_driver_unregister	0xf5ab7c57	mainaf.ko
platform_driver_unregister	0xf5ab7c57	mali_kbase_mt6768_r49.ko
platform_driver_unregister	0xf5ab7c57	mali_mgm_mt6768_r49.ko
platform_driver_unregister	0xf5ab7c57	mali_prot_alloc_mt6768_r49.ko
platform_driver_unregister	0xf5ab7c57	mcDrvModule.ko
platform_driver_unregister	0xf5ab7c57	mdp_drv_mt6768.ko
platform_driver_unregister	0xf5ab7c57	mediatek-drm.ko
platform_driver_unregister	0xf5ab7c57	memory-amms.ko
platform_driver_unregister	0xf5ab7c57	mmqos-mt6768.ko
platform_driver_unregister	0xf5ab7c57	mt6358-accdet.ko
platform_driver_unregister	0xf5ab7c57	mt6358-regulator.ko
platform_driver_unregister	0xf5ab7c57	mt6358_battery.ko
platform_driver_unregister	0xf5ab7c57	mt635x-auxadc.ko
platform_driver_unregister	0xf5ab7c57	mt6370-adc.ko
platform_driver_unregister	0xf5ab7c57	mt6370-charger.ko
platform_driver_unregister	0xf5ab7c57	mt6370-regulator.ko
platform_driver_unregister	0xf5ab7c57	mt6397.ko
platform_driver_unregister	0xf5ab7c57	mt63xx-debug.ko
platform_driver_unregister	0xf5ab7c57	mt6577_auxadc.ko
platform_driver_unregister	0xf5ab7c57	mt6768-mt6358.ko
platform_driver_unregister	0xf5ab7c57	mtk-btcvsd.ko
platform_driver_unregister	0xf5ab7c57	mtk-composite.ko
platform_driver_unregister	0xf5ab7c57	mtk-cqdma.ko
platform_driver_unregister	0xf5ab7c57	mtk-dvfsrc-devfreq.ko
platform_driver_unregister	0xf5ab7c57	mtk-dvfsrc-helper.ko
platform_driver_unregister	0xf5ab7c57	mtk-dvfsrc-regulator.ko
platform_driver_unregister	0xf5ab7c57	mtk-dvfsrc-start.ko
platform_driver_unregister	0xf5ab7c57	mtk-dvfsrc.ko
platform_driver_unregister	0xf5ab7c57	mtk-emi.ko
platform_driver_unregister	0xf5ab7c57	mtk-kpd.ko
platform_driver_unregister	0xf5ab7c57	mtk-mmc.ko
platform_driver_unregister	0xf5ab7c57	mtk-mmdvfs-debug.ko
platform_driver_unregister	0xf5ab7c57	mtk-mmdvfs.ko
platform_driver_unregister	0xf5ab7c57	mtk-pmic-keys.ko
platform_driver_unregister	0xf5ab7c57	mtk-pmic-wrap.ko
platform_driver_unregister	0xf5ab7c57	mtk-pwm.ko
platform_driver_unregister	0xf5ab7c57	mtk-scpsys-bringup.ko
platform_driver_unregister	0xf5ab7c57	mtk-scpsys-mt6768.ko
platform_driver_unregister	0xf5ab7c57	mtk-scpsys.ko
platform_driver_unregister	0xf5ab7c57	mtk-smi-bwc.ko
platform_driver_unregister	0xf5ab7c57	mtk-uart-apdma.ko
platform_driver_unregister	0xf5ab7c57	mtk-vcodec-dec-v1.ko
platform_driver_unregister	0xf5ab7c57	mtk-vcodec-enc-v1.ko
platform_driver_unregister	0xf5ab7c57	mtk-vcu.ko
platform_driver_unregister	0xf5ab7c57	mtk_battery_manager.ko
platform_driver_unregister	0xf5ab7c57	mtk_battery_oc_throttling.ko
platform_driver_unregister	0xf5ab7c57	mtk_bp_thl.ko
platform_driver_unregister	0xf5ab7c57	mtk_charger_cooling.ko
platform_driver_unregister	0xf5ab7c57	mtk_charger_framework.ko
platform_driver_unregister	0xf5ab7c57	mtk_chg_type_det.ko
platform_driver_unregister	0xf5ab7c57	mtk_cm_mgr_mt6768.ko
platform_driver_unregister	0xf5ab7c57	mtk_cpu_power_throttling.ko
platform_driver_unregister	0xf5ab7c57	mtk_disp_sec.ko
platform_driver_unregister	0xf5ab7c57	mtk_dynamic_loading_throttling.ko
platform_driver_unregister	0xf5ab7c57	mtk_fpsgo.ko
platform_driver_unregister	0xf5ab7c57	mtk_gpufreq_mt6768.ko
platform_driver_unregister	0xf5ab7c57	mtk_gpufreq_wrapper_legacy.ko
platform_driver_unregister	0xf5ab7c57	mtk_iommu.ko
platform_driver_unregister	0xf5ab7c57	mtk_irtx_pwm.ko
platform_driver_unregister	0xf5ab7c57	mtk_jpeg.ko
platform_driver_unregister	0xf5ab7c57	mtk_low_battery_throttling.ko
platform_driver_unregister	0xf5ab7c57	mtk_md_power_throttling.ko
platform_driver_unregister	0xf5ab7c57	mtk_pbm.ko
platform_driver_unregister	0xf5ab7c57	mtk_pd_adapter.ko
platform_driver_unregister	0xf5ab7c57	mtk_pd_charging.ko
platform_driver_unregister	0xf5ab7c57	mtk_peak_power_budget.ko
platform_driver_unregister	0xf5ab7c57	mtk_pep.ko
platform_driver_unregister	0xf5ab7c57	mtk_pep20.ko
platform_driver_unregister	0xf5ab7c57	mtk_pep40.ko
platform_driver_unregister	0xf5ab7c57	mtk_ppm_v3.ko
platform_driver_unregister	0xf5ab7c57	mtk_qos_legacy.ko
platform_driver_unregister	0xf5ab7c57	mtk_sec_heap.ko
platform_driver_unregister	0xf5ab7c57	mtk_wdt.ko
platform_driver_unregister	0xf5ab7c57	musb_hdrc.ko
platform_driver_unregister	0xf5ab7c57	musb_main.ko
platform_driver_unregister	0xf5ab7c57	nvmem-mt635x-efuse.ko
platform_driver_unregister	0xf5ab7c57	nvmem_mtk-devinfo.ko
platform_driver_unregister	0xf5ab7c57	pd-chk-mt6768.ko
platform_driver_unregister	0xf5ab7c57	phy-generic.ko
platform_driver_unregister	0xf5ab7c57	phy-mtk-tphy.ko
platform_driver_unregister	0xf5ab7c57	pmic_lbat_service.ko
platform_driver_unregister	0xf5ab7c57	pmic_lvsys_notify.ko
platform_driver_unregister	0xf5ab7c57	pwm-mtk-disp.ko
platform_driver_unregister	0xf5ab7c57	regulator-vibrator.ko
platform_driver_unregister	0xf5ab7c57	rt_pd_manager.ko
platform_driver_unregister	0xf5ab7c57	rtc-mt6397.ko
platform_driver_unregister	0xf5ab7c57	scp.ko
platform_driver_unregister	0xf5ab7c57	sec-rng.ko
platform_driver_unregister	0xf5ab7c57	sec.ko
platform_driver_unregister	0xf5ab7c57	sil_fingerprint.ko
platform_driver_unregister	0xf5ab7c57	simtray.ko
platform_driver_unregister	0xf5ab7c57	situationhub.ko
platform_driver_unregister	0xf5ab7c57	snd-soc-mt6358.ko
platform_driver_unregister	0xf5ab7c57	snd-soc-mt6768-afe.ko
platform_driver_unregister	0xf5ab7c57	spi-mt65xx.ko
platform_driver_unregister	0xf5ab7c57	step_counter.ko
platform_driver_unregister	0xf5ab7c57	sub2af.ko
platform_driver_unregister	0xf5ab7c57	subaf.ko
platform_driver_unregister	0xf5ab7c57	syscon-reboot-mode.ko
platform_driver_unregister	0xf5ab7c57	system_heap.ko
platform_driver_unregister	0xf5ab7c57	teeperf.ko
platform_driver_unregister	0xf5ab7c57	thermal_monitor.ko
platform_driver_unregister	0xf5ab7c57	timer-mediatek.ko
platform_driver_unregister	0xf5ab7c57	trusted_mem.ko
platform_driver_unregister	0xf5ab7c57	ufs-mediatek-mod.ko
platform_driver_unregister	0xf5ab7c57	usb_meta.ko
platform_driver_unregister	0xf5ab7c57	widevine_driver.ko
platform_driver_unregister	0xf5ab7c57	wifi_ant_check.ko
platform_driver_unregister	0xf5ab7c57	wlan_drv_gen4m_6768.ko
platform_driver_unregister	0xf5ab7c57	wmt_drv.ko
platform_driver_unregister	0xf5ab7c57	xiaomi_touch.ko
platform_get_irq	0xf7821887	8250_mtk.ko
platform_get_irq	0xf7821887	arm_dsu_pmu.ko
platform_get_irq	0xf7821887	camera_dpe_isp40.ko
platform_get_irq	0xf7821887	camera_fdvt_isp40.ko
platform_get_irq	0xf7821887	camera_isp_4_t.ko
platform_get_irq	0xf7821887	i2c-mt65xx.ko
platform_get_irq	0xf7821887	isee.ko
platform_get_irq	0xf7821887	mediatek-drm.ko
platform_get_irq	0xf7821887	memory-amms.ko
platform_get_irq	0xf7821887	met.ko
platform_get_irq	0xf7821887	mt6397.ko
platform_get_irq	0xf7821887	mtk-btcvsd.ko
platform_get_irq	0xf7821887	mtk-cmdq-drv-ext.ko
platform_get_irq	0xf7821887	mtk-cqdma.ko
platform_get_irq	0xf7821887	mtk-dvfsrc.ko
platform_get_irq	0xf7821887	mtk-mmc.ko
platform_get_irq	0xf7821887	mtk-mml.ko
platform_get_irq	0xf7821887	mtk-pmic-keys.ko
platform_get_irq	0xf7821887	mtk-pmic-wrap.ko
platform_get_irq	0xf7821887	mtk-pwm.ko
platform_get_irq	0xf7821887	mtk-uart-apdma.ko
platform_get_irq	0xf7821887	mtk-vcodec-common.ko
platform_get_irq	0xf7821887	mtk_iommu.ko
platform_get_irq	0xf7821887	mtk_jpeg.ko
platform_get_irq	0xf7821887	mtk_wdt.ko
platform_get_irq	0xf7821887	musb_main.ko
platform_get_irq	0xf7821887	rtc-mt6397.ko
platform_get_irq	0xf7821887	scp.ko
platform_get_irq	0xf7821887	snd-soc-mt6768-afe.ko
platform_get_irq	0xf7821887	spi-mt65xx.ko
platform_get_irq	0xf7821887	ufs-mediatek-mod.ko
platform_get_irq_byname	0x10fd3fdc	clk-common.ko
platform_get_irq_byname	0x10fd3fdc	mali_kbase_mt6768_r49.ko
platform_get_irq_byname	0x10fd3fdc	mt6358-accdet.ko
platform_get_irq_byname	0x10fd3fdc	mt6358_battery.ko
platform_get_irq_byname	0x10fd3fdc	mt6370-charger.ko
platform_get_irq_byname	0x10fd3fdc	mt6370-regulator.ko
platform_get_irq_byname	0x10fd3fdc	mtk-mbox.ko
platform_get_irq_byname	0x10fd3fdc	mtk_battery_oc_throttling.ko
platform_get_irq_byname	0x10fd3fdc	pmic_lbat_service.ko
platform_get_irq_byname	0x10fd3fdc	sspm_v1.ko
platform_get_irq_byname_optional	0xb7dc755d	mt6358-regulator.ko
platform_get_irq_byname_optional	0xb7dc755d	pmic_lvsys_notify.ko
platform_get_irq_optional	0x744e81b3	8250_mtk.ko
platform_get_resource	0xdc5231c6	8250_mtk.ko
platform_get_resource	0xdc5231c6	cmdq-sec-drv.ko
platform_get_resource	0xdc5231c6	cpufreq_sugov_ext.ko
platform_get_resource	0xdc5231c6	emimpu.ko
platform_get_resource	0xdc5231c6	i2c-mt65xx.ko
platform_get_resource	0xdc5231c6	mali_kbase_mt6768_r49.ko
platform_get_resource	0xdc5231c6	mediatek-drm.ko
platform_get_resource	0xdc5231c6	mt6358-accdet.ko
platform_get_resource	0xdc5231c6	mtk-cmdq-drv-ext.ko
platform_get_resource	0xdc5231c6	mtk-cqdma.ko
platform_get_resource	0xdc5231c6	mtk-dvfsrc.ko
platform_get_resource	0xdc5231c6	mtk-kpd.ko
platform_get_resource	0xdc5231c6	mtk-mmc.ko
platform_get_resource	0xdc5231c6	mtk-scpsys.ko
platform_get_resource	0xdc5231c6	mtk-smi-bwc.ko
platform_get_resource	0xdc5231c6	mtk-smi-dbg.ko
platform_get_resource	0xdc5231c6	mtk-smi.ko
platform_get_resource	0xdc5231c6	mtk-vcodec-dec-v1.ko
platform_get_resource	0xdc5231c6	mtk-vcodec-enc-v1.ko
platform_get_resource	0xdc5231c6	mtk-vcu.ko
platform_get_resource	0xdc5231c6	mtk_dramc.ko
platform_get_resource	0xdc5231c6	mtk_iommu.ko
platform_get_resource	0xdc5231c6	mtk_jpeg.ko
platform_get_resource	0xdc5231c6	mtk_perf_common.ko
platform_get_resource	0xdc5231c6	mtk_qos_legacy.ko
platform_get_resource	0xdc5231c6	musb_main.ko
platform_get_resource	0xdc5231c6	phy-mtk-tphy.ko
platform_get_resource	0xdc5231c6	rtc-mt6397.ko
platform_get_resource	0xdc5231c6	scheduler.ko
platform_get_resource	0xdc5231c6	scp.ko
platform_get_resource	0xdc5231c6	snd-soc-mt6768-afe.ko
platform_get_resource_byname	0x2045f949	cqhci.ko
platform_get_resource_byname	0x2045f949	mali_prot_alloc_mt6768_r49.ko
platform_get_resource_byname	0x2045f949	mediatek-drm.ko
platform_get_resource_byname	0x2045f949	mtk-dvfsrc-helper.ko
platform_get_resource_byname	0x2045f949	mtk-mbox.ko
platform_get_resource_byname	0x2045f949	mtk-pmic-wrap.ko
platform_get_resource_byname	0x2045f949	mtk_cm_mgr.ko
platform_get_resource_byname	0x2045f949	mtk_peak_power_budget.ko
platform_get_resource_byname	0x2045f949	sspm_v1.ko
platform_irq_count	0x8ec5b101	mediatek-drm.ko
platform_unregister_drivers	0x26f9d386	mtk-mml.ko
platform_unregister_drivers	0x26f9d386	mtk-smi.ko
pll_if_on	0xc940cd8a	MTK_INTERNAL_SPM.ko
pm_genpd_add_device	0xdb521367	clk-common.ko
pm_genpd_add_subdomain	0x39323aa6	mtk-scpsys-mt6768.ko
pm_genpd_add_subdomain	0x39323aa6	mtk-scpsys.ko
pm_genpd_init	0x10cdcf16	mtk-scpsys.ko
pm_genpd_remove_device	0x48fd3193	clk-common.ko
pm_power_off	0x60a32ea9	thermal_monitor.ko
pm_relax	0x274b61ab	mt635x-auxadc.ko
pm_relax	0x274b61ab	mt6370-charger.ko
pm_relax	0x274b61ab	tcpc_class.ko
pm_relax	0x274b61ab	wifi_ant_check.ko
pm_runtime_enable	0xd79a9125	8250_mtk.ko
pm_runtime_enable	0xd79a9125	camera_dpe_isp40.ko
pm_runtime_enable	0xd79a9125	camera_fdvt_isp40.ko
pm_runtime_enable	0xd79a9125	camera_isp_4_t.ko
pm_runtime_enable	0xd79a9125	ccu_isp4.ko
pm_runtime_enable	0xd79a9125	clk-common.ko
pm_runtime_enable	0xd79a9125	cmdq-sec-drv.ko
pm_runtime_enable	0xd79a9125	imgsensor_isp4_t.ko
pm_runtime_enable	0xd79a9125	mali_kbase_mt6768_r49.ko
pm_runtime_enable	0xd79a9125	mdp_drv_mt6768.ko
pm_runtime_enable	0xd79a9125	mediatek-drm.ko
pm_runtime_enable	0xd79a9125	mtk-cmdq-drv-ext.ko
pm_runtime_enable	0xd79a9125	mtk-cqdma.ko
pm_runtime_enable	0xd79a9125	mtk-mmc.ko
pm_runtime_enable	0xd79a9125	mtk-mml.ko
pm_runtime_enable	0xd79a9125	mtk-scpsys-bringup.ko
pm_runtime_enable	0xd79a9125	mtk-smi.ko
pm_runtime_enable	0xd79a9125	mtk-vcodec-dec-v1.ko
pm_runtime_enable	0xd79a9125	mtk-vcodec-enc-v1.ko
pm_runtime_enable	0xd79a9125	mtk_iommu.ko
pm_runtime_enable	0xd79a9125	mtk_jpeg.ko
pm_runtime_enable	0xd79a9125	musb_hdrc.ko
pm_runtime_enable	0xd79a9125	snd-soc-mt6660.ko
pm_runtime_enable	0xd79a9125	snd-soc-mt6768-afe.ko
pm_runtime_enable	0xd79a9125	spi-mt65xx.ko
pm_runtime_enable	0xd79a9125	ufs-mediatek-mod.ko
pm_runtime_enable	0xd79a9125	wmt_drv.ko
pm_runtime_force_resume	0x95a3bb6b	mtk-mmc.ko
pm_runtime_force_resume	0x95a3bb6b	mtk_iommu.ko
pm_runtime_force_suspend	0x838f1c5c	mtk-mmc.ko
pm_runtime_force_suspend	0x838f1c5c	mtk_iommu.ko
pm_runtime_get_if_active	0x2602ba4d	mediatek-drm.ko
pm_runtime_get_if_active	0x2602ba4d	mtk-smi-dbg.ko
pm_runtime_get_if_active	0x2602ba4d	mtk_iommu.ko
pm_runtime_irq_safe	0x75e5483a	mediatek-drm.ko
pm_runtime_irq_safe	0x75e5483a	mtk-cmdq-drv-ext.ko
pm_runtime_set_autosuspend_delay	0xba37306e	mali_kbase_mt6768_r49.ko
pm_runtime_set_autosuspend_delay	0xba37306e	mtk-mmc.ko
pm_runtime_set_autosuspend_delay	0xba37306e	musb_hdrc.ko
pm_runtime_set_autosuspend_delay	0xba37306e	spi-mt65xx.ko
pm_stay_awake	0x87b74ec1	mt635x-auxadc.ko
pm_stay_awake	0x87b74ec1	mt6370-charger.ko
pm_stay_awake	0x87b74ec1	tcpc_class.ko
pm_stay_awake	0x87b74ec1	wifi_ant_check.ko
pm_suspend_target_state	0x377bbcbc	ufs-mediatek-mod.ko
pm_system_wakeup	0x8c0215f2	aee_hangdet.ko
pm_wakeup_dev_event	0x55f02c12	nt36528_spi.ko
pm_wakeup_dev_event	0x55f02c12	nxp_i2c.ko
pm_wakeup_dev_event	0x55f02c12	tcpc_rt1711h.ko
pm_wakeup_dev_event	0x55f02c12	tcpc_upm7610.ko
pm_wakeup_ws_event	0xd1733389	MTK_INTERNAL_SPM.ko
pm_wakeup_ws_event	0xd1733389	alspshub.ko
pm_wakeup_ws_event	0xd1733389	bt_drv_connac1x.ko
pm_wakeup_ws_event	0xd1733389	ccci_md_all.ko
pm_wakeup_ws_event	0xd1733389	ft8057m_spi.ko
pm_wakeup_ws_event	0xd1733389	gf_fingerprint.ko
pm_wakeup_ws_event	0xd1733389	mt6358-accdet.ko
pm_wakeup_ws_event	0xd1733389	mtk-kpd.ko
pm_wakeup_ws_event	0xd1733389	mtk_spi.ko
pm_wakeup_ws_event	0xd1733389	musb_boost.ko
pm_wakeup_ws_event	0xd1733389	perfhelper.ko
pm_wakeup_ws_event	0xd1733389	sensorHub.ko
pm_wakeup_ws_event	0xd1733389	sil_fingerprint.ko
pm_wakeup_ws_event	0xd1733389	situation.ko
pm_wakeup_ws_event	0xd1733389	tcpc_class.ko
pm_wakeup_ws_event	0xd1733389	wlan_drv_gen4m_6768.ko
port_lookup_tid	0x141326e4	gz_tz_system.ko
power_supply_changed	0xfa36d651	lc_charger_sysfs.ko
power_supply_changed	0xfa36d651	leds-mt6370-flash.ko
power_supply_changed	0xfa36d651	mt6358_battery.ko
power_supply_changed	0xfa36d651	mt6370-charger.ko
power_supply_changed	0xfa36d651	mtk_battery_manager.ko
power_supply_changed	0xfa36d651	mtk_charger_cooling.ko
power_supply_changed	0xfa36d651	mtk_charger_framework.ko
power_supply_changed	0xfa36d651	sgm41543_charger.ko
power_supply_changed	0xfa36d651	upm6920_charger.ko
power_supply_get_by_name	0x341e8511	ccci_md_all.ko
power_supply_get_by_name	0x341e8511	extcon-mtk-usb.ko
power_supply_get_by_name	0x341e8511	ft8057m_spi.ko
power_supply_get_by_name	0x341e8511	ft8057p_spi.ko
power_supply_get_by_name	0x341e8511	icnl9916_spi.ko
power_supply_get_by_name	0x341e8511	lc_charger_sysfs.ko
power_supply_get_by_name	0x341e8511	leds-mt6370-flash.ko
power_supply_get_by_name	0x341e8511	mt6358_battery.ko
power_supply_get_by_name	0x341e8511	mt635x-auxadc.ko
power_supply_get_by_name	0x341e8511	mtk_battery_manager.ko
power_supply_get_by_name	0x341e8511	mtk_charger_cooling.ko
power_supply_get_by_name	0x341e8511	mtk_charger_framework.ko
power_supply_get_by_name	0x341e8511	mtk_chg_type_det.ko
power_supply_get_by_name	0x341e8511	mtk_dynamic_loading_throttling.ko
power_supply_get_by_name	0x341e8511	mtk_fpsgo.ko
power_supply_get_by_name	0x341e8511	mtk_low_battery_throttling.ko
power_supply_get_by_name	0x341e8511	mtk_pbm.ko
power_supply_get_by_name	0x341e8511	mtk_pd_charging.ko
power_supply_get_by_name	0x341e8511	mtk_peak_power_budget.ko
power_supply_get_by_name	0x341e8511	mtk_pep.ko
power_supply_get_by_name	0x341e8511	mtk_pep20.ko
power_supply_get_by_name	0x341e8511	mtk_pep40.ko
power_supply_get_by_name	0x341e8511	mtk_perf_common.ko
power_supply_get_by_name	0x341e8511	nt36528_spi.ko
power_supply_get_by_name	0x341e8511	sgm41543_charger.ko
power_supply_get_by_name	0x341e8511	snd-soc-fs15xx.ko
power_supply_get_by_name	0x341e8511	tcpc_class.ko
power_supply_get_by_name	0x341e8511	thermal_monitor.ko
power_supply_get_by_name	0x341e8511	upm6920_charger.ko
power_supply_get_by_name	0x341e8511	xm_smart_chg.ko
power_supply_get_drvdata	0xbe613daa	lc_charger_sysfs.ko
power_supply_get_drvdata	0xbe613daa	mt6358_battery.ko
power_supply_get_drvdata	0xbe613daa	mt6370-charger.ko
power_supply_get_drvdata	0xbe613daa	mtk_battery_manager.ko
power_supply_get_drvdata	0xbe613daa	mtk_charger_framework.ko
power_supply_get_drvdata	0xbe613daa	mtk_pd_charging.ko
power_supply_get_drvdata	0xbe613daa	mtk_pep.ko
power_supply_get_drvdata	0xbe613daa	mtk_pep20.ko
power_supply_get_drvdata	0xbe613daa	mtk_pep40.ko
power_supply_get_drvdata	0xbe613daa	sgm41543_charger.ko
power_supply_get_drvdata	0xbe613daa	upm6920_charger.ko
power_supply_get_drvdata	0xbe613daa	xm_smart_chg.ko
power_supply_get_property	0xa670b0f9	ccci_md_all.ko
power_supply_get_property	0xa670b0f9	extcon-mtk-usb.ko
power_supply_get_property	0xa670b0f9	ft8057m_spi.ko
power_supply_get_property	0xa670b0f9	ft8057p_spi.ko
power_supply_get_property	0xa670b0f9	icnl9916_spi.ko
power_supply_get_property	0xa670b0f9	lc_charger_sysfs.ko
power_supply_get_property	0xa670b0f9	mt6358_battery.ko
power_supply_get_property	0xa670b0f9	mt635x-auxadc.ko
power_supply_get_property	0xa670b0f9	mt6370-charger.ko
power_supply_get_property	0xa670b0f9	mtk_battery_manager.ko
power_supply_get_property	0xa670b0f9	mtk_bp_thl.ko
power_supply_get_property	0xa670b0f9	mtk_charger_framework.ko
power_supply_get_property	0xa670b0f9	mtk_dynamic_loading_throttling.ko
power_supply_get_property	0xa670b0f9	mtk_fpsgo.ko
power_supply_get_property	0xa670b0f9	mtk_low_battery_throttling.ko
power_supply_get_property	0xa670b0f9	mtk_pbm.ko
power_supply_get_property	0xa670b0f9	mtk_pd_charging.ko
power_supply_get_property	0xa670b0f9	mtk_peak_power_budget.ko
power_supply_get_property	0xa670b0f9	mtk_pep.ko
power_supply_get_property	0xa670b0f9	mtk_pep20.ko
power_supply_get_property	0xa670b0f9	mtk_pep40.ko
power_supply_get_property	0xa670b0f9	mtk_perf_common.ko
power_supply_get_property	0xa670b0f9	nt36528_spi.ko
power_supply_get_property	0xa670b0f9	tcpc_class.ko
power_supply_get_property	0xa670b0f9	thermal_monitor.ko
power_supply_get_property	0xa670b0f9	xm_smart_chg.ko
power_supply_put	0x2100282f	mt6358_battery.ko
power_supply_put	0x2100282f	mtk_battery_manager.ko
power_supply_put	0x2100282f	upm6920_charger.ko
power_supply_reg_notifier	0x725b192d	extcon-mtk-usb.ko
power_supply_reg_notifier	0x725b192d	ft8057m_spi.ko
power_supply_reg_notifier	0x725b192d	ft8057p_spi.ko
power_supply_reg_notifier	0x725b192d	icnl9916_spi.ko
power_supply_reg_notifier	0x725b192d	lc_charger_sysfs.ko
power_supply_reg_notifier	0x725b192d	mtk_bp_thl.ko
power_supply_reg_notifier	0x725b192d	mtk_low_battery_throttling.ko
power_supply_reg_notifier	0x725b192d	mtk_pbm.ko
power_supply_reg_notifier	0x725b192d	mtk_peak_power_budget.ko
power_supply_reg_notifier	0x725b192d	nt36528_spi.ko
power_supply_reg_notifier	0x725b192d	tcpc_class.ko
power_supply_reg_notifier	0x725b192d	xm_smart_chg.ko
power_supply_register	0xc5638d26	lc_charger_sysfs.ko
power_supply_register	0xc5638d26	mt6358_battery.ko
power_supply_register	0xc5638d26	mtk_battery_manager.ko
power_supply_register	0xc5638d26	mtk_charger_framework.ko
power_supply_set_property	0xc44520d2	leds-mt6370-flash.ko
power_supply_set_property	0xc44520d2	mt6358_battery.ko
power_supply_set_property	0xc44520d2	mt6370-charger.ko
power_supply_set_property	0xc44520d2	mtk_charger_cooling.ko
power_supply_set_property	0xc44520d2	mtk_charger_framework.ko
power_supply_set_property	0xc44520d2	mtk_chg_type_det.ko
power_supply_set_property	0xc44520d2	mtk_dynamic_loading_throttling.ko
power_supply_set_property	0xc44520d2	mtk_low_battery_throttling.ko
power_supply_set_property	0xc44520d2	mtk_pep40.ko
power_supply_set_property	0xc44520d2	thermal_monitor.ko
power_supply_unreg_notifier	0x9551266c	ft8057m_spi.ko
power_supply_unreg_notifier	0x9551266c	ft8057p_spi.ko
power_supply_unreg_notifier	0x9551266c	icnl9916_spi.ko
power_supply_unreg_notifier	0x9551266c	nt36528_spi.ko
power_supply_unregister	0x546079a9	lc_charger_sysfs.ko
power_supply_unregister	0x546079a9	sgm41543_charger.ko
powerhal_adpf_close_fp	0xb33fa2f6	powerhal_cpu_ctrl.ko
powerhal_adpf_create_session_hint_fp	0x5807438a	powerhal_cpu_ctrl.ko
powerhal_adpf_get_hint_session_preferred_rate_fp	0xb1515988	powerhal_cpu_ctrl.ko
powerhal_adpf_pause_fp	0x8dc0ef24	powerhal_cpu_ctrl.ko
powerhal_adpf_report_actual_work_duration_fp	0x8800706c	powerhal_cpu_ctrl.ko
powerhal_adpf_resume_fp	0xc0d1cb03	powerhal_cpu_ctrl.ko
powerhal_adpf_sent_hint_fp	0xfd4fc39a	powerhal_cpu_ctrl.ko
powerhal_adpf_set_threads_fp	0xa070e3c4	powerhal_cpu_ctrl.ko
powerhal_adpf_update_work_duration_fp	0x34ee6a2f	powerhal_cpu_ctrl.ko
powerhal_dsu_sport_mode_fp	0x493844a0	powerhal_cpu_ctrl.ko
ppm_find_pwr_idx	0x261d52f1	thermal_monitor.ko
preempt_schedule	0x43b0c9c3	ccci_util_lib.ko
preempt_schedule	0x43b0c9c3	cmdq-sec-drv.ko
preempt_schedule	0x43b0c9c3	ged.ko
preempt_schedule	0x43b0c9c3	gz_ipc_mod.ko
preempt_schedule	0x43b0c9c3	gz_trusty_mod.ko
preempt_schedule	0x43b0c9c3	mac80211.ko
preempt_schedule	0x43b0c9c3	mali_kbase_mt6768_r49.ko
preempt_schedule	0x43b0c9c3	mcdi.ko
preempt_schedule	0x43b0c9c3	memory-amms.ko
preempt_schedule	0x43b0c9c3	met.ko
preempt_schedule	0x43b0c9c3	mmprofile.ko
preempt_schedule	0x43b0c9c3	mrdump.ko
preempt_schedule	0x43b0c9c3	mtk-cmdq-drv-ext.ko
preempt_schedule	0x43b0c9c3	mtk_fpsgo.ko
preempt_schedule	0x43b0c9c3	mtk_sec_heap.ko
preempt_schedule	0x43b0c9c3	scheduler.ko
preempt_schedule	0x43b0c9c3	wlan_drv_gen4m_6768.ko
preempt_schedule	0x43b0c9c3	zram.ko
preempt_schedule	0x43b0c9c3	zsmalloc.ko
preempt_schedule_notrace	0xf70e4a4d	CPU_DVFS.ko
preempt_schedule_notrace	0xf70e4a4d	MTK_INTERNAL_SPM.ko
preempt_schedule_notrace	0xf70e4a4d	aee_aed.ko
preempt_schedule_notrace	0xf70e4a4d	blocktag.ko
preempt_schedule_notrace	0xf70e4a4d	bt_drv_connac1x.ko
preempt_schedule_notrace	0xf70e4a4d	cfg80211.ko
preempt_schedule_notrace	0xf70e4a4d	cpufreq_sugov_ext.ko
preempt_schedule_notrace	0xf70e4a4d	ged.ko
preempt_schedule_notrace	0xf70e4a4d	mac80211.ko
preempt_schedule_notrace	0xf70e4a4d	mali_kbase_mt6768_r49.ko
preempt_schedule_notrace	0xf70e4a4d	mediatek-drm.ko
preempt_schedule_notrace	0xf70e4a4d	met.ko
preempt_schedule_notrace	0xf70e4a4d	mmqos-common.ko
preempt_schedule_notrace	0xf70e4a4d	mtk-dvfsrc-regulator.ko
preempt_schedule_notrace	0xf70e4a4d	mtk-emi.ko
preempt_schedule_notrace	0xf70e4a4d	mtk-icc-core.ko
preempt_schedule_notrace	0xf70e4a4d	mtk-mbox.ko
preempt_schedule_notrace	0xf70e4a4d	mtk-mmdvfs-ftrace.ko
preempt_schedule_notrace	0xf70e4a4d	mtk_cpu_power_throttling.ko
preempt_schedule_notrace	0xf70e4a4d	mtk_fpsgo.ko
preempt_schedule_notrace	0xf70e4a4d	mtk_low_battery_throttling.ko
preempt_schedule_notrace	0xf70e4a4d	mtk_peak_power_budget.ko
preempt_schedule_notrace	0xf70e4a4d	mtk_perf_common.ko
preempt_schedule_notrace	0xf70e4a4d	mtk_ppm_v3.ko
preempt_schedule_notrace	0xf70e4a4d	musb_hdrc.ko
preempt_schedule_notrace	0xf70e4a4d	powerhal_cpu_ctrl.ko
preempt_schedule_notrace	0xf70e4a4d	scheduler.ko
preempt_schedule_notrace	0xf70e4a4d	system_heap.ko
preempt_schedule_notrace	0xf70e4a4d	thermal_monitor.ko
preempt_schedule_notrace	0xf70e4a4d	timer-mediatek.ko
preempt_schedule_notrace	0xf70e4a4d	touch_boost.ko
preempt_schedule_notrace	0xf70e4a4d	trace_mmstat.ko
preempt_schedule_notrace	0xf70e4a4d	ufs-mediatek-mod.ko
preempt_schedule_notrace	0xf70e4a4d	wmt_chrdev_wifi.ko
preempt_schedule_notrace	0xf70e4a4d	zsmalloc.ko
prepare_to_wait_event	0x8c26d495	atf_logger.ko
prepare_to_wait_event	0x8c26d495	bt_drv_connac1x.ko
prepare_to_wait_event	0x8c26d495	camera_dpe_isp40.ko
prepare_to_wait_event	0x8c26d495	camera_fdvt_isp40.ko
prepare_to_wait_event	0x8c26d495	camera_isp_4_t.ko
prepare_to_wait_event	0x8c26d495	ccci_cldma.ko
prepare_to_wait_event	0x8c26d495	ccci_md_all.ko
prepare_to_wait_event	0x8c26d495	ccci_util_lib.ko
prepare_to_wait_event	0x8c26d495	ccu_isp4.ko
prepare_to_wait_event	0x8c26d495	cfg80211.ko
prepare_to_wait_event	0x8c26d495	cqhci.ko
prepare_to_wait_event	0x8c26d495	drm_display_helper.ko
prepare_to_wait_event	0x8c26d495	fmradio_drv_mt6631.ko
prepare_to_wait_event	0x8c26d495	ft8057m_spi.ko
prepare_to_wait_event	0x8c26d495	ft8057p_spi.ko
prepare_to_wait_event	0x8c26d495	gps_drv_stp.ko
prepare_to_wait_event	0x8c26d495	gz_ipc_mod.ko
prepare_to_wait_event	0x8c26d495	isee.ko
prepare_to_wait_event	0x8c26d495	mali_kbase_mt6768_r49.ko
prepare_to_wait_event	0x8c26d495	mcDrvModule.ko
prepare_to_wait_event	0x8c26d495	mdp_drv_mt6768.ko
prepare_to_wait_event	0x8c26d495	mediatek-drm.ko
prepare_to_wait_event	0x8c26d495	mediatek_eem.ko
prepare_to_wait_event	0x8c26d495	mmqos-common.ko
prepare_to_wait_event	0x8c26d495	monitor_hang.ko
prepare_to_wait_event	0x8c26d495	mt6358_battery.ko
prepare_to_wait_event	0x8c26d495	mt6370-charger.ko
prepare_to_wait_event	0x8c26d495	mtk-btcvsd.ko
prepare_to_wait_event	0x8c26d495	mtk-cmdq-drv-ext.ko
prepare_to_wait_event	0x8c26d495	mtk-mml.ko
prepare_to_wait_event	0x8c26d495	mtk-vcodec-common.ko
prepare_to_wait_event	0x8c26d495	mtk-vcodec-dec-v1.ko
prepare_to_wait_event	0x8c26d495	mtk-vcodec-enc-v1.ko
prepare_to_wait_event	0x8c26d495	mtk-vcu.ko
prepare_to_wait_event	0x8c26d495	mtk_battery_manager.ko
prepare_to_wait_event	0x8c26d495	mtk_bp_thl.ko
prepare_to_wait_event	0x8c26d495	mtk_charger_framework.ko
prepare_to_wait_event	0x8c26d495	mtk_chg_type_det.ko
prepare_to_wait_event	0x8c26d495	mtk_dynamic_loading_throttling.ko
prepare_to_wait_event	0x8c26d495	mtk_fpsgo.ko
prepare_to_wait_event	0x8c26d495	mtk_low_battery_throttling.ko
prepare_to_wait_event	0x8c26d495	nxp_i2c.ko
prepare_to_wait_event	0x8c26d495	sensorHub.ko
prepare_to_wait_event	0x8c26d495	sil_fingerprint.ko
prepare_to_wait_event	0x8c26d495	snd-soc-sipa-tuning.ko
prepare_to_wait_event	0x8c26d495	system_heap.ko
prepare_to_wait_event	0x8c26d495	tcpc_class.ko
prepare_to_wait_event	0x8c26d495	touch_boost.ko
prepare_to_wait_event	0x8c26d495	wlan_drv_gen4m_6768.ko
prepare_to_wait_event	0x8c26d495	wmt_drv.ko
prepare_to_wait_event	0x8c26d495	xm_smart_chg.ko
print_hex_dump	0x167c5967	drm_display_helper.ko
print_hex_dump	0x167c5967	mdp_drv_mt6768.ko
print_hex_dump	0x167c5967	mediatek-drm.ko
print_hex_dump	0x167c5967	rpmb-mtk.ko
print_hex_dump	0x167c5967	ufs-mediatek-mod.ko
print_subsys_reg_mt6768	0x380e868c	pd-chk-mt6768.ko
proc_create	0xda0ee66a	CPU_DVFS.ko
proc_create	0xda0ee66a	Upower.ko
proc_create	0xda0ee66a	aee_aed.ko
proc_create	0xda0ee66a	atf_logger.ko
proc_create	0xda0ee66a	blocktag.ko
proc_create	0xda0ee66a	bootprof.ko
proc_create	0xda0ee66a	bt_drv_connac1x.ko
proc_create	0xda0ee66a	camera_isp_4_t.ko
proc_create	0xda0ee66a	camera_mem.ko
proc_create	0xda0ee66a	ccci_md_all.ko
proc_create	0xda0ee66a	ccci_util_lib.ko
proc_create	0xda0ee66a	clk-common.ko
proc_create	0xda0ee66a	conn_md_drv.ko
proc_create	0xda0ee66a	cpumaxfreq.ko
proc_create	0xda0ee66a	device-apc-mt6768.ko
proc_create	0xda0ee66a	fmradio_drv_mt6631.ko
proc_create	0xda0ee66a	ft8057m_spi.ko
proc_create	0xda0ee66a	ft8057p_spi.ko
proc_create	0xda0ee66a	ged.ko
proc_create	0xda0ee66a	gf_fingerprint.ko
proc_create	0xda0ee66a	imgsensor_isp4_t.ko
proc_create	0xda0ee66a	log_store.ko
proc_create	0xda0ee66a	mali_kbase_mt6768_r49.ko
proc_create	0xda0ee66a	mcdi.ko
proc_create	0xda0ee66a	mediatek-drm.ko
proc_create	0xda0ee66a	mediatek_eem.ko
proc_create	0xda0ee66a	mediatek_static_power.ko
proc_create	0xda0ee66a	met.ko
proc_create	0xda0ee66a	mi_memory.ko
proc_create	0xda0ee66a	millet_core.ko
proc_create	0xda0ee66a	mmprofile.ko
proc_create	0xda0ee66a	mmqos-common.ko
proc_create	0xda0ee66a	mrdump.ko
proc_create	0xda0ee66a	mtk-cmdq-drv-ext.ko
proc_create	0xda0ee66a	mtk-mmc-dbg.ko
proc_create	0xda0ee66a	mtk-mmdvfs-debug.ko
proc_create	0xda0ee66a	mtk_gpu_qos.ko
proc_create	0xda0ee66a	mtk_gpufreq_wrapper_legacy.ko
proc_create	0xda0ee66a	mtk_ioctl_powerhal.ko
proc_create	0xda0ee66a	mtk_ioctl_touch_boost.ko
proc_create	0xda0ee66a	mtk_mdpm_v1.ko
proc_create	0xda0ee66a	mtk_pbm.ko
proc_create	0xda0ee66a	mtk_peak_power_budget.ko
proc_create	0xda0ee66a	mtk_perf_ioctl.ko
proc_create	0xda0ee66a	mtk_ppm_v3.ko
proc_create	0xda0ee66a	mtk_printk_ctrl.ko
proc_create	0xda0ee66a	mtk_spi.ko
proc_create	0xda0ee66a	nt36528_spi.ko
proc_create	0xda0ee66a	perf_helper.ko
proc_create	0xda0ee66a	perfhelper.ko
proc_create	0xda0ee66a	pidmap.ko
proc_create	0xda0ee66a	powerhal_cpu_ctrl.ko
proc_create	0xda0ee66a	scheduler.ko
proc_create	0xda0ee66a	scp.ko
proc_create	0xda0ee66a	sec-rng.ko
proc_create	0xda0ee66a	sec.ko
proc_create	0xda0ee66a	sil_fingerprint.ko
proc_create	0xda0ee66a	teeperf.ko
proc_create	0xda0ee66a	thermal_monitor.ko
proc_create	0xda0ee66a	touch_boost.ko
proc_create	0xda0ee66a	ufs-mediatek-dbg.ko
proc_create	0xda0ee66a	uload_ind.ko
proc_create	0xda0ee66a	wmt_drv.ko
proc_create_data	0xfb9270b9	CPU_DVFS.ko
proc_create_data	0xfb9270b9	MTK_INTERNAL_SPM.ko
proc_create_data	0xfb9270b9	aee_aed.ko
proc_create_data	0xfb9270b9	extcon-mtk-usb.ko
proc_create_data	0xfb9270b9	ft8057m_spi.ko
proc_create_data	0xfb9270b9	ft8057p_spi.ko
proc_create_data	0xfb9270b9	gz_log_mod.ko
proc_create_data	0xfb9270b9	icnl9916_spi.ko
proc_create_data	0xfb9270b9	iommu_debug.ko
proc_create_data	0xfb9270b9	lct_tp.ko
proc_create_data	0xfb9270b9	mediatek-drm.ko
proc_create_data	0xfb9270b9	mediatek_eem.ko
proc_create_data	0xfb9270b9	mtk-mml.ko
proc_create_data	0xfb9270b9	mtk_battery_oc_throttling.ko
proc_create_data	0xfb9270b9	mtk_charger_framework.ko
proc_create_data	0xfb9270b9	mtk_heap_debug.ko
proc_create_data	0xfb9270b9	mtk_ppm_v3.ko
proc_create_data	0xfb9270b9	musb_hdrc.ko
proc_create_data	0xfb9270b9	phy-mtk-tphy.ko
proc_create_data	0xfb9270b9	pinctrl-mtk-common-v2_debug.ko
proc_create_data	0xfb9270b9	thermal_monitor.ko
proc_dointvec_minmax	0x2801a22f	ccmni.ko
proc_mkdir	0x8b0dcbe9	CPU_DVFS.ko
proc_mkdir	0x8b0dcbe9	MTK_INTERNAL_SPM.ko
proc_mkdir	0x8b0dcbe9	Upower.ko
proc_mkdir	0x8b0dcbe9	aee_aed.ko
proc_mkdir	0x8b0dcbe9	atf_logger.ko
proc_mkdir	0x8b0dcbe9	blocktag.ko
proc_mkdir	0x8b0dcbe9	camera_isp_4_t.ko
proc_mkdir	0x8b0dcbe9	cpufreq_sugov_ext.ko
proc_mkdir	0x8b0dcbe9	extcon-mtk-usb.ko
proc_mkdir	0x8b0dcbe9	iommu_debug.ko
proc_mkdir	0x8b0dcbe9	mali_kbase_mt6768_r49.ko
proc_mkdir	0x8b0dcbe9	mcdi.ko
proc_mkdir	0x8b0dcbe9	mediatek-drm.ko
proc_mkdir	0x8b0dcbe9	mediatek_eem.ko
proc_mkdir	0x8b0dcbe9	mediatek_static_power.ko
proc_mkdir	0x8b0dcbe9	met.ko
proc_mkdir	0x8b0dcbe9	millet_core.ko
proc_mkdir	0x8b0dcbe9	mmprofile.ko
proc_mkdir	0x8b0dcbe9	mmqos-common.ko
proc_mkdir	0x8b0dcbe9	mrdump.ko
proc_mkdir	0x8b0dcbe9	mtk-cmdq-drv-ext.ko
proc_mkdir	0x8b0dcbe9	mtk-mmdvfs-debug.ko
proc_mkdir	0x8b0dcbe9	mtk_battery_oc_throttling.ko
proc_mkdir	0x8b0dcbe9	mtk_charger_framework.ko
proc_mkdir	0x8b0dcbe9	mtk_gpu_qos.ko
proc_mkdir	0x8b0dcbe9	mtk_gpufreq_wrapper_legacy.ko
proc_mkdir	0x8b0dcbe9	mtk_heap_debug.ko
proc_mkdir	0x8b0dcbe9	mtk_ioctl_powerhal.ko
proc_mkdir	0x8b0dcbe9	mtk_ioctl_touch_boost.ko
proc_mkdir	0x8b0dcbe9	mtk_mdpm_v1.ko
proc_mkdir	0x8b0dcbe9	mtk_pbm.ko
proc_mkdir	0x8b0dcbe9	mtk_peak_power_budget.ko
proc_mkdir	0x8b0dcbe9	mtk_perf_ioctl.ko
proc_mkdir	0x8b0dcbe9	mtk_ppm_v3.ko
proc_mkdir	0x8b0dcbe9	musb_hdrc.ko
proc_mkdir	0x8b0dcbe9	phy-mtk-tphy.ko
proc_mkdir	0x8b0dcbe9	pinctrl-mtk-common-v2_debug.ko
proc_mkdir	0x8b0dcbe9	powerhal_cpu_ctrl.ko
proc_mkdir	0x8b0dcbe9	scheduler.ko
proc_mkdir	0x8b0dcbe9	scp.ko
proc_mkdir	0x8b0dcbe9	thermal_monitor.ko
proc_mkdir	0x8b0dcbe9	touch_boost.ko
proc_mkdir	0x8b0dcbe9	uload_ind.ko
proc_mkdir	0x8b0dcbe9	wlan_drv_gen4m_6768.ko
proc_remove	0xc4441455	MTK_INTERNAL_SPM.ko
proc_remove	0xc4441455	blocktag.ko
proc_remove	0xc4441455	bt_drv_connac1x.ko
proc_remove	0xc4441455	conn_md_drv.ko
proc_remove	0xc4441455	cpumaxfreq.ko
proc_remove	0xc4441455	ft8057m_spi.ko
proc_remove	0xc4441455	ft8057p_spi.ko
proc_remove	0xc4441455	gz_log_mod.ko
proc_remove	0xc4441455	log_store.ko
proc_remove	0xc4441455	mediatek-drm.ko
proc_remove	0xc4441455	met.ko
proc_remove	0xc4441455	mmprofile.ko
proc_remove	0xc4441455	mtk-mml.ko
proc_remove	0xc4441455	mtk_heap_debug.ko
proc_remove	0xc4441455	mtk_printk_ctrl.ko
proc_remove	0xc4441455	musb_hdrc.ko
proc_remove	0xc4441455	phy-mtk-tphy.ko
proc_remove	0xc4441455	pidmap.ko
proc_remove	0xc4441455	thermal_monitor.ko
proc_remove	0xc4441455	wmt_drv.ko
proc_set_user	0x0293557a	blocktag.ko
proc_set_user	0x0293557a	mtk-mmc-dbg.ko
proc_set_user	0x0293557a	mtk_heap_debug.ko
proc_set_user	0x0293557a	pidmap.ko
proc_set_user	0x0293557a	pinctrl-mtk-common-v2_debug.ko
proc_set_user	0x0293557a	thermal_monitor.ko
proc_set_user	0x0293557a	ufs-mediatek-dbg.ko
proc_set_user	0x0293557a	wlan_drv_gen4m_6768.ko
ps_cali_report	0xaeb12dd5	alspshub.ko
ps_data_report_t	0x90429bad	alspshub.ko
ps_flush_report	0x90abe1f7	alspshub.ko
ps_register_control_path	0x9f6a0647	alspshub.ko
ps_register_data_path	0x8e095863	alspshub.ko
ps_send_touch_event_probe	0x6620b344	alspshub.ko
ps_send_touch_event_probe	0x6620b344	ft8057m_spi.ko
ps_send_touch_event_probe	0x6620b344	ft8057p_spi.ko
ps_send_touch_event_probe	0x6620b344	icnl9916_spi.ko
ps_send_touch_event_probe	0x6620b344	nt36528_spi.ko
pskb_expand_head	0x4e4a78f3	mac80211.ko
put_device	0x753efb34	cfg80211.ko
put_device	0x753efb34	isee.ko
put_device	0x753efb34	mali_kbase_mt6768_r49.ko
put_device	0x753efb34	mediatek-drm.ko
put_device	0x753efb34	mtk_jpeg.ko
put_device	0x753efb34	rpmb.ko
put_device	0x753efb34	scheduler.ko
put_device	0x753efb34	spi-mt65xx.ko
put_disk	0xeeb2df92	zram.ko
put_pid	0xc8ce1450	mali_kbase_mt6768_r49.ko
put_pid	0xc8ce1450	monitor_hang.ko
put_pid	0xc8ce1450	mtk_heap_debug.ko
put_unused_fd	0x3f4547a7	ged.ko
put_unused_fd	0x3f4547a7	mdp_drv_mt6768.ko
put_unused_fd	0x3f4547a7	mtk_sync.ko
pwm_apply_state	0xef40c187	leds-mtk-pwm.ko
pwm_set_spec_config	0xa54c8591	mtk_irtx_pwm.ko
pwmchip_add	0xaf245fc4	pwm-mtk-disp.ko
pwmchip_remove	0x8ba10795	pwm-mtk-disp.ko
qos_ipi_to_sspm_command	0x19994a93	mtk_gpu_qos.ko
qos_sram_read	0xdde97e81	mtk_perf_common.ko
query_binder_app_stat	0x1257f8cd	millet_binder.ko
queue_delayed_work_on	0xbf57e89e	bt_drv_connac1x.ko
queue_delayed_work_on	0xbf57e89e	c2k_usb.ko
queue_delayed_work_on	0xbf57e89e	ccci_cldma.ko
queue_delayed_work_on	0xbf57e89e	ccci_md_all.ko
queue_delayed_work_on	0xbf57e89e	ccmni.ko
queue_delayed_work_on	0xbf57e89e	cfg80211.ko
queue_delayed_work_on	0xbf57e89e	extcon-mtk-usb.ko
queue_delayed_work_on	0xbf57e89e	ft8057m_spi.ko
queue_delayed_work_on	0xbf57e89e	ft8057p_spi.ko
queue_delayed_work_on	0xbf57e89e	icnl9916_spi.ko
queue_delayed_work_on	0xbf57e89e	load_track.ko
queue_delayed_work_on	0xbf57e89e	mac80211.ko
queue_delayed_work_on	0xbf57e89e	mali_kbase_mt6768_r49.ko
queue_delayed_work_on	0xbf57e89e	mdp_drv_mt6768.ko
queue_delayed_work_on	0xbf57e89e	mediatek-drm.ko
queue_delayed_work_on	0xbf57e89e	met.ko
queue_delayed_work_on	0xbf57e89e	mmqos-common.ko
queue_delayed_work_on	0xbf57e89e	mrdump.ko
queue_delayed_work_on	0xbf57e89e	mt6358-regulator.ko
queue_delayed_work_on	0xbf57e89e	mt6370-charger.ko
queue_delayed_work_on	0xbf57e89e	mtk-vcodec-dec-v1.ko
queue_delayed_work_on	0xbf57e89e	mtk_cm_mgr.ko
queue_delayed_work_on	0xbf57e89e	mtk_cm_mgr_mt6768.ko
queue_delayed_work_on	0xbf57e89e	mtk_gpu_qos.ko
queue_delayed_work_on	0xbf57e89e	mtk_jpeg.ko
queue_delayed_work_on	0xbf57e89e	mtk_perf_common.ko
queue_delayed_work_on	0xbf57e89e	musb_hdrc.ko
queue_delayed_work_on	0xbf57e89e	nt36528_spi.ko
queue_delayed_work_on	0xbf57e89e	pd_dbg_info.ko
queue_delayed_work_on	0xbf57e89e	pmic_lbat_service.ko
queue_delayed_work_on	0xbf57e89e	sgm41543_charger.ko
queue_delayed_work_on	0xbf57e89e	snd-soc-fs15xx.ko
queue_delayed_work_on	0xbf57e89e	tcpc_class.ko
queue_delayed_work_on	0xbf57e89e	thermal_monitor.ko
queue_delayed_work_on	0xbf57e89e	trace_mmstat.ko
queue_delayed_work_on	0xbf57e89e	trusted_mem.ko
queue_delayed_work_on	0xbf57e89e	ufs-mediatek-mod.ko
queue_delayed_work_on	0xbf57e89e	upm6920_charger.ko
queue_delayed_work_on	0xbf57e89e	usb_meta.ko
queue_delayed_work_on	0xbf57e89e	wlan_drv_gen4m_6768.ko
queue_work_on	0x732ac580	8250_mtk.ko
queue_work_on	0x732ac580	MTK_INTERNAL_SPM.ko
queue_work_on	0x732ac580	accel_common.ko
queue_work_on	0x732ac580	accelhub.ko
queue_work_on	0x732ac580	aee_aed.ko
queue_work_on	0x732ac580	aee_hangdet.ko
queue_work_on	0x732ac580	alsps_common.ko
queue_work_on	0x732ac580	alspshub.ko
queue_work_on	0x732ac580	baro_common.ko
queue_work_on	0x732ac580	blocktag.ko
queue_work_on	0x732ac580	btif_drv.ko
queue_work_on	0x732ac580	c2k_usb.ko
queue_work_on	0x732ac580	cache-parity.ko
queue_work_on	0x732ac580	camera_dpe_isp40.ko
queue_work_on	0x732ac580	camera_isp_4_t.ko
queue_work_on	0x732ac580	ccci_ccif.ko
queue_work_on	0x732ac580	ccci_cldma.ko
queue_work_on	0x732ac580	ccci_fsm_scp.ko
queue_work_on	0x732ac580	ccci_md_all.ko
queue_work_on	0x732ac580	cfg80211.ko
queue_work_on	0x732ac580	cmdq-bdg-mailbox.ko
queue_work_on	0x732ac580	cmdq-sec-drv.ko
queue_work_on	0x732ac580	connadp.ko
queue_work_on	0x732ac580	dbg_error_flag.ko
queue_work_on	0x732ac580	drm_display_helper.ko
queue_work_on	0x732ac580	emimpu.ko
queue_work_on	0x732ac580	flashlight.ko
queue_work_on	0x732ac580	fmradio_drv_mt6631.ko
queue_work_on	0x732ac580	ft8057m_spi.ko
queue_work_on	0x732ac580	ft8057p_spi.ko
queue_work_on	0x732ac580	ged.ko
queue_work_on	0x732ac580	gf_fingerprint.ko
queue_work_on	0x732ac580	gyro_common.ko
queue_work_on	0x732ac580	gyrohub.ko
queue_work_on	0x732ac580	icnl9916_spi.ko
queue_work_on	0x732ac580	mac80211.ko
queue_work_on	0x732ac580	mag_common.ko
queue_work_on	0x732ac580	maghub.ko
queue_work_on	0x732ac580	mali_kbase_mt6768_r49.ko
queue_work_on	0x732ac580	mcDrvModule.ko
queue_work_on	0x732ac580	mdp_drv_mt6768.ko
queue_work_on	0x732ac580	mediatek-drm.ko
queue_work_on	0x732ac580	miev.ko
queue_work_on	0x732ac580	mt6358-accdet.ko
queue_work_on	0x732ac580	mt6358_battery.ko
queue_work_on	0x732ac580	mt6370-charger.ko
queue_work_on	0x732ac580	mtk-cmdq-drv-ext.ko
queue_work_on	0x732ac580	mtk-mmc.ko
queue_work_on	0x732ac580	mtk-mmdvfs-debug.ko
queue_work_on	0x732ac580	mtk-mml.ko
queue_work_on	0x732ac580	mtk-vcodec-common.ko
queue_work_on	0x732ac580	mtk-vcodec-dec-v1.ko
queue_work_on	0x732ac580	mtk-vcodec-enc-v1.ko
queue_work_on	0x732ac580	mtk_bp_thl.ko
queue_work_on	0x732ac580	mtk_fpsgo.ko
queue_work_on	0x732ac580	mtk_low_battery_throttling.ko
queue_work_on	0x732ac580	mtk_peak_power_budget.ko
queue_work_on	0x732ac580	mtk_spi.ko
queue_work_on	0x732ac580	mtk_u_ether.ko
queue_work_on	0x732ac580	musb_boost.ko
queue_work_on	0x732ac580	musb_hdrc.ko
queue_work_on	0x732ac580	nt36528_spi.ko
queue_work_on	0x732ac580	regulator-vibrator.ko
queue_work_on	0x732ac580	rtc-mt6397.ko
queue_work_on	0x732ac580	scheduler.ko
queue_work_on	0x732ac580	scp.ko
queue_work_on	0x732ac580	sensorHub.ko
queue_work_on	0x732ac580	sensor_list.ko
queue_work_on	0x732ac580	sil_fingerprint.ko
queue_work_on	0x732ac580	sspm_v1.ko
queue_work_on	0x732ac580	step_counter.ko
queue_work_on	0x732ac580	tcpc_class.ko
queue_work_on	0x732ac580	touch_boost.ko
queue_work_on	0x732ac580	ufs-mediatek-dbg.ko
queue_work_on	0x732ac580	ufs-mediatek-mod.ko
queue_work_on	0x732ac580	usb_meta.ko
queue_work_on	0x732ac580	wlan_drv_gen4m_6768.ko
queue_work_on	0x732ac580	wmt_drv.ko
queue_work_on	0x732ac580	zsmalloc.ko
raw_notifier_call_chain	0xcaec9cda	MTK_INTERNAL_SPM.ko
raw_notifier_call_chain	0xcaec9cda	mtk-afe-external.ko
raw_notifier_call_chain	0xcaec9cda	mtk-smi-dbg.ko
raw_notifier_call_chain	0xcaec9cda	mtk-smi.ko
raw_notifier_chain_register	0x354cf7b5	MTK_INTERNAL_SPM.ko
raw_notifier_chain_register	0x354cf7b5	mtk-afe-external.ko
raw_notifier_chain_register	0x354cf7b5	mtk-smi-dbg.ko
raw_notifier_chain_register	0x354cf7b5	mtk-smi.ko
raw_notifier_chain_unregister	0x07629943	MTK_INTERNAL_SPM.ko
raw_notifier_chain_unregister	0x07629943	mtk-afe-external.ko
raw_notifier_chain_unregister	0x07629943	mtk-smi-dbg.ko
raw_notifier_chain_unregister	0x07629943	mtk-smi.ko
raw_spin_rq_lock_nested	0x4b8c4ea1	scheduler.ko
raw_spin_rq_unlock	0x32a34ea8	scheduler.ko
rawbulk_alloc	0x3d882ef5	c2k_usb_f_via_atc.ko
rawbulk_alloc	0x3d882ef5	c2k_usb_f_via_ets.ko
rawbulk_alloc	0x3d882ef5	c2k_usb_f_via_modem.ko
rb_erase	0x4d9b652b	cfg80211.ko
rb_erase	0x4d9b652b	ged.ko
rb_erase	0x4d9b652b	iommu_debug.ko
rb_erase	0x4d9b652b	mali_kbase_mt6768_r49.ko
rb_erase	0x4d9b652b	mdp_drv_mt6768.ko
rb_erase	0x4d9b652b	mtk_fpsgo.ko
rb_erase	0x4d9b652b	mtk_heap_debug.ko
rb_erase	0x4d9b652b	mtk_sync.ko
rb_first	0xece784c2	binder_gki.ko
rb_first	0xece784c2	iommu_debug.ko
rb_first	0xece784c2	mali_kbase_mt6768_r49.ko
rb_first	0xece784c2	mtk_fpsgo.ko
rb_first	0xece784c2	mtk_heap_debug.ko
rb_insert_color	0xa5526619	cfg80211.ko
rb_insert_color	0xa5526619	ged.ko
rb_insert_color	0xa5526619	iommu_debug.ko
rb_insert_color	0xa5526619	mali_kbase_mt6768_r49.ko
rb_insert_color	0xa5526619	mdp_drv_mt6768.ko
rb_insert_color	0xa5526619	mediatek-drm.ko
rb_insert_color	0xa5526619	mtk_fpsgo.ko
rb_insert_color	0xa5526619	mtk_heap_debug.ko
rb_insert_color	0xa5526619	mtk_sync.ko
rb_next	0xca9360b5	aee_hangdet.ko
rb_next	0xca9360b5	binder_gki.ko
rb_next	0xca9360b5	ged.ko
rb_next	0xca9360b5	iommu_debug.ko
rb_next	0xca9360b5	mali_kbase_mt6768_r49.ko
rb_next	0xca9360b5	mdp_drv_mt6768.ko
rb_next	0xca9360b5	mtk_fpsgo.ko
rb_next	0xca9360b5	mtk_heap_debug.ko
rb_next	0xca9360b5	mtk_sync.ko
rb_prev	0xf82ec573	mali_kbase_mt6768_r49.ko
rb_replace_node	0x7fe32873	mali_kbase_mt6768_r49.ko
rcu_barrier	0x60a13e90	mac80211.ko
rdev_get_dev	0xa002951e	mt6370-regulator.ko
rdev_get_dev	0xa002951e	mtk-dvfsrc-regulator.ko
rdev_get_drvdata	0xeef0a205	mt6358-regulator.ko
rdev_get_id	0x99058a73	mt6370-regulator.ko
rdev_get_id	0x99058a73	mtk-dvfsrc-regulator.ko
rdev_get_regmap	0x4ae5d522	mt6370-regulator.ko
rebuild_sched_domains	0xa65ab83d	cpufreq_sugov_ext.ko
record_sched_pd_opp2cap	0x4988428c	scheduler.ko
record_sched_pd_opp2pwr_eff	0x064660e5	scheduler.ko
refcount_dec_and_mutex_lock	0x27c95ba3	mtk-mml.ko
refcount_warn_saturate	0x0296695f	binder_gki.ko
refcount_warn_saturate	0x0296695f	cfg80211.ko
refcount_warn_saturate	0x0296695f	cpufreq_sugov_ext.ko
refcount_warn_saturate	0x0296695f	drm_display_helper.ko
refcount_warn_saturate	0x0296695f	drm_dma_helper.ko
refcount_warn_saturate	0x0296695f	ged.ko
refcount_warn_saturate	0x0296695f	gf_fingerprint.ko
refcount_warn_saturate	0x0296695f	gz_ipc_mod.ko
refcount_warn_saturate	0x0296695f	mali_kbase_mt6768_r49.ko
refcount_warn_saturate	0x0296695f	mcDrvModule.ko
refcount_warn_saturate	0x0296695f	mdp_drv_mt6768.ko
refcount_warn_saturate	0x0296695f	mediatek-drm.ko
refcount_warn_saturate	0x0296695f	millet_binder.ko
refcount_warn_saturate	0x0296695f	millet_sig.ko
refcount_warn_saturate	0x0296695f	monitor_hang.ko
refcount_warn_saturate	0x0296695f	mtk-cqdma.ko
refcount_warn_saturate	0x0296695f	mtk-mml.ko
refcount_warn_saturate	0x0296695f	mtk-vcodec-common.ko
refcount_warn_saturate	0x0296695f	mtk-vcodec-dec-v1.ko
refcount_warn_saturate	0x0296695f	mtk_fpsgo.ko
refcount_warn_saturate	0x0296695f	mtk_heap_debug.ko
refcount_warn_saturate	0x0296695f	mtk_rpmsg_mbox.ko
refcount_warn_saturate	0x0296695f	mtk_sync.ko
refcount_warn_saturate	0x0296695f	scheduler.ko
refcount_warn_saturate	0x0296695f	thermal_monitor.ko
refcount_warn_saturate	0x0296695f	wmt_drv.ko
reg_loading_tracking_sp	0x7a479b0a	uload_ind.ko
regcache_cache_only	0x5fdc629d	snd-soc-mt6768-afe.ko
regcache_mark_dirty	0x9d2aba7a	snd-soc-mt6768-afe.ko
regcache_sync	0x0aa9606e	snd-soc-mt6768-afe.ko
register_adapter_device_notifier	0x0200eb5f	mtk_charger_framework.ko
register_battery_oc_notify	0xfcab3894	flashlight.ko
register_battery_oc_notify	0xfcab3894	mtk_cpu_power_throttling.ko
register_battery_oc_notify	0xfcab3894	mtk_gpufreq_wrapper_legacy.ko
register_battery_oc_notify	0xfcab3894	mtk_md_power_throttling.ko
register_battery_oc_notify	0xfcab3894	mtk_ppm_v3.ko
register_bp_thl_md_notify	0x63e350cc	mtk_md_power_throttling.ko
register_bp_thl_notify	0x88621d9e	flashlight.ko
register_bp_thl_notify	0x88621d9e	mtk_cpu_power_throttling.ko
register_bp_thl_notify	0x88621d9e	mtk_peak_power_budget.ko
register_ccci_sys_call_back	0xafa7d906	ccci_fsm_scp.ko
register_charger_device_notifier	0xbc7efff2	mtk_charger_framework.ko
register_chg_alg_notifier	0xdae0ce92	mtk_charger_framework.ko
register_chrdev_region	0x3fd78f3b	bt_drv_connac1x.ko
register_chrdev_region	0x3fd78f3b	ccci_md_all.ko
register_chrdev_region	0x3fd78f3b	connadp.ko
register_chrdev_region	0x3fd78f3b	gps_drv_stp.ko
register_chrdev_region	0x3fd78f3b	mi_memory.ko
register_chrdev_region	0x3fd78f3b	miev.ko
register_chrdev_region	0x3fd78f3b	sec.ko
register_chrdev_region	0x3fd78f3b	wmt_chrdev_wifi.ko
register_chrdev_region	0x3fd78f3b	wmt_drv.ko
register_devapc_vio_callback	0x766260f3	ccci_md_all.ko
register_devapc_vio_callback	0x766260f3	mtk-cmdq-drv-ext.ko
register_die_notifier	0x5eb0184d	aee_aed.ko
register_die_notifier	0x5eb0184d	mrdump.ko
register_die_notifier	0x5eb0184d	mtk-dvfsrc-start.ko
register_dlpt_notify	0x67e404ca	mtk_pbm.ko
register_dvfsrc_debug_notifier	0x1eaa20eb	mtk-dvfsrc-helper.ko
register_fh_set_rate	0xbc3d2513	fhctl.ko
register_file_buf_handler	0x4e79f242	wlan_drv_gen4m_6768.ko
register_hang_callback	0x6d684e61	mtk_heap_debug.ko
register_inet6addr_notifier	0xd6c067f0	mac80211.ko
register_inetaddr_notifier	0x2578ba15	mac80211.ko
register_inetaddr_notifier	0x2578ba15	wlan_drv_gen4m_6768.ko
register_kprobe	0x0472cf3b	aee_aed.ko
register_kprobe	0x0472cf3b	aee_hangdet.ko
register_low_battery_notify	0x63e16604	connadp.ko
register_low_battery_notify	0x63e16604	flashlight.ko
register_low_battery_notify	0x63e16604	mtk_cpu_power_throttling.ko
register_low_battery_notify	0x63e16604	mtk_gpufreq_wrapper_legacy.ko
register_low_battery_notify	0x63e16604	mtk_md_power_throttling.ko
register_low_battery_notify	0x63e16604	mtk_ppm_v3.ko
register_millet_hook	0x7a084788	millet_binder.ko
register_millet_hook	0x7a084788	millet_hs.ko
register_millet_hook	0x7a084788	millet_pkg.ko
register_millet_hook	0x7a084788	millet_sig.ko
register_mmdvfs_notifier	0xadacaa18	mmqos-common.ko
register_module_notifier	0xec64a3d1	aee_aed.ko
register_module_notifier	0xec64a3d1	mrdump.ko
register_netdev	0x4c3c0e93	ccmni.ko
register_netdev	0x4c3c0e93	mtk_u_ether.ko
register_netdev	0x4c3c0e93	wlan_drv_gen4m_6768.ko
register_netdevice	0x63dc944b	cfg80211.ko
register_netdevice_notifier	0x5ad93446	cfg80211.ko
register_netdevice_notifier	0x5ad93446	mac80211.ko
register_netdevice_notifier	0x5ad93446	wlan_drv_gen4m_6768.ko
register_oom_notifier	0x74e14dc8	mali_kbase_mt6768_r49.ko
register_oom_notifier	0x74e14dc8	mtk_heap_debug.ko
register_pbm_gpu_notify	0x8124dc40	mtk_gpufreq_wrapper_legacy.ko
register_pernet_device	0x2510de7d	cfg80211.ko
register_pm_notifier	0x75966ec2	CPU_DVFS.ko
register_pm_notifier	0x75966ec2	MTK_INTERNAL_SPM.ko
register_pm_notifier	0x75966ec2	aee_hangdet.ko
register_pm_notifier	0x75966ec2	bt_drv_connac1x.ko
register_pm_notifier	0x75966ec2	camera_mem.ko
register_pm_notifier	0x75966ec2	log_store.ko
register_pm_notifier	0x75966ec2	mdp_drv_mt6768.ko
register_pm_notifier	0x75966ec2	mediatek-drm.ko
register_pm_notifier	0x75966ec2	mediatek_eem.ko
register_pm_notifier	0x75966ec2	mt6358_battery.ko
register_pm_notifier	0x75966ec2	mt6397.ko
register_pm_notifier	0x75966ec2	mtk-vcodec-dec-v1.ko
register_pm_notifier	0x75966ec2	mtk-vcodec-enc-v1.ko
register_pm_notifier	0x75966ec2	mtk-vcu.ko
register_pm_notifier	0x75966ec2	mtk_battery_manager.ko
register_pm_notifier	0x75966ec2	mtk_charger_framework.ko
register_pm_notifier	0x75966ec2	mtk_cpuhp.ko
register_pm_notifier	0x75966ec2	mtk_pbm.ko
register_pm_notifier	0x75966ec2	rtc-mt6397.ko
register_pm_notifier	0x75966ec2	scp.ko
register_pm_notifier	0x75966ec2	sensorHub.ko
register_pm_notifier	0x75966ec2	thermal_monitor.ko
register_pm_notifier	0x75966ec2	wlan_drv_gen4m_6768.ko
register_pm_notifier	0x75966ec2	wmt_drv.ko
register_reboot_notifier	0x254b636d	aee_hangdet.ko
register_reboot_notifier	0x254b636d	log_store.ko
register_reboot_notifier	0x254b636d	reboot-mode.ko
register_reboot_notifier	0x254b636d	sec.ko
register_scpsys_notifier	0xf011b5ad	mtk-dvfsrc.ko
register_set_p2p_mode_handler	0xbb6b2d71	wlan_drv_gen4m_6768.ko
register_shrinker	0x97c3f68b	mali_kbase_mt6768_r49.ko
register_shrinker	0x97c3f68b	mali_mgm_mt6768_r49.ko
register_shrinker	0x97c3f68b	system_heap.ko
register_shrinker	0x97c3f68b	zsmalloc.ko
register_spm_resource_req_func	0xdcc36a59	MTK_INTERNAL_SPM.ko
register_syscore_ops	0xb9c425de	ccci_cldma.ko
register_syscore_ops	0xb9c425de	ccci_md_all.ko
register_syscore_ops	0xb9c425de	mt635x-auxadc.ko
register_syscore_ops	0xb9c425de	scp.ko
register_sysctl_sz	0x21f93669	ccmni.ko
register_tcp_dev_notifier	0xaa66b219	extcon-mtk-usb.ko
register_tcp_dev_notifier	0xaa66b219	mtk_chg_type_det.ko
register_tcp_dev_notifier	0xaa66b219	mtk_pd_adapter.ko
register_tcp_dev_notifier	0xaa66b219	rt_pd_manager.ko
register_virtio_device	0x8cf8be73	gz_virtio_mod.ko
register_virtio_driver	0x538dc025	gz_ipc_mod.ko
register_xm_charger_dfs_notifier	0x1adff15f	xm_smart_chg.ko
regmap_bulk_read	0x07aecf50	mt6370-charger.ko
regmap_bulk_read	0x07aecf50	mtk_battery_oc_throttling.ko
regmap_bulk_read	0x07aecf50	nvmem-mt635x-efuse.ko
regmap_bulk_read	0x07aecf50	pmic_lbat_service.ko
regmap_bulk_read	0x07aecf50	rtc-mt6397.ko
regmap_bulk_write	0xacb3f024	mt6370-charger.ko
regmap_bulk_write	0xacb3f024	mtk_battery_oc_throttling.ko
regmap_bulk_write	0xacb3f024	nvmem-mt635x-efuse.ko
regmap_bulk_write	0xacb3f024	pmic_lbat_service.ko
regmap_bulk_write	0xacb3f024	rtc-mt6397.ko
regmap_field_read	0xf71a82f4	mt6370-charger.ko
regmap_field_read	0xf71a82f4	rtc-mt6397.ko
regmap_field_read	0xf71a82f4	upm6920_charger.ko
regmap_field_update_bits_base	0x5b7cb137	mt6370-charger.ko
regmap_field_update_bits_base	0x5b7cb137	rtc-mt6397.ko
regmap_field_update_bits_base	0x5b7cb137	upm6920_charger.ko
regmap_irq_get_domain	0x5ad302e1	mt6370.ko
regmap_raw_read	0xa53c9926	leds-mt6370-flash.ko
regmap_raw_read	0xa53c9926	mt6370-adc.ko
regmap_read	0x7e63d692	ccci_cldma.ko
regmap_read	0x7e63d692	ccci_md_all.ko
regmap_read	0x7e63d692	clk-common.ko
regmap_read	0x7e63d692	clkbuf.ko
regmap_read	0x7e63d692	leds-mt6370-flash.ko
regmap_read	0x7e63d692	log_store.ko
regmap_read	0x7e63d692	mt6358-accdet.ko
regmap_read	0x7e63d692	mt6358-regulator.ko
regmap_read	0x7e63d692	mt6358_battery.ko
regmap_read	0x7e63d692	mt635x-auxadc.ko
regmap_read	0x7e63d692	mt6370-adc.ko
regmap_read	0x7e63d692	mt6370-charger.ko
regmap_read	0x7e63d692	mt6370-regulator.ko
regmap_read	0x7e63d692	mt6370.ko
regmap_read	0x7e63d692	mt6397.ko
regmap_read	0x7e63d692	mt63xx-debug.ko
regmap_read	0x7e63d692	mtk-dvfsrc-helper.ko
regmap_read	0x7e63d692	mtk-pmic-keys.ko
regmap_read	0x7e63d692	mtk-scpsys.ko
regmap_read	0x7e63d692	mtk_battery_oc_throttling.ko
regmap_read	0x7e63d692	mtk_charger_framework.ko
regmap_read	0x7e63d692	mtk_dynamic_loading_throttling.ko
regmap_read	0x7e63d692	mtk_iommu.ko
regmap_read	0x7e63d692	mtk_power_gs_v1.ko
regmap_read	0x7e63d692	musb_hdrc.ko
regmap_read	0x7e63d692	nvmem-mt635x-efuse.ko
regmap_read	0x7e63d692	phy-mtk-tphy.ko
regmap_read	0x7e63d692	pinctrl-mtk-v2.ko
regmap_read	0x7e63d692	pmic_lbat_service.ko
regmap_read	0x7e63d692	rtc-mt6397.ko
regmap_read	0x7e63d692	scp.ko
regmap_read	0x7e63d692	snd-soc-mt6358.ko
regmap_read	0x7e63d692	snd-soc-mt6660.ko
regmap_read	0x7e63d692	snd-soc-mt6768-afe.ko
regmap_read	0x7e63d692	snd-soc-mtk-common.ko
regmap_read	0x7e63d692	thermal_monitor.ko
regmap_read	0x7e63d692	upm6920_charger.ko
regmap_read	0x7e63d692	wmt_drv.ko
regmap_update_bits_base	0xaea4ef9b	clk-common.ko
regmap_update_bits_base	0xaea4ef9b	clkbuf.ko
regmap_update_bits_base	0xaea4ef9b	leds-mt6370-flash.ko
regmap_update_bits_base	0xaea4ef9b	mediatek-drm.ko
regmap_update_bits_base	0xaea4ef9b	mt6358-accdet.ko
regmap_update_bits_base	0xaea4ef9b	mt6358-regulator.ko
regmap_update_bits_base	0xaea4ef9b	mt6358_battery.ko
regmap_update_bits_base	0xaea4ef9b	mt635x-auxadc.ko
regmap_update_bits_base	0xaea4ef9b	mt6370-charger.ko
regmap_update_bits_base	0xaea4ef9b	mt6370-regulator.ko
regmap_update_bits_base	0xaea4ef9b	mt6397.ko
regmap_update_bits_base	0xaea4ef9b	mtk-btcvsd.ko
regmap_update_bits_base	0xaea4ef9b	mtk-pmic-keys.ko
regmap_update_bits_base	0xaea4ef9b	mtk-pwm.ko
regmap_update_bits_base	0xaea4ef9b	mtk-scpsys.ko
regmap_update_bits_base	0xaea4ef9b	mtk_battery_oc_throttling.ko
regmap_update_bits_base	0xaea4ef9b	mtk_charger_framework.ko
regmap_update_bits_base	0xaea4ef9b	mtk_dynamic_loading_throttling.ko
regmap_update_bits_base	0xaea4ef9b	phy-mtk-tphy.ko
regmap_update_bits_base	0xaea4ef9b	pinctrl-mtk-v2.ko
regmap_update_bits_base	0xaea4ef9b	pmic_lbat_service.ko
regmap_update_bits_base	0xaea4ef9b	pmic_lvsys_notify.ko
regmap_update_bits_base	0xaea4ef9b	rtc-mt6397.ko
regmap_update_bits_base	0xaea4ef9b	scp.ko
regmap_update_bits_base	0xaea4ef9b	snd-soc-mt6358.ko
regmap_update_bits_base	0xaea4ef9b	snd-soc-mt6660.ko
regmap_update_bits_base	0xaea4ef9b	snd-soc-mt6768-afe.ko
regmap_update_bits_base	0xaea4ef9b	snd-soc-mtk-common.ko
regmap_update_bits_base	0xaea4ef9b	syscon-reboot-mode.ko
regmap_update_bits_base	0xaea4ef9b	wmt_drv.ko
regmap_write	0xa675095a	ccci_ccif.ko
regmap_write	0xa675095a	ccci_cldma.ko
regmap_write	0xa675095a	ccci_md_all.ko
regmap_write	0xa675095a	clk-common.ko
regmap_write	0xa675095a	log_store.ko
regmap_write	0xa675095a	mt6358-accdet.ko
regmap_write	0xa675095a	mt6358_battery.ko
regmap_write	0xa675095a	mt635x-auxadc.ko
regmap_write	0xa675095a	mt6370-adc.ko
regmap_write	0xa675095a	mt6370-charger.ko
regmap_write	0xa675095a	mt6397.ko
regmap_write	0xa675095a	mt63xx-debug.ko
regmap_write	0xa675095a	mtk-scpsys.ko
regmap_write	0xa675095a	mtk_power_gs_v1.ko
regmap_write	0xa675095a	musb_hdrc.ko
regmap_write	0xa675095a	nvmem-mt635x-efuse.ko
regmap_write	0xa675095a	phy-mtk-tphy.ko
regmap_write	0xa675095a	pmic_lbat_service.ko
regmap_write	0xa675095a	pmic_lvsys_notify.ko
regmap_write	0xa675095a	rtc-mt6397.ko
regmap_write	0xa675095a	scp.ko
regmap_write	0xa675095a	snd-soc-mt6358.ko
regmap_write	0xa675095a	snd-soc-mt6660.ko
regmap_write	0xa675095a	snd-soc-mt6768-afe.ko
regmap_write	0xa675095a	snd-soc-mtk-common.ko
regmap_write	0xa675095a	upm6920_charger.ko
regmap_write	0xa675095a	wmt_drv.ko
regulator_count_voltages	0x4033198a	ccci_md_all.ko
regulator_count_voltages	0x4033198a	mtk-mmdvfs-debug.ko
regulator_disable	0x46c24e40	extcon-mtk-usb.ko
regulator_disable	0x46c24e40	gc_gc6133c_ii.ko
regulator_disable	0x46c24e40	gf_fingerprint.ko
regulator_disable	0x46c24e40	imgsensor_isp4_t.ko
regulator_disable	0x46c24e40	main2af.ko
regulator_disable	0x46c24e40	main3af.ko
regulator_disable	0x46c24e40	mainaf.ko
regulator_disable	0x46c24e40	mtk-mmc.ko
regulator_disable	0x46c24e40	mtk-scpsys.ko
regulator_disable	0x46c24e40	mtk_gpufreq_mt6768.ko
regulator_disable	0x46c24e40	mtk_irtx_pwm.ko
regulator_disable	0x46c24e40	mtk_spi.ko
regulator_disable	0x46c24e40	musb_hdrc.ko
regulator_disable	0x46c24e40	phy-generic.ko
regulator_disable	0x46c24e40	regulator-vibrator.ko
regulator_disable	0x46c24e40	sc_sc080cs_i.ko
regulator_disable	0x46c24e40	sil_fingerprint.ko
regulator_disable	0x46c24e40	snd-soc-mt6358.ko
regulator_disable	0x46c24e40	sp_sp0821_iii.ko
regulator_disable	0x46c24e40	sub2af.ko
regulator_disable	0x46c24e40	subaf.ko
regulator_disable	0x46c24e40	ufs-mediatek-mod.ko
regulator_disable	0x46c24e40	wmt_drv.ko
regulator_disable_regmap	0x01411ae8	mt6358-regulator.ko
regulator_disable_regmap	0x01411ae8	mt6370-charger.ko
regulator_disable_regmap	0x01411ae8	mt6370-regulator.ko
regulator_enable	0xc552b701	extcon-mtk-usb.ko
regulator_enable	0xc552b701	gc_gc6133c_ii.ko
regulator_enable	0xc552b701	gf_fingerprint.ko
regulator_enable	0xc552b701	imgsensor_isp4_t.ko
regulator_enable	0xc552b701	main2af.ko
regulator_enable	0xc552b701	main3af.ko
regulator_enable	0xc552b701	mainaf.ko
regulator_enable	0xc552b701	mtk-mmc.ko
regulator_enable	0xc552b701	mtk-scpsys.ko
regulator_enable	0xc552b701	mtk_dramc.ko
regulator_enable	0xc552b701	mtk_gpufreq_mt6768.ko
regulator_enable	0xc552b701	mtk_irtx_pwm.ko
regulator_enable	0xc552b701	mtk_spi.ko
regulator_enable	0xc552b701	musb_hdrc.ko
regulator_enable	0xc552b701	phy-generic.ko
regulator_enable	0xc552b701	regulator-vibrator.ko
regulator_enable	0xc552b701	sc_sc080cs_i.ko
regulator_enable	0xc552b701	scp.ko
regulator_enable	0xc552b701	sil_fingerprint.ko
regulator_enable	0xc552b701	snd-soc-mt6358.ko
regulator_enable	0xc552b701	sp_sp0821_iii.ko
regulator_enable	0xc552b701	sub2af.ko
regulator_enable	0xc552b701	subaf.ko
regulator_enable	0xc552b701	ufs-mediatek-mod.ko
regulator_enable	0xc552b701	wmt_drv.ko
regulator_enable_regmap	0x8f0f6443	mt6358-regulator.ko
regulator_enable_regmap	0x8f0f6443	mt6370-charger.ko
regulator_enable_regmap	0x8f0f6443	mt6370-regulator.ko
regulator_force_disable	0xbc2580b4	mtk_spi.ko
regulator_get	0x5b060982	gc_gc6133c_ii.ko
regulator_get	0x5b060982	imgsensor_isp4_t.ko
regulator_get	0x5b060982	main2af.ko
regulator_get	0x5b060982	main3af.ko
regulator_get	0x5b060982	mainaf.ko
regulator_get	0x5b060982	mtk-mmdvfs.ko
regulator_get	0x5b060982	mtk_gpufreq_mt6768.ko
regulator_get	0x5b060982	musb_hdrc.ko
regulator_get	0x5b060982	sc_sc080cs_i.ko
regulator_get	0x5b060982	scp.ko
regulator_get	0x5b060982	sil_fingerprint.ko
regulator_get	0x5b060982	sp_sp0821_iii.ko
regulator_get	0x5b060982	sub2af.ko
regulator_get	0x5b060982	subaf.ko
regulator_get	0x5b060982	ufs-mediatek-mod.ko
regulator_get	0x5b060982	wmt_drv.ko
regulator_get_current_limit_regmap	0x3665731b	mt6370-charger.ko
regulator_get_optional	0x9ed6ffa3	imgsensor_isp4_t.ko
regulator_get_optional	0x9ed6ffa3	mali_kbase_mt6768_r49.ko
regulator_get_voltage	0x71e5b6c8	CPU_DVFS.ko
regulator_get_voltage	0x71e5b6c8	ccci_md_all.ko
regulator_get_voltage	0x71e5b6c8	gf_fingerprint.ko
regulator_get_voltage	0x71e5b6c8	imgsensor_isp4_t.ko
regulator_get_voltage	0x71e5b6c8	met.ko
regulator_get_voltage	0x71e5b6c8	mtk-dvfsrc-helper.ko
regulator_get_voltage	0x71e5b6c8	mtk-mmc-dbg.ko
regulator_get_voltage	0x71e5b6c8	mtk-mmc.ko
regulator_get_voltage	0x71e5b6c8	mtk-mmdvfs-debug.ko
regulator_get_voltage	0x71e5b6c8	mtk-mmdvfs.ko
regulator_get_voltage	0x71e5b6c8	mtk_gpufreq_mt6768.ko
regulator_get_voltage	0x71e5b6c8	mtk_spi.ko
regulator_get_voltage	0x71e5b6c8	sc_sc080cs_i.ko
regulator_get_voltage	0x71e5b6c8	ufs-mediatek-dbg.ko
regulator_get_voltage_sel_regmap	0xef66a8af	mt6358-regulator.ko
regulator_get_voltage_sel_regmap	0xef66a8af	mt6370-charger.ko
regulator_get_voltage_sel_regmap	0xef66a8af	mt6370-regulator.ko
regulator_is_enabled	0x15970869	extcon-mtk-usb.ko
regulator_is_enabled	0x15970869	gf_fingerprint.ko
regulator_is_enabled	0x15970869	imgsensor_isp4_t.ko
regulator_is_enabled	0x15970869	mainaf.ko
regulator_is_enabled	0x15970869	mtk-mmc-dbg.ko
regulator_is_enabled	0x15970869	mtk-mmdvfs-debug.ko
regulator_is_enabled	0x15970869	mtk-scpsys.ko
regulator_is_enabled	0x15970869	mtk_gpufreq_mt6768.ko
regulator_is_enabled	0x15970869	mtk_irtx_pwm.ko
regulator_is_enabled	0x15970869	mtk_spi.ko
regulator_is_enabled	0x15970869	musb_hdrc.ko
regulator_is_enabled	0x15970869	regulator-vibrator.ko
regulator_is_enabled	0x15970869	sil_fingerprint.ko
regulator_is_enabled_regmap	0x143617e4	mt6358-regulator.ko
regulator_is_enabled_regmap	0x143617e4	mt6370-charger.ko
regulator_is_enabled_regmap	0x143617e4	mt6370-regulator.ko
regulator_list_voltage	0xfea30c5b	ccci_md_all.ko
regulator_list_voltage	0xfea30c5b	mtk-dvfsrc-helper.ko
regulator_list_voltage	0xfea30c5b	mtk-mmdvfs-debug.ko
regulator_list_voltage_linear	0x947b7594	mt6358-regulator.ko
regulator_list_voltage_linear	0x947b7594	mt6370-charger.ko
regulator_list_voltage_linear	0x947b7594	mt6370-regulator.ko
regulator_list_voltage_linear_range	0x219689b5	mt6358-regulator.ko
regulator_list_voltage_table	0x1caabae0	mt6358-regulator.ko
regulator_list_voltage_table	0x1caabae0	mtk-dvfsrc-regulator.ko
regulator_map_voltage_iterate	0x46874793	mt6358-regulator.ko
regulator_map_voltage_linear_range	0x1a34f8d4	mt6358-regulator.ko
regulator_notifier_call_chain	0x24f10abe	mt6358-regulator.ko
regulator_notifier_call_chain	0x24f10abe	mt6370-regulator.ko
regulator_put	0xff050ebb	ccci_md_all.ko
regulator_put	0xff050ebb	gc_gc6133c_ii.ko
regulator_put	0xff050ebb	imgsensor_isp4_t.ko
regulator_put	0xff050ebb	mali_kbase_mt6768_r49.ko
regulator_put	0xff050ebb	musb_hdrc.ko
regulator_put	0xff050ebb	sc_sc080cs_i.ko
regulator_put	0xff050ebb	sil_fingerprint.ko
regulator_put	0xff050ebb	sp_sp0821_iii.ko
regulator_set_active_discharge_regmap	0xa9769938	mt6370-regulator.ko
regulator_set_current_limit	0x8f0e255f	extcon-mtk-usb.ko
regulator_set_current_limit	0x8f0e255f	musb_hdrc.ko
regulator_set_current_limit	0x8f0e255f	phy-generic.ko
regulator_set_current_limit_regmap	0xbf3301ce	mt6370-charger.ko
regulator_set_load	0x4c34a68b	mtk_spi.ko
regulator_set_mode	0x54d5cafb	mediatek_eem.ko
regulator_set_mode	0x54d5cafb	mtk_gpufreq_mt6768.ko
regulator_set_mode	0x54d5cafb	ufs-mediatek-mod.ko
regulator_set_voltage	0x6854bf5a	CPU_DVFS.ko
regulator_set_voltage	0x6854bf5a	cam_qos_4.ko
regulator_set_voltage	0x6854bf5a	ccci_md_all.ko
regulator_set_voltage	0x6854bf5a	extcon-mtk-usb.ko
regulator_set_voltage	0x6854bf5a	gc_gc6133c_ii.ko
regulator_set_voltage	0x6854bf5a	gf_fingerprint.ko
regulator_set_voltage	0x6854bf5a	imgsensor_isp4_t.ko
regulator_set_voltage	0x6854bf5a	mainaf.ko
regulator_set_voltage	0x6854bf5a	mali_kbase_mt6768_r49.ko
regulator_set_voltage	0x6854bf5a	mdp_drv_mt6768.ko
regulator_set_voltage	0x6854bf5a	mediatek-drm.ko
regulator_set_voltage	0x6854bf5a	mmqos-common.ko
regulator_set_voltage	0x6854bf5a	mtk-dvfsrc-helper.ko
regulator_set_voltage	0x6854bf5a	mtk-mmc.ko
regulator_set_voltage	0x6854bf5a	mtk-mmdvfs-debug.ko
regulator_set_voltage	0x6854bf5a	mtk-mmdvfs.ko
regulator_set_voltage	0x6854bf5a	mtk-mml.ko
regulator_set_voltage	0x6854bf5a	mtk-vcodec-dec-v1.ko
regulator_set_voltage	0x6854bf5a	mtk-vcodec-enc-v1.ko
regulator_set_voltage	0x6854bf5a	mtk_gpufreq_mt6768.ko
regulator_set_voltage	0x6854bf5a	mtk_irtx_pwm.ko
regulator_set_voltage	0x6854bf5a	mtk_jpeg.ko
regulator_set_voltage	0x6854bf5a	mtk_spi.ko
regulator_set_voltage	0x6854bf5a	musb_boost.ko
regulator_set_voltage	0x6854bf5a	musb_hdrc.ko
regulator_set_voltage	0x6854bf5a	regulator-vibrator.ko
regulator_set_voltage	0x6854bf5a	sc_sc080cs_i.ko
regulator_set_voltage	0x6854bf5a	scp.ko
regulator_set_voltage	0x6854bf5a	sil_fingerprint.ko
regulator_set_voltage	0x6854bf5a	sp_sp0821_iii.ko
regulator_set_voltage	0x6854bf5a	ufs-mediatek-mod.ko
regulator_set_voltage	0x6854bf5a	wmt_drv.ko
regulator_set_voltage_sel_regmap	0x8f542153	mt6358-regulator.ko
regulator_set_voltage_sel_regmap	0x8f542153	mt6370-charger.ko
regulator_set_voltage_sel_regmap	0x8f542153	mt6370-regulator.ko
regulator_set_voltage_time_sel	0xe20985ff	mt6358-regulator.ko
regulator_sync_voltage	0xc2d8ffaa	ccci_md_all.ko
regulator_unregister	0xfb8f8016	sgm41543_charger.ko
regulatory_hint	0xc8191541	wlan_drv_gen4m_6768.ko
regulatory_pre_cac_allowed	0x1d9a71b2	mac80211.ko
release_firmware	0xc6d09aa9	ccu_isp4.ko
release_firmware	0xc6d09aa9	cfg80211.ko
release_firmware	0xc6d09aa9	fmradio_drv_mt6631.ko
release_firmware	0xc6d09aa9	ft8057m_spi.ko
release_firmware	0xc6d09aa9	ft8057p_spi.ko
release_firmware	0xc6d09aa9	gps_drv_stp.ko
release_firmware	0xc6d09aa9	icnl9916_spi.ko
release_firmware	0xc6d09aa9	mali_kbase_mt6768_r49.ko
release_firmware	0xc6d09aa9	nt36528_spi.ko
release_firmware	0xc6d09aa9	snd-soc-fs15xx.ko
release_firmware	0xc6d09aa9	wlan_drv_gen4m_6768.ko
release_firmware	0xc6d09aa9	wmt_drv.ko
release_pages	0xef39cef2	mcDrvModule.ko
remap_pfn_range	0x776db39b	camera_isp_4_t.ko
remap_pfn_range	0x776db39b	ccci_md_all.ko
remap_pfn_range	0x776db39b	isee.ko
remap_pfn_range	0x776db39b	mmprofile.ko
remap_pfn_range	0x776db39b	mtk-vcu.ko
remap_pfn_range	0x776db39b	snd-soc-mtk-common.ko
remap_pfn_range	0x776db39b	system_heap.ko
remap_pfn_range	0x776db39b	wmt_drv.ko
remap_vmalloc_range	0x2ee0b22a	mali_kbase_mt6768_r49.ko
remap_vmalloc_range	0x2ee0b22a	mtk-vcu.ko
remove_cpu	0xad4e6259	mtk_cpuhp.ko
remove_proc_entry	0x2e5eeef4	aee_aed.ko
remove_proc_entry	0x2e5eeef4	atf_logger.ko
remove_proc_entry	0x2e5eeef4	bootprof.ko
remove_proc_entry	0x2e5eeef4	camera_mem.ko
remove_proc_entry	0x2e5eeef4	fmradio_drv_mt6631.ko
remove_proc_entry	0x2e5eeef4	ft8057m_spi.ko
remove_proc_entry	0x2e5eeef4	ft8057p_spi.ko
remove_proc_entry	0x2e5eeef4	ged.ko
remove_proc_entry	0x2e5eeef4	gf_fingerprint.ko
remove_proc_entry	0x2e5eeef4	icnl9916_spi.ko
remove_proc_entry	0x2e5eeef4	lct_tp.ko
remove_proc_entry	0x2e5eeef4	mali_kbase_mt6768_r49.ko
remove_proc_entry	0x2e5eeef4	mediatek-drm.ko
remove_proc_entry	0x2e5eeef4	mi_memory.ko
remove_proc_entry	0x2e5eeef4	mtk_spi.ko
remove_proc_entry	0x2e5eeef4	nt36528_spi.ko
remove_proc_entry	0x2e5eeef4	perf_helper.ko
remove_proc_entry	0x2e5eeef4	perfhelper.ko
remove_proc_entry	0x2e5eeef4	sec.ko
remove_proc_entry	0x2e5eeef4	sil_fingerprint.ko
remove_proc_entry	0x2e5eeef4	thermal_monitor.ko
remove_proc_entry	0x2e5eeef4	wmt_drv.ko
remove_proc_subtree	0x3fbd69aa	mtk_battery_oc_throttling.ko
remove_proc_subtree	0x3fbd69aa	mtk_charger_framework.ko
remove_proc_subtree	0x3fbd69aa	pinctrl-mtk-common-v2_debug.ko
remove_proc_subtree	0x3fbd69aa	wlan_drv_gen4m_6768.ko
remove_wait_queue	0x37110088	ccu_isp4.ko
remove_wait_queue	0x37110088	gz_ipc_mod.ko
report_custom_iommu_fault	0xc68d99df	mtk_iommu.ko
request_firmware	0x00c22ee1	ccu_isp4.ko
request_firmware	0x00c22ee1	cfg80211.ko
request_firmware	0x00c22ee1	fmradio_drv_mt6631.ko
request_firmware	0x00c22ee1	ft8057m_spi.ko
request_firmware	0x00c22ee1	ft8057p_spi.ko
request_firmware	0x00c22ee1	gps_drv_stp.ko
request_firmware	0x00c22ee1	icnl9916_spi.ko
request_firmware	0x00c22ee1	mali_kbase_mt6768_r49.ko
request_firmware	0x00c22ee1	nt36528_spi.ko
request_firmware	0x00c22ee1	snd-soc-fs15xx.ko
request_firmware	0x00c22ee1	wlan_drv_gen4m_6768.ko
request_firmware	0x00c22ee1	wmt_drv.ko
request_firmware_nowait	0xc2d777b0	cfg80211.ko
request_firmware_nowait	0xc2d777b0	snd-soc-fs15xx.ko
request_threaded_irq	0x92d5838e	8250_mtk.ko
request_threaded_irq	0x92d5838e	MTK_INTERNAL_SPM.ko
request_threaded_irq	0x92d5838e	btif_drv.ko
request_threaded_irq	0x92d5838e	camera_dpe_isp40.ko
request_threaded_irq	0x92d5838e	camera_fdvt_isp40.ko
request_threaded_irq	0x92d5838e	camera_isp_4_t.ko
request_threaded_irq	0x92d5838e	ccci_ccif.ko
request_threaded_irq	0x92d5838e	ccci_cldma.ko
request_threaded_irq	0x92d5838e	ccci_md_all.ko
request_threaded_irq	0x92d5838e	clk-common.ko
request_threaded_irq	0x92d5838e	connadp.ko
request_threaded_irq	0x92d5838e	device-apc-common-legacy.ko
request_threaded_irq	0x92d5838e	emimpu.ko
request_threaded_irq	0x92d5838e	ft8057m_spi.ko
request_threaded_irq	0x92d5838e	ft8057p_spi.ko
request_threaded_irq	0x92d5838e	gf_fingerprint.ko
request_threaded_irq	0x92d5838e	gz_irq_mod.ko
request_threaded_irq	0x92d5838e	icnl9916_spi.ko
request_threaded_irq	0x92d5838e	isee.ko
request_threaded_irq	0x92d5838e	mali_kbase_mt6768_r49.ko
request_threaded_irq	0x92d5838e	mcDrvModule.ko
request_threaded_irq	0x92d5838e	mediatek-drm.ko
request_threaded_irq	0x92d5838e	mediatek_eem.ko
request_threaded_irq	0x92d5838e	mt6358-accdet.ko
request_threaded_irq	0x92d5838e	mtk-kpd.ko
request_threaded_irq	0x92d5838e	mtk-mbox.ko
request_threaded_irq	0x92d5838e	mtk-uart-apdma.ko
request_threaded_irq	0x92d5838e	musb_hdrc.ko
request_threaded_irq	0x92d5838e	nt36528_spi.ko
request_threaded_irq	0x92d5838e	nxp_i2c.ko
request_threaded_irq	0x92d5838e	scp.ko
request_threaded_irq	0x92d5838e	sil_fingerprint.ko
request_threaded_irq	0x92d5838e	sspm_v1.ko
request_threaded_irq	0x92d5838e	thermal_monitor.ko
request_threaded_irq	0x92d5838e	wlan_drv_gen4m_6768.ko
request_threaded_irq	0x92d5838e	wmt_drv.ko
resched_curr	0xd2e95a18	scheduler.ko
reset_control_assert	0x6c4b6684	mtk-mmc.ko
reset_control_assert	0x6c4b6684	ufs-mediatek-mod.ko
reset_control_deassert	0xb2210d64	mtk-mmc.ko
reset_control_deassert	0xb2210d64	ufs-mediatek-mod.ko
reset_control_reset	0x24f39c39	mtk-pmic-wrap.ko
rfc1042_header	0x69b18f43	mac80211.ko
rfkill_alloc	0xeecde6dc	cfg80211.ko
rfkill_blocked	0xc0763484	cfg80211.ko
rfkill_destroy	0xdb68bbad	cfg80211.ko
rfkill_register	0xff282521	cfg80211.ko
rfkill_resume_polling	0xc781bd9f	cfg80211.ko
rfkill_set_hw_state_reason	0x0cdce87c	cfg80211.ko
rfkill_unregister	0x083eb21c	cfg80211.ko
rgbw_data_report_t	0xf4c7f8d6	alspshub.ko
rgbw_flush_report	0xb3b154fd	alspshub.ko
rhashtable_free_and_destroy	0xde484885	mac80211.ko
rhashtable_insert_slow	0xafcd2fbe	mac80211.ko
rhltable_init	0xe58d1030	mac80211.ko
rht_bucket_nested	0x246ca52a	mac80211.ko
rht_bucket_nested_insert	0xf442e7f6	mac80211.ko
rndis_test_last_msg_id	0x5855fc1d	mtk_usb_f_rndis.ko
rndis_test_reset_msg_cnt	0xc4e69a85	mtk_usb_f_rndis.ko
root_task_group	0x5f160e8f	scheduler.ko
round_jiffies	0x091eb9b4	mac80211.ko
round_jiffies	0x091eb9b4	thermal_monitor.ko
round_jiffies_relative	0x1eb9516e	mac80211.ko
round_jiffies_up	0x50fad434	mac80211.ko
rpmb_cmd_req	0x99f11853	rpmb-mtk.ko
rpmb_dev_register	0x406550ef	ufs-mediatek-mod.ko
rpmb_get_rw_size	0x874ccfd7	rpmb-mtk.ko
rpmsg_create_ept	0xc52f8352	mtk_tinysys_ipi.ko
rpmsg_register_device	0x938c3c2a	mtk_rpmsg_mbox.ko
rpmsg_trysend	0xb70103e2	mtk_tinysys_ipi.ko
rps_needed	0x8761c87b	rps_perf.ko
rps_needed	0x8761c87b	wlan_drv_gen4m_6768.ko
rq_data	0xfda02835	scheduler.ko
rt_regmap_block_read	0x48fa9008	tcpc_rt1711h.ko
rt_regmap_block_read	0x48fa9008	tcpc_upm7610.ko
rt_regmap_block_write	0x2d523528	tcpc_rt1711h.ko
rt_regmap_block_write	0x2d523528	tcpc_upm7610.ko
rt_regmap_cache_reload	0xd63b75b4	tcpc_rt1711h.ko
rt_regmap_cache_reload	0xd63b75b4	tcpc_upm7610.ko
rt_regmap_device_register_ex	0x5bb83665	tcpc_rt1711h.ko
rt_regmap_device_register_ex	0x5bb83665	tcpc_upm7610.ko
rt_regmap_device_unregister	0x89435810	tcpc_rt1711h.ko
rt_regmap_device_unregister	0x89435810	tcpc_upm7610.ko
rtc_ktime_to_tm	0xe4c2c66c	rtc-mt6397.ko
rtc_time64_to_tm	0x356461c8	MTK_INTERNAL_SPM.ko
rtc_time64_to_tm	0x356461c8	aee_aed.ko
rtc_time64_to_tm	0x356461c8	aee_hangdet.ko
rtc_time64_to_tm	0x356461c8	ccci_md_all.ko
rtc_time64_to_tm	0x356461c8	ccci_util_lib.ko
rtc_time64_to_tm	0x356461c8	ged.ko
rtc_time64_to_tm	0x356461c8	mtk_charger_framework.ko
rtc_time64_to_tm	0x356461c8	perfhelper.ko
rtc_time64_to_tm	0x356461c8	rtc-mt6397.ko
rtc_time64_to_tm	0x356461c8	wlan_drv_gen4m_6768.ko
rtc_time64_to_tm	0x356461c8	wmt_drv.ko
rtc_tm_to_ktime	0x23412816	rtc-mt6397.ko
rtc_tm_to_time64	0x4f2250ba	rtc-mt6397.ko
rtc_update_irq	0x39eac37f	rtc-mt6397.ko
rtc_valid_tm	0x5838f6c9	rtc-mt6397.ko
rtnl_is_locked	0x85670f1d	cfg80211.ko
rtnl_is_locked	0x85670f1d	mac80211.ko
rtnl_is_locked	0x85670f1d	wlan_drv_gen4m_6768.ko
rtnl_lock	0xc7a4fbed	cfg80211.ko
rtnl_lock	0xc7a4fbed	mac80211.ko
rtnl_lock	0xc7a4fbed	mtk_u_ether.ko
rtnl_lock	0xc7a4fbed	wlan_drv_gen4m_6768.ko
rtnl_unlock	0x6e720ff2	cfg80211.ko
rtnl_unlock	0x6e720ff2	mac80211.ko
rtnl_unlock	0x6e720ff2	mtk_u_ether.ko
rtnl_unlock	0x6e720ff2	wlan_drv_gen4m_6768.ko
runqueues	0x6e40dfd2	aee_hangdet.ko
runqueues	0x6e40dfd2	connadp.ko
runqueues	0x6e40dfd2	cpufreq_sugov_ext.ko
runqueues	0x6e40dfd2	mcdi.ko
runqueues	0x6e40dfd2	monitor_hang.ko
runqueues	0x6e40dfd2	mrdump.ko
runqueues	0x6e40dfd2	mtk_fpsgo.ko
runqueues	0x6e40dfd2	scheduler.ko
rv_data_report	0xe00659b8	rotatvechub.ko
rv_flush_report	0xe8ee3cd2	rotatvechub.ko
sar_data_report_t	0x622e47e4	situationhub.ko
sarunify_data_report_t	0xe4e15d14	situationhub.ko
sbb	0x3f322a95	scheduler.ko
sbitmap_weight	0xf2de9307	ufs-mediatek-dbg.ko
sbitmap_weight	0xf2de9307	ufs-mediatek-mod.ko
sched_clock	0xe94986d6	8250_mtk.ko
sched_clock	0xe94986d6	MTK_INTERNAL_SPM.ko
sched_clock	0xe94986d6	aee_hangdet.ko
sched_clock	0xe94986d6	atf_logger.ko
sched_clock	0xe94986d6	blocktag.ko
sched_clock	0xe94986d6	bootprof.ko
sched_clock	0xe94986d6	cache-parity.ko
sched_clock	0xe94986d6	camera_isp_4_t.ko
sched_clock	0xe94986d6	ccci_ccif.ko
sched_clock	0xe94986d6	ccci_cldma.ko
sched_clock	0xe94986d6	ccci_md_all.ko
sched_clock	0xe94986d6	ccci_util_lib.ko
sched_clock	0xe94986d6	ccmni.ko
sched_clock	0xe94986d6	cmdq-bdg-mailbox.ko
sched_clock	0xe94986d6	cmdq-sec-drv.ko
sched_clock	0xe94986d6	cmdq-test.ko
sched_clock	0xe94986d6	conn_md_drv.ko
sched_clock	0xe94986d6	connadp.ko
sched_clock	0xe94986d6	ged.ko
sched_clock	0xe94986d6	gps_drv_stp.ko
sched_clock	0xe94986d6	gz_log_mod.ko
sched_clock	0xe94986d6	i2c-mt65xx.ko
sched_clock	0xe94986d6	iommu_debug.ko
sched_clock	0xe94986d6	leds-mtk.ko
sched_clock	0xe94986d6	mcDrvModule.ko
sched_clock	0xe94986d6	mcdi.ko
sched_clock	0xe94986d6	mdp_drv_mt6768.ko
sched_clock	0xe94986d6	mediatek-drm.ko
sched_clock	0xe94986d6	met.ko
sched_clock	0xe94986d6	mme.ko
sched_clock	0xe94986d6	mmprofile.ko
sched_clock	0xe94986d6	mmqos-common.ko
sched_clock	0xe94986d6	monitor_hang.ko
sched_clock	0xe94986d6	mrdump.ko
sched_clock	0xe94986d6	mt6358-accdet.ko
sched_clock	0xe94986d6	mtk-cmdq-drv-ext.ko
sched_clock	0xe94986d6	mtk-mbox.ko
sched_clock	0xe94986d6	mtk-mmc-dbg.ko
sched_clock	0xe94986d6	mtk-mmc.ko
sched_clock	0xe94986d6	mtk-mmdvfs-debug.ko
sched_clock	0xe94986d6	mtk-mml.ko
sched_clock	0xe94986d6	mtk-pmic-wrap.ko
sched_clock	0xe94986d6	mtk-smi-dbg.ko
sched_clock	0xe94986d6	mtk-uart-apdma.ko
sched_clock	0xe94986d6	mtk_fpsgo.ko
sched_clock	0xe94986d6	mtk_heap_debug.ko
sched_clock	0xe94986d6	mtk_sec_heap.ko
sched_clock	0xe94986d6	mtk_tinysys_ipi.ko
sched_clock	0xe94986d6	pd_dbg_info.ko
sched_clock	0xe94986d6	rtc-mt6397.ko
sched_clock	0xe94986d6	scheduler.ko
sched_clock	0xe94986d6	sspm_v1.ko
sched_clock	0xe94986d6	system_heap.ko
sched_clock	0xe94986d6	tcpc_class.ko
sched_clock	0xe94986d6	tcpc_rt1711h.ko
sched_clock	0xe94986d6	tcpc_upm7610.ko
sched_clock	0xe94986d6	trusted_mem.ko
sched_clock	0xe94986d6	ufs-mediatek-dbg.ko
sched_clock	0xe94986d6	wlan_drv_gen4m_6768.ko
sched_clock	0xe94986d6	wmt_drv.ko
sched_dsu_pwr_enable_get	0xec449a33	scheduler.ko
sched_feat_keys	0xef80ba0e	cpufreq_sugov_ext.ko
sched_feat_keys	0xef80ba0e	scheduler.ko
sched_gear_hints_enable_get	0xd6d3e422	scheduler.ko
sched_percore_l3_bw_get	0x8a42e87a	scheduler.ko
sched_post_init_util_enable_get	0x714c1e53	scheduler.ko
sched_rt_aggre_preempt_enable_get	0xa05d3c2b	scheduler.ko
sched_set_fifo	0xb4f7951f	btif_drv.ko
sched_set_fifo	0xb4f7951f	wlan_drv_gen4m_6768.ko
sched_set_fifo_low	0xe9d5ce53	wlan_drv_gen4m_6768.ko
sched_set_normal	0x86f2c4cb	system_heap.ko
sched_set_normal	0x86f2c4cb	wlan_drv_gen4m_6768.ko
sched_setattr_nocheck	0x03358959	cpufreq_sugov_ext.ko
sched_setattr_nocheck	0x03358959	mtk-vcodec-common.ko
sched_setattr_nocheck	0x03358959	mtk_fpsgo.ko
sched_setscheduler	0xd4b93287	aee_aed.ko
sched_setscheduler	0xd4b93287	aee_hangdet.ko
sched_setscheduler	0xd4b93287	gz_trusty_mod.ko
sched_setscheduler	0xd4b93287	gz_virtio_mod.ko
sched_setscheduler	0xd4b93287	mediatek-drm.ko
sched_setscheduler	0xd4b93287	monitor_hang.ko
sched_setscheduler	0xd4b93287	mtk-mml.ko
sched_setscheduler	0xd4b93287	sensorHub.ko
sched_setscheduler	0xd4b93287	system_heap.ko
sched_setscheduler_nocheck	0x99e45d92	binder_prio.ko
sched_setscheduler_nocheck	0x99e45d92	isee.ko
sched_setscheduler_nocheck	0x99e45d92	scheduler.ko
sched_setscheduler_nocheck	0x99e45d92	tcpc_class.ko
sched_show_task	0x9d154c19	aee_hangdet.ko
sched_show_task	0x9d154c19	wlan_drv_gen4m_6768.ko
sched_skip_hiIRQ_enable_get	0x999f4d73	scheduler.ko
sched_uclamp_used	0x056a37c5	cpufreq_sugov_ext.ko
sched_uclamp_used	0x056a37c5	scheduler.ko
sched_updown_migration_enable_get	0x86f62e66	scheduler.ko
sched_vip_enable_get	0xd2529767	scheduler.ko
schedule	0x01000e51	bt_drv_connac1x.ko
schedule	0x01000e51	ccci_cldma.ko
schedule	0x01000e51	ccci_md_all.ko
schedule	0x01000e51	ccci_util_lib.ko
schedule	0x01000e51	ccu_isp4.ko
schedule	0x01000e51	cfg80211.ko
schedule	0x01000e51	fmradio_drv_mt6631.ko
schedule	0x01000e51	ft8057m_spi.ko
schedule	0x01000e51	ft8057p_spi.ko
schedule	0x01000e51	ged.ko
schedule	0x01000e51	gps_drv_stp.ko
schedule	0x01000e51	gz_ipc_mod.ko
schedule	0x01000e51	isee.ko
schedule	0x01000e51	mali_kbase_mt6768_r49.ko
schedule	0x01000e51	mcDrvModule.ko
schedule	0x01000e51	mediatek-drm.ko
schedule	0x01000e51	mediatek_eem.ko
schedule	0x01000e51	monitor_hang.ko
schedule	0x01000e51	mt6358_battery.ko
schedule	0x01000e51	mtk-cmdq-drv-ext.ko
schedule	0x01000e51	mtk-mml.ko
schedule	0x01000e51	mtk-pmic-wrap.ko
schedule	0x01000e51	mtk-vcodec-dec-v1.ko
schedule	0x01000e51	mtk-vcu.ko
schedule	0x01000e51	mtk_battery_manager.ko
schedule	0x01000e51	mtk_bp_thl.ko
schedule	0x01000e51	mtk_charger_framework.ko
schedule	0x01000e51	mtk_chg_type_det.ko
schedule	0x01000e51	mtk_cpuhp.ko
schedule	0x01000e51	mtk_dynamic_loading_throttling.ko
schedule	0x01000e51	mtk_fpsgo.ko
schedule	0x01000e51	mtk_low_battery_throttling.ko
schedule	0x01000e51	nxp_i2c.ko
schedule	0x01000e51	perfhelper.ko
schedule	0x01000e51	scheduler.ko
schedule	0x01000e51	sensorHub.ko
schedule	0x01000e51	sil_fingerprint.ko
schedule	0x01000e51	snd-soc-sipa-tuning.ko
schedule	0x01000e51	system_heap.ko
schedule	0x01000e51	tcpc_class.ko
schedule	0x01000e51	thermal_monitor.ko
schedule	0x01000e51	touch_boost.ko
schedule	0x01000e51	ufs-mediatek-dbg.ko
schedule	0x01000e51	wlan_drv_gen4m_6768.ko
schedule	0x01000e51	wmt_drv.ko
schedule	0x01000e51	xm_smart_chg.ko
schedule_timeout	0x8ddd8aad	atf_logger.ko
schedule_timeout	0x8ddd8aad	camera_dpe_isp40.ko
schedule_timeout	0x8ddd8aad	camera_fdvt_isp40.ko
schedule_timeout	0x8ddd8aad	camera_isp_4_t.ko
schedule_timeout	0x8ddd8aad	ccci_md_all.ko
schedule_timeout	0x8ddd8aad	ccu_isp4.ko
schedule_timeout	0x8ddd8aad	cqhci.ko
schedule_timeout	0x8ddd8aad	drm_display_helper.ko
schedule_timeout	0x8ddd8aad	fmradio_drv_mt6631.ko
schedule_timeout	0x8ddd8aad	ft8057m_spi.ko
schedule_timeout	0x8ddd8aad	gz_ipc_mod.ko
schedule_timeout	0x8ddd8aad	isee.ko
schedule_timeout	0x8ddd8aad	mali_kbase_mt6768_r49.ko
schedule_timeout	0x8ddd8aad	mcDrvModule.ko
schedule_timeout	0x8ddd8aad	mdp_drv_mt6768.ko
schedule_timeout	0x8ddd8aad	mediatek-drm.ko
schedule_timeout	0x8ddd8aad	mmqos-common.ko
schedule_timeout	0x8ddd8aad	monitor_hang.ko
schedule_timeout	0x8ddd8aad	mt6370-charger.ko
schedule_timeout	0x8ddd8aad	mtk-btcvsd.ko
schedule_timeout	0x8ddd8aad	mtk-mml.ko
schedule_timeout	0x8ddd8aad	mtk-vcodec-common.ko
schedule_timeout	0x8ddd8aad	mtk-vcodec-dec-v1.ko
schedule_timeout	0x8ddd8aad	mtk-vcodec-enc-v1.ko
schedule_timeout	0x8ddd8aad	mtk-vcu.ko
schedule_timeout	0x8ddd8aad	nxp_i2c.ko
schedule_timeout	0x8ddd8aad	tcpc_class.ko
schedule_timeout	0x8ddd8aad	wmt_drv.ko
scnprintf	0x96848186	MTK_INTERNAL_SPM.ko
scnprintf	0x96848186	aee_hangdet.ko
scnprintf	0x96848186	bootprof.ko
scnprintf	0x96848186	cache-parity.ko
scnprintf	0x96848186	ccci_ccif.ko
scnprintf	0x96848186	ccci_md_all.ko
scnprintf	0x96848186	ccci_util_lib.ko
scnprintf	0x96848186	ccmni.ko
scnprintf	0x96848186	cfg80211.ko
scnprintf	0x96848186	device-apc-common-legacy.ko
scnprintf	0x96848186	flashlight.ko
scnprintf	0x96848186	ged.ko
scnprintf	0x96848186	gz_main_mod.ko
scnprintf	0x96848186	gz_trusty_mod.ko
scnprintf	0x96848186	icnl9916_spi.ko
scnprintf	0x96848186	isee.ko
scnprintf	0x96848186	mali_kbase_mt6768_r49.ko
scnprintf	0x96848186	mali_mgm_mt6768_r49.ko
scnprintf	0x96848186	mcdi.ko
scnprintf	0x96848186	mdp_drv_mt6768.ko
scnprintf	0x96848186	mediatek-drm.ko
scnprintf	0x96848186	mt6358_battery.ko
scnprintf	0x96848186	mtk-cmdq-drv-ext.ko
scnprintf	0x96848186	mtk-mmc-dbg.ko
scnprintf	0x96848186	mtk_battery_oc_throttling.ko
scnprintf	0x96848186	mtk_fpsgo.ko
scnprintf	0x96848186	mtk_heap_debug.ko
scnprintf	0x96848186	mtk_sec_heap.ko
scnprintf	0x96848186	mtk_spi.ko
scnprintf	0x96848186	musb_hdrc.ko
scnprintf	0x96848186	powerhal_cpu_ctrl.ko
scnprintf	0x96848186	scp.ko
scnprintf	0x96848186	sec-rng.ko
scnprintf	0x96848186	sensorHub.ko
scnprintf	0x96848186	simtray.ko
scnprintf	0x96848186	snd-soc-fs15xx.ko
scnprintf	0x96848186	snd-soc-mt6358.ko
scnprintf	0x96848186	snd-soc-mt6768-afe.ko
scnprintf	0x96848186	touch_boost.ko
scnprintf	0x96848186	uload_ind.ko
scnprintf	0x96848186	wlan_drv_gen4m_6768.ko
scnprintf	0x96848186	xm_smart_chg.ko
scnprintf	0x96848186	zram.ko
scp_A_register_notify	0x9cb5d1d2	ccci_fsm_scp.ko
scp_A_register_notify	0x9cb5d1d2	sensorHub.ko
scp_A_unregister_notify	0x14b80435	sensorHub.ko
scp_get_reserve_mem_phys	0xefda1200	sensorHub.ko
scp_get_reserve_mem_size	0xb16f9dc0	sensorHub.ko
scp_get_reserve_mem_virt	0x76b79701	sensorHub.ko
scp_ipi_registration	0x92763de5	ccci_fsm_scp.ko
scp_ipi_registration	0x92763de5	sensorHub.ko
scp_ipi_send	0x719d09fe	ccci_fsm_scp.ko
scp_ipi_send	0x719d09fe	sensorHub.ko
scp_power_monitor_register	0x586404be	accelhub.ko
scp_power_monitor_register	0x586404be	alspshub.ko
scp_power_monitor_register	0x586404be	barohub.ko
scp_power_monitor_register	0x586404be	gyrohub.ko
scp_power_monitor_register	0x586404be	maghub.ko
scp_power_monitor_register	0x586404be	sensor_list.ko
scp_register_feature	0xa927c565	sensorHub.ko
scp_sensorHub_data_registration	0x121632dc	accelhub.ko
scp_sensorHub_data_registration	0x121632dc	alspshub.ko
scp_sensorHub_data_registration	0x121632dc	barohub.ko
scp_sensorHub_data_registration	0x121632dc	gamerotvechub.ko
scp_sensorHub_data_registration	0x121632dc	gmagrotvechub.ko
scp_sensorHub_data_registration	0x121632dc	gravityhub.ko
scp_sensorHub_data_registration	0x121632dc	gyrohub.ko
scp_sensorHub_data_registration	0x121632dc	linearacchub.ko
scp_sensorHub_data_registration	0x121632dc	maghub.ko
scp_sensorHub_data_registration	0x121632dc	orienthub.ko
scp_sensorHub_data_registration	0x121632dc	rotatvechub.ko
scp_sensorHub_data_registration	0x121632dc	situationhub.ko
scp_sensorHub_data_registration	0x121632dc	stepsignhub.ko
scp_sensorHub_data_registration	0x121632dc	uncali_acchub.ko
scp_sensorHub_data_registration	0x121632dc	uncali_gyrohub.ko
scp_sensorHub_data_registration	0x121632dc	uncali_maghub.ko
scsi_autopm_get_device	0x2e6a074c	ufs-mediatek-mod.ko
scsi_autopm_put_device	0xa0aff05b	ufs-mediatek-mod.ko
scsi_block_requests	0xbbd7fa95	ufs-mediatek-dbg.ko
scsi_block_requests	0xbbd7fa95	ufs-mediatek-mod.ko
scsi_device_get	0xd65e32ad	ufs-mediatek-mod.ko
scsi_device_put	0xf50538e0	ufs-mediatek-mod.ko
scsi_dma_unmap	0x5ba245ad	ufs-mediatek-mod.ko
scsi_execute_cmd	0xa9f3955a	ufs-mediatek-mod.ko
scsi_print_sense_hdr	0x9e63b83f	ufs-mediatek-mod.ko
scsi_unblock_requests	0xd35fb62f	ufs-mediatek-dbg.ko
scsi_unblock_requests	0xd35fb62f	ufs-mediatek-mod.ko
sdio_claim_host	0x2cf83410	wmt_drv.ko
sdio_claim_irq	0xb6ec7b58	wmt_drv.ko
sdio_disable_func	0xa8c459a4	wmt_drv.ko
sdio_enable_func	0x2d398290	wmt_drv.ko
sdio_f0_readb	0x325646cc	wmt_drv.ko
sdio_f0_writeb	0xc2dffb85	wmt_drv.ko
sdio_get_host_pm_caps	0xa4b969e9	wmt_drv.ko
sdio_readb	0x269a7b47	wmt_drv.ko
sdio_readl	0x244f7080	wmt_drv.ko
sdio_readsb	0x6d707bbe	wmt_drv.ko
sdio_register_driver	0xe24bd8b5	wmt_drv.ko
sdio_release_host	0xf09886a1	wmt_drv.ko
sdio_release_irq	0xd98a643d	wmt_drv.ko
sdio_set_block_size	0xe570f9d7	wmt_drv.ko
sdio_set_host_pm_flags	0x51b8c74c	wmt_drv.ko
sdio_signal_irq	0x5f50b729	mtk-mmc.ko
sdio_unregister_driver	0x569bf466	wmt_drv.ko
sdio_writeb	0xb3e8319d	wmt_drv.ko
sdio_writel	0x329e38d0	wmt_drv.ko
sdio_writesb	0x2162ac44	wmt_drv.ko
select_fallback_rq	0xf579a5c6	scheduler.ko
send_sig	0x2313b517	isee.ko
send_sig	0x2313b517	monitor_hang.ko
send_sig	0x2313b517	mtk-vcu.ko
send_sig_info	0xc6e1266b	thermal_monitor.ko
sensor_attr_deregister	0xa2695040	accel_common.ko
sensor_attr_deregister	0xa2695040	alsps_common.ko
sensor_attr_deregister	0xa2695040	baro_common.ko
sensor_attr_deregister	0xa2695040	fusion.ko
sensor_attr_deregister	0xa2695040	gyro_common.ko
sensor_attr_deregister	0xa2695040	mag_common.ko
sensor_attr_deregister	0xa2695040	situation.ko
sensor_attr_deregister	0xa2695040	step_counter.ko
sensor_attr_register	0x33ae288a	accel_common.ko
sensor_attr_register	0x33ae288a	alsps_common.ko
sensor_attr_register	0x33ae288a	baro_common.ko
sensor_attr_register	0x33ae288a	fusion.ko
sensor_attr_register	0x33ae288a	gyro_common.ko
sensor_attr_register	0x33ae288a	mag_common.ko
sensor_attr_register	0x33ae288a	situation.ko
sensor_attr_register	0x33ae288a	step_counter.ko
sensor_batch_to_hub	0x75907b93	accelhub.ko
sensor_batch_to_hub	0x75907b93	alspshub.ko
sensor_batch_to_hub	0x75907b93	barohub.ko
sensor_batch_to_hub	0x75907b93	gamerotvechub.ko
sensor_batch_to_hub	0x75907b93	gmagrotvechub.ko
sensor_batch_to_hub	0x75907b93	gravityhub.ko
sensor_batch_to_hub	0x75907b93	gyrohub.ko
sensor_batch_to_hub	0x75907b93	linearacchub.ko
sensor_batch_to_hub	0x75907b93	maghub.ko
sensor_batch_to_hub	0x75907b93	orienthub.ko
sensor_batch_to_hub	0x75907b93	rotatvechub.ko
sensor_batch_to_hub	0x75907b93	situationhub.ko
sensor_batch_to_hub	0x75907b93	stepsignhub.ko
sensor_batch_to_hub	0x75907b93	uncali_acchub.ko
sensor_batch_to_hub	0x75907b93	uncali_gyrohub.ko
sensor_batch_to_hub	0x75907b93	uncali_maghub.ko
sensor_calibration_to_hub	0xd7c02302	accelhub.ko
sensor_calibration_to_hub	0xd7c02302	alspshub.ko
sensor_calibration_to_hub	0xd7c02302	barohub.ko
sensor_calibration_to_hub	0xd7c02302	gyrohub.ko
sensor_calibration_to_hub	0xd7c02302	situationhub.ko
sensor_cfg_to_hub	0xfbe1b6aa	accelhub.ko
sensor_cfg_to_hub	0xfbe1b6aa	alspshub.ko
sensor_cfg_to_hub	0xfbe1b6aa	gyrohub.ko
sensor_cfg_to_hub	0xfbe1b6aa	maghub.ko
sensor_enable_to_hub	0xbff8c765	accelhub.ko
sensor_enable_to_hub	0xbff8c765	alspshub.ko
sensor_enable_to_hub	0xbff8c765	barohub.ko
sensor_enable_to_hub	0xbff8c765	gamerotvechub.ko
sensor_enable_to_hub	0xbff8c765	gmagrotvechub.ko
sensor_enable_to_hub	0xbff8c765	gravityhub.ko
sensor_enable_to_hub	0xbff8c765	gyrohub.ko
sensor_enable_to_hub	0xbff8c765	linearacchub.ko
sensor_enable_to_hub	0xbff8c765	maghub.ko
sensor_enable_to_hub	0xbff8c765	orienthub.ko
sensor_enable_to_hub	0xbff8c765	rotatvechub.ko
sensor_enable_to_hub	0xbff8c765	situationhub.ko
sensor_enable_to_hub	0xbff8c765	stepsignhub.ko
sensor_enable_to_hub	0xbff8c765	uncali_acchub.ko
sensor_enable_to_hub	0xbff8c765	uncali_gyrohub.ko
sensor_enable_to_hub	0xbff8c765	uncali_maghub.ko
sensor_event_poll	0x426f6577	accel_common.ko
sensor_event_poll	0x426f6577	alsps_common.ko
sensor_event_poll	0x426f6577	baro_common.ko
sensor_event_poll	0x426f6577	fusion.ko
sensor_event_poll	0x426f6577	gyro_common.ko
sensor_event_poll	0x426f6577	mag_common.ko
sensor_event_poll	0x426f6577	situation.ko
sensor_event_poll	0x426f6577	step_counter.ko
sensor_event_read	0xa7355225	accel_common.ko
sensor_event_read	0xa7355225	alsps_common.ko
sensor_event_read	0xa7355225	baro_common.ko
sensor_event_read	0xa7355225	fusion.ko
sensor_event_read	0xa7355225	gyro_common.ko
sensor_event_read	0xa7355225	mag_common.ko
sensor_event_read	0xa7355225	situation.ko
sensor_event_read	0xa7355225	step_counter.ko
sensor_flush_to_hub	0x6b16c73f	accelhub.ko
sensor_flush_to_hub	0x6b16c73f	alspshub.ko
sensor_flush_to_hub	0x6b16c73f	barohub.ko
sensor_flush_to_hub	0x6b16c73f	gamerotvechub.ko
sensor_flush_to_hub	0x6b16c73f	gmagrotvechub.ko
sensor_flush_to_hub	0x6b16c73f	gravityhub.ko
sensor_flush_to_hub	0x6b16c73f	gyrohub.ko
sensor_flush_to_hub	0x6b16c73f	linearacchub.ko
sensor_flush_to_hub	0x6b16c73f	maghub.ko
sensor_flush_to_hub	0x6b16c73f	orienthub.ko
sensor_flush_to_hub	0x6b16c73f	rotatvechub.ko
sensor_flush_to_hub	0x6b16c73f	situationhub.ko
sensor_flush_to_hub	0x6b16c73f	stepsignhub.ko
sensor_flush_to_hub	0x6b16c73f	uncali_acchub.ko
sensor_flush_to_hub	0x6b16c73f	uncali_gyrohub.ko
sensor_flush_to_hub	0x6b16c73f	uncali_maghub.ko
sensor_get_data_from_hub	0x7ebf322e	accelhub.ko
sensor_get_data_from_hub	0x7ebf322e	alspshub.ko
sensor_get_data_from_hub	0x7ebf322e	barohub.ko
sensor_get_data_from_hub	0x7ebf322e	gamerotvechub.ko
sensor_get_data_from_hub	0x7ebf322e	gmagrotvechub.ko
sensor_get_data_from_hub	0x7ebf322e	gravityhub.ko
sensor_get_data_from_hub	0x7ebf322e	gyrohub.ko
sensor_get_data_from_hub	0x7ebf322e	linearacchub.ko
sensor_get_data_from_hub	0x7ebf322e	maghub.ko
sensor_get_data_from_hub	0x7ebf322e	orienthub.ko
sensor_get_data_from_hub	0x7ebf322e	rotatvechub.ko
sensor_get_data_from_hub	0x7ebf322e	situationhub.ko
sensor_get_data_from_hub	0x7ebf322e	stepsignhub.ko
sensor_input_event	0xab615889	accel_common.ko
sensor_input_event	0xab615889	alsps_common.ko
sensor_input_event	0xab615889	baro_common.ko
sensor_input_event	0xab615889	fusion.ko
sensor_input_event	0xab615889	gyro_common.ko
sensor_input_event	0xab615889	mag_common.ko
sensor_input_event	0xab615889	situation.ko
sensor_input_event	0xab615889	step_counter.ko
sensor_selftest_to_hub	0x8fdb8f4c	accelhub.ko
sensor_selftest_to_hub	0x8fdb8f4c	gyrohub.ko
sensor_selftest_to_hub	0x8fdb8f4c	maghub.ko
sensor_set_cmd_to_hub	0x8bf91490	accelhub.ko
sensor_set_cmd_to_hub	0x8bf91490	alspshub.ko
sensor_set_cmd_to_hub	0x8bf91490	barohub.ko
sensor_set_cmd_to_hub	0x8bf91490	gyrohub.ko
sensor_set_cmd_to_hub	0x8bf91490	maghub.ko
sensor_set_cmd_to_hub	0x8bf91490	sensor_list.ko
sensor_set_cmd_to_hub	0x8bf91490	situationhub.ko
sensor_set_delay_to_hub	0x2ccff391	accelhub.ko
sensor_set_delay_to_hub	0x2ccff391	alspshub.ko
sensor_set_delay_to_hub	0x2ccff391	barohub.ko
sensor_set_delay_to_hub	0x2ccff391	gyrohub.ko
sensor_set_delay_to_hub	0x2ccff391	maghub.ko
sensor_set_delay_to_hub	0x2ccff391	situationhub.ko
seq_lseek	0x0200073c	CPU_DVFS.ko
seq_lseek	0x0200073c	MTK_INTERNAL_SPM.ko
seq_lseek	0x0200073c	Upower.ko
seq_lseek	0x0200073c	aee_aed.ko
seq_lseek	0x0200073c	blocktag.ko
seq_lseek	0x0200073c	bootprof.ko
seq_lseek	0x0200073c	clk-common.ko
seq_lseek	0x0200073c	cpumaxfreq.ko
seq_lseek	0x0200073c	extcon-mtk-usb.ko
seq_lseek	0x0200073c	ft8057p_spi.ko
seq_lseek	0x0200073c	ged.ko
seq_lseek	0x0200073c	icnl9916_spi.ko
seq_lseek	0x0200073c	iommu_debug.ko
seq_lseek	0x0200073c	log_store.ko
seq_lseek	0x0200073c	mali_kbase_mt6768_r49.ko
seq_lseek	0x0200073c	mcdi.ko
seq_lseek	0x0200073c	mediatek_eem.ko
seq_lseek	0x0200073c	mediatek_static_power.ko
seq_lseek	0x0200073c	met.ko
seq_lseek	0x0200073c	mi_memory.ko
seq_lseek	0x0200073c	millet_core.ko
seq_lseek	0x0200073c	mmqos-common.ko
seq_lseek	0x0200073c	mrdump.ko
seq_lseek	0x0200073c	mtk-cmdq-drv-ext.ko
seq_lseek	0x0200073c	mtk-icc-core.ko
seq_lseek	0x0200073c	mtk-mmc-dbg.ko
seq_lseek	0x0200073c	mtk-mmdvfs-debug.ko
seq_lseek	0x0200073c	mtk-mml.ko
seq_lseek	0x0200073c	mtk-smi-dbg.ko
seq_lseek	0x0200073c	mtk_charger_framework.ko
seq_lseek	0x0200073c	mtk_gpu_qos.ko
seq_lseek	0x0200073c	mtk_gpufreq_wrapper_legacy.ko
seq_lseek	0x0200073c	mtk_heap_debug.ko
seq_lseek	0x0200073c	mtk_ioctl_powerhal.ko
seq_lseek	0x0200073c	mtk_ioctl_touch_boost.ko
seq_lseek	0x0200073c	mtk_mdpm_v1.ko
seq_lseek	0x0200073c	mtk_pbm.ko
seq_lseek	0x0200073c	mtk_peak_power_budget.ko
seq_lseek	0x0200073c	mtk_perf_ioctl.ko
seq_lseek	0x0200073c	mtk_ppm_v3.ko
seq_lseek	0x0200073c	mtk_printk_ctrl.ko
seq_lseek	0x0200073c	musb_hdrc.ko
seq_lseek	0x0200073c	nt36528_spi.ko
seq_lseek	0x0200073c	perf_helper.ko
seq_lseek	0x0200073c	perfhelper.ko
seq_lseek	0x0200073c	phy-mtk-tphy.ko
seq_lseek	0x0200073c	pidmap.ko
seq_lseek	0x0200073c	pinctrl-mtk-common-v2_debug.ko
seq_lseek	0x0200073c	scheduler.ko
seq_lseek	0x0200073c	scp.ko
seq_lseek	0x0200073c	sec.ko
seq_lseek	0x0200073c	tcpc_class.ko
seq_lseek	0x0200073c	thermal_monitor.ko
seq_lseek	0x0200073c	trace_mmstat.ko
seq_lseek	0x0200073c	ufs-mediatek-dbg.ko
seq_open	0xf9a0595e	MTK_INTERNAL_SPM.ko
seq_open	0xf9a0595e	blocktag.ko
seq_open	0xf9a0595e	ged.ko
seq_open	0xf9a0595e	icnl9916_spi.ko
seq_open	0xf9a0595e	mali_kbase_mt6768_r49.ko
seq_open	0xf9a0595e	met.ko
seq_open	0xf9a0595e	nt36528_spi.ko
seq_open_private	0x45370443	aee_aed.ko
seq_printf	0x52f30ff5	CPU_DVFS.ko
seq_printf	0x52f30ff5	Upower.ko
seq_printf	0x52f30ff5	aee_aed.ko
seq_printf	0x52f30ff5	blocktag.ko
seq_printf	0x52f30ff5	bootprof.ko
seq_printf	0x52f30ff5	camera_isp_4_t.ko
seq_printf	0x52f30ff5	camera_mem.ko
seq_printf	0x52f30ff5	clk-common.ko
seq_printf	0x52f30ff5	cpumaxfreq.ko
seq_printf	0x52f30ff5	drm_display_helper.ko
seq_printf	0x52f30ff5	fhctl.ko
seq_printf	0x52f30ff5	ft8057m_spi.ko
seq_printf	0x52f30ff5	ft8057p_spi.ko
seq_printf	0x52f30ff5	ged.ko
seq_printf	0x52f30ff5	gf_fingerprint.ko
seq_printf	0x52f30ff5	icnl9916_spi.ko
seq_printf	0x52f30ff5	imgsensor_isp4_t.ko
seq_printf	0x52f30ff5	iommu_debug.ko
seq_printf	0x52f30ff5	log_store.ko
seq_printf	0x52f30ff5	mali_kbase_mt6768_r49.ko
seq_printf	0x52f30ff5	mdp_drv_mt6768.ko
seq_printf	0x52f30ff5	mediatek-drm.ko
seq_printf	0x52f30ff5	mediatek_eem.ko
seq_printf	0x52f30ff5	mediatek_static_power.ko
seq_printf	0x52f30ff5	mi_memory.ko
seq_printf	0x52f30ff5	millet_core.ko
seq_printf	0x52f30ff5	millet_pkg.ko
seq_printf	0x52f30ff5	mmqos-common.ko
seq_printf	0x52f30ff5	mrdump.ko
seq_printf	0x52f30ff5	mt6577_auxadc.ko
seq_printf	0x52f30ff5	mtk-cmdq-drv-ext.ko
seq_printf	0x52f30ff5	mtk-dvfsrc-helper.ko
seq_printf	0x52f30ff5	mtk-icc-core.ko
seq_printf	0x52f30ff5	mtk-mmc-dbg.ko
seq_printf	0x52f30ff5	mtk-mmdvfs-debug.ko
seq_printf	0x52f30ff5	mtk-smi-dbg.ko
seq_printf	0x52f30ff5	mtk_charger_framework.ko
seq_printf	0x52f30ff5	mtk_gpu_qos.ko
seq_printf	0x52f30ff5	mtk_gpufreq_wrapper_legacy.ko
seq_printf	0x52f30ff5	mtk_heap_debug.ko
seq_printf	0x52f30ff5	mtk_mdpm_v1.ko
seq_printf	0x52f30ff5	mtk_pbm.ko
seq_printf	0x52f30ff5	mtk_peak_power_budget.ko
seq_printf	0x52f30ff5	mtk_perf_ioctl.ko
seq_printf	0x52f30ff5	mtk_ppm_v3.ko
seq_printf	0x52f30ff5	mtk_printk_ctrl.ko
seq_printf	0x52f30ff5	mtk_sec_heap.ko
seq_printf	0x52f30ff5	mtk_spi.ko
seq_printf	0x52f30ff5	musb_hdrc.ko
seq_printf	0x52f30ff5	nt36528_spi.ko
seq_printf	0x52f30ff5	perfhelper.ko
seq_printf	0x52f30ff5	phy-mtk-tphy.ko
seq_printf	0x52f30ff5	pidmap.ko
seq_printf	0x52f30ff5	pinctrl-mtk-common-v2_debug.ko
seq_printf	0x52f30ff5	pinctrl-mtk-v2.ko
seq_printf	0x52f30ff5	scp.ko
seq_printf	0x52f30ff5	sec.ko
seq_printf	0x52f30ff5	sil_fingerprint.ko
seq_printf	0x52f30ff5	system_heap.ko
seq_printf	0x52f30ff5	tcpc_class.ko
seq_printf	0x52f30ff5	thermal_monitor.ko
seq_printf	0x52f30ff5	trace_mmstat.ko
seq_printf	0x52f30ff5	ufs-mediatek-dbg.ko
seq_putc	0xeeb00d41	icnl9916_spi.ko
seq_putc	0xeeb00d41	mali_kbase_mt6768_r49.ko
seq_putc	0xeeb00d41	pidmap.ko
seq_putc	0xeeb00d41	sec.ko
seq_putc	0xeeb00d41	trace_mmstat.ko
seq_puts	0x5389b175	CPU_DVFS.ko
seq_puts	0x5389b175	blocktag.ko
seq_puts	0x5389b175	bootprof.ko
seq_puts	0x5389b175	camera_isp_4_t.ko
seq_puts	0x5389b175	camera_mem.ko
seq_puts	0x5389b175	clk-common.ko
seq_puts	0x5389b175	drm_display_helper.ko
seq_puts	0x5389b175	extcon-mtk-usb.ko
seq_puts	0x5389b175	fhctl.ko
seq_puts	0x5389b175	icnl9916_spi.ko
seq_puts	0x5389b175	log_store.ko
seq_puts	0x5389b175	mali_kbase_mt6768_r49.ko
seq_puts	0x5389b175	mdp_drv_mt6768.ko
seq_puts	0x5389b175	mediatek_eem.ko
seq_puts	0x5389b175	mmqos-common.ko
seq_puts	0x5389b175	mrdump.ko
seq_puts	0x5389b175	mt6577_auxadc.ko
seq_puts	0x5389b175	mtk-cmdq-drv-ext.ko
seq_puts	0x5389b175	mtk-icc-core.ko
seq_puts	0x5389b175	mtk-mml.ko
seq_puts	0x5389b175	mtk-smi-dbg.ko
seq_puts	0x5389b175	mtk_gpu_qos.ko
seq_puts	0x5389b175	mtk_gpufreq_wrapper_legacy.ko
seq_puts	0x5389b175	mtk_mdpm_v1.ko
seq_puts	0x5389b175	mtk_pbm.ko
seq_puts	0x5389b175	mtk_peak_power_budget.ko
seq_puts	0x5389b175	mtk_ppm_v3.ko
seq_puts	0x5389b175	mtk_printk_ctrl.ko
seq_puts	0x5389b175	musb_hdrc.ko
seq_puts	0x5389b175	nt36528_spi.ko
seq_puts	0x5389b175	pidmap.ko
seq_puts	0x5389b175	pinctrl-mtk-common-v2_debug.ko
seq_puts	0x5389b175	scp.ko
seq_puts	0x5389b175	tcpc_class.ko
seq_puts	0x5389b175	thermal_monitor.ko
seq_puts	0x5389b175	trace_mmstat.ko
seq_read	0xace43a6c	CPU_DVFS.ko
seq_read	0xace43a6c	MTK_INTERNAL_SPM.ko
seq_read	0xace43a6c	Upower.ko
seq_read	0xace43a6c	aee_aed.ko
seq_read	0xace43a6c	blocktag.ko
seq_read	0xace43a6c	bootprof.ko
seq_read	0xace43a6c	camera_isp_4_t.ko
seq_read	0xace43a6c	camera_mem.ko
seq_read	0xace43a6c	clk-common.ko
seq_read	0xace43a6c	cpumaxfreq.ko
seq_read	0xace43a6c	extcon-mtk-usb.ko
seq_read	0xace43a6c	fhctl.ko
seq_read	0xace43a6c	ft8057m_spi.ko
seq_read	0xace43a6c	ft8057p_spi.ko
seq_read	0xace43a6c	ged.ko
seq_read	0xace43a6c	gf_fingerprint.ko
seq_read	0xace43a6c	icnl9916_spi.ko
seq_read	0xace43a6c	imgsensor_isp4_t.ko
seq_read	0xace43a6c	iommu_debug.ko
seq_read	0xace43a6c	log_store.ko
seq_read	0xace43a6c	mali_kbase_mt6768_r49.ko
seq_read	0xace43a6c	mediatek-drm.ko
seq_read	0xace43a6c	mediatek_eem.ko
seq_read	0xace43a6c	mediatek_static_power.ko
seq_read	0xace43a6c	met.ko
seq_read	0xace43a6c	mi_memory.ko
seq_read	0xace43a6c	millet_core.ko
seq_read	0xace43a6c	mmqos-common.ko
seq_read	0xace43a6c	mrdump.ko
seq_read	0xace43a6c	mt6577_auxadc.ko
seq_read	0xace43a6c	mtk-cmdq-drv-ext.ko
seq_read	0xace43a6c	mtk-dvfsrc-helper.ko
seq_read	0xace43a6c	mtk-icc-core.ko
seq_read	0xace43a6c	mtk-mmc-dbg.ko
seq_read	0xace43a6c	mtk-mmdvfs-debug.ko
seq_read	0xace43a6c	mtk-mml.ko
seq_read	0xace43a6c	mtk-smi-dbg.ko
seq_read	0xace43a6c	mtk_charger_framework.ko
seq_read	0xace43a6c	mtk_gpu_qos.ko
seq_read	0xace43a6c	mtk_gpufreq_wrapper_legacy.ko
seq_read	0xace43a6c	mtk_heap_debug.ko
seq_read	0xace43a6c	mtk_ioctl_powerhal.ko
seq_read	0xace43a6c	mtk_ioctl_touch_boost.ko
seq_read	0xace43a6c	mtk_mdpm_v1.ko
seq_read	0xace43a6c	mtk_pbm.ko
seq_read	0xace43a6c	mtk_peak_power_budget.ko
seq_read	0xace43a6c	mtk_perf_ioctl.ko
seq_read	0xace43a6c	mtk_ppm_v3.ko
seq_read	0xace43a6c	mtk_printk_ctrl.ko
seq_read	0xace43a6c	mtk_spi.ko
seq_read	0xace43a6c	musb_hdrc.ko
seq_read	0xace43a6c	nt36528_spi.ko
seq_read	0xace43a6c	perf_helper.ko
seq_read	0xace43a6c	perfhelper.ko
seq_read	0xace43a6c	phy-mtk-tphy.ko
seq_read	0xace43a6c	pidmap.ko
seq_read	0xace43a6c	pinctrl-mtk-common-v2_debug.ko
seq_read	0xace43a6c	scheduler.ko
seq_read	0xace43a6c	scp.ko
seq_read	0xace43a6c	sec.ko
seq_read	0xace43a6c	sil_fingerprint.ko
seq_read	0xace43a6c	tcpc_class.ko
seq_read	0xace43a6c	thermal_monitor.ko
seq_read	0xace43a6c	trace_mmstat.ko
seq_read	0xace43a6c	ufs-mediatek-dbg.ko
seq_release	0xc8b58206	MTK_INTERNAL_SPM.ko
seq_release	0xc8b58206	blocktag.ko
seq_release	0xc8b58206	ged.ko
seq_release	0xc8b58206	icnl9916_spi.ko
seq_release	0xc8b58206	mali_kbase_mt6768_r49.ko
seq_release	0xc8b58206	met.ko
seq_release	0xc8b58206	nt36528_spi.ko
seq_release	0xc8b58206	pinctrl-mtk-common-v2_debug.ko
seq_release	0xc8b58206	sec.ko
seq_release_private	0xe0b925f0	aee_aed.ko
seq_write	0x2809ce23	aee_aed.ko
seq_write	0x2809ce23	log_store.ko
seq_write	0x2809ce23	mali_kbase_mt6768_r49.ko
seq_write	0x2809ce23	met.ko
seq_write	0x2809ce23	mtk-mml.ko
serial8250_do_set_termios	0xee36a486	8250_mtk.ko
serial8250_do_shutdown	0x8b10aca3	8250_mtk.ko
serial8250_do_startup	0x42cd2e3b	8250_mtk.ko
serial8250_get_port	0xb4abe329	8250_mtk.ko
serial8250_register_8250_port	0xb99c2860	8250_mtk.ko
serial8250_resume_port	0xc7208c3a	8250_mtk.ko
serial8250_rpm_get	0x33eb641b	8250_mtk.ko
serial8250_rpm_put	0xa5da5ea2	8250_mtk.ko
serial8250_suspend_port	0xcc248d26	8250_mtk.ko
serial8250_unregister_port	0xcefcd99a	8250_mtk.ko
setMaxBrightness	0x7ac81130	thermal_monitor.ko
set_capacity	0xb3bfe4d6	zram.ko
set_capacity_and_notify	0xba803d1c	zram.ko
set_clkchk_notify	0x46f99cd0	clkchk-mt6768.ko
set_clkchk_ops	0xf78aa734	clkchk-mt6768.ko
set_clkdbg_ops	0xdd8c58c9	clkdbg-mt6768.ko
set_cpus_allowed_ptr	0x1f57234f	aee_hangdet.ko
set_cpus_allowed_ptr	0x1f57234f	gz_trusty_mod.ko
set_cpus_allowed_ptr	0x1f57234f	gz_virtio_mod.ko
set_cpus_allowed_ptr	0x1f57234f	isee.ko
set_cpus_allowed_ptr	0x1f57234f	mcDrvModule.ko
set_cpus_allowed_ptr	0x1f57234f	mediatek-drm.ko
set_cpus_allowed_ptr	0x1f57234f	perf_helper.ko
set_cpus_allowed_ptr	0x1f57234f	perfhelper.ko
set_cpus_allowed_ptr	0x1f57234f	scheduler.ko
set_cpus_allowed_ptr_by_kernel	0x178680de	mtk_fpsgo.ko
set_curr_collab_state_driver_hook	0x7e1717e0	mtk_em.ko
set_gear_indices	0x6615d989	mtk_fpsgo.ko
set_ignore_idle_ctrl	0x9aece762	scheduler.ko
set_lcd_reset_gpio_keep_high_11st	0x057fbb89	nt36528_spi.ko
set_lcd_reset_gpio_keep_high_12th	0xe189134e	icnl9916_spi.ko
set_lcd_reset_gpio_keep_high_14th	0x5dd04e89	nt36528_spi.ko
set_lcd_reset_gpio_keep_high_1st	0xc1d7f62c	nt36528_spi.ko
set_lcd_reset_gpio_keep_high_4th	0x9978032c	nt36528_spi.ko
set_lcd_reset_gpio_keep_high_5th	0xf7f4186d	icnl9916_spi.ko
set_lcd_reset_gpio_keep_high_8th	0x3abbbee3	nt36528_spi.ko
set_lct_tp_gesture_status	0x8e4a0c40	ft8057p_spi.ko
set_lct_tp_info_callback	0xe67ef420	ft8057m_spi.ko
set_lct_tp_info_callback	0xe67ef420	ft8057p_spi.ko
set_lct_tp_proximity_switch_status	0xb8153232	alspshub.ko
set_lct_tp_work_status	0x04fd32b1	ft8057m_spi.ko
set_lct_tp_work_status	0x04fd32b1	ft8057p_spi.ko
set_lct_tp_work_status	0x04fd32b1	nt36528_spi.ko
set_next_entity	0xd83b29c9	scheduler.ko
set_normalized_timespec64	0x365acda7	imgsensor_isp4_t.ko
set_normalized_timespec64	0x365acda7	mtk-mml.ko
set_normalized_timespec64	0x365acda7	mtk-vcodec-dec-v1.ko
set_normalized_timespec64	0x365acda7	snd-soc-fs15xx.ko
set_page_dirty_lock	0x694ec9f9	mali_kbase_mt6768_r49.ko
set_page_private	0x94b8f77a	mali_kbase_mt6768_r49.ko
set_page_private	0x94b8f77a	zsmalloc.ko
set_prox_lcd_reset_gpio_keep_high	0x3e3f1137	ft8057p_spi.ko
set_prox_lcd_reset_gpio_keep_high1	0xcd863d3f	nt36528_spi.ko
set_prox_lcd_reset_gpio_keep_high11	0xc3ae0c21	nt36528_spi.ko
set_prox_lcd_reset_gpio_keep_high12	0xf643ba72	icnl9916_spi.ko
set_prox_lcd_reset_gpio_keep_high14	0x9d98d6d4	nt36528_spi.ko
set_prox_lcd_reset_gpio_keep_high2	0xf86b8b6c	nt36528_spi.ko
set_prox_lcd_reset_gpio_keep_high5	0x363b77c4	icnl9916_spi.ko
set_prox_lcd_reset_gpio_keep_high8	0x44063e86	nt36528_spi.ko
set_prox_lcd_reset_gpio_keep_high_10th	0xcbe9cd20	ft8057p_spi.ko
set_prox_lcd_reset_gpio_keep_high_3rd	0xb97af0c3	ft8057m_spi.ko
set_prox_lcd_reset_gpio_keep_high_6th	0x5edf843a	ft8057p_spi.ko
set_prox_lcd_reset_gpio_keep_high_7th	0x30539f7b	ft8057m_spi.ko
set_rps_map	0x8b3b5719	ccmni.ko
set_rps_map	0x8b3b5719	mtk_u_ether.ko
set_runnable_boost_enable	0xdd9eff63	scheduler.ko
set_sbb	0x7a160793	scheduler.ko
set_sbb_active_ratio	0x0623dd60	scheduler.ko
set_soc_md_rt_rat_by_idx	0xa0e55e02	ccci_md_all.ko
set_soc_md_rt_rat_str	0x6bfc0e5c	ccci_md_all.ko
set_target_margin	0x62d42e01	scheduler.ko
set_task_basic_vip	0xdfb60db3	mtk_fpsgo.ko
set_task_cpu	0x55091bd2	scheduler.ko
set_task_ls	0xcf9d5f01	mtk_fpsgo.ko
set_task_priority_based_vip_and_throttle	0x45b8368e	mtk_fpsgo.ko
set_task_vvip	0x5deca51a	mtk_fpsgo.ko
set_turn_point_freq	0xaf8e1795	scheduler.ko
set_user_nice	0x8f6e080a	ccu_isp4.ko
set_user_nice	0x8f6e080a	gz_trusty_mod.ko
set_user_nice	0x8f6e080a	gz_virtio_mod.ko
set_user_nice	0x8f6e080a	mcDrvModule.ko
set_user_nice	0x8f6e080a	mtk_fpsgo.ko
set_user_nice	0x8f6e080a	thermal_monitor.ko
set_user_nice	0x8f6e080a	wlan_drv_gen4m_6768.ko
set_user_nice	0x8f6e080a	wmt_drv.ko
set_v_driver_hook	0xa5bfd138	mtk_em.ko
set_val_m_driver_hook	0xa08a1371	mtk_em.ko
sg_alloc_table	0xb3f985a8	mtk-vcodec-common.ko
sg_alloc_table	0xb3f985a8	mtk_sec_heap.ko
sg_alloc_table	0xb3f985a8	system_heap.ko
sg_alloc_table	0xb3f985a8	trusted_mem.ko
sg_alloc_table_from_pages_segment	0xb19b1cf5	mediatek-drm.ko
sg_copy_from_buffer	0xdcbeba1d	rpmb-mtk.ko
sg_copy_to_buffer	0x016f123e	rpmb-mtk.ko
sg_free_table	0xc8c85086	mediatek-drm.ko
sg_free_table	0xc8c85086	mtk-vcodec-common.ko
sg_free_table	0xc8c85086	mtk_sec_heap.ko
sg_free_table	0xc8c85086	system_heap.ko
sg_free_table	0xc8c85086	trusted_mem.ko
sg_init_one	0x43babd19	ccu_isp4.ko
sg_init_one	0x43babd19	gz_ipc_mod.ko
sg_init_one	0x43babd19	mac80211.ko
sg_init_one	0x43babd19	mi_memory.ko
sg_init_one	0x43babd19	rpmb-mtk.ko
sg_init_table	0x2cf0c910	8250_mtk.ko
sg_init_table	0x2cf0c910	mac80211.ko
sg_init_table	0x2cf0c910	mi_memory.ko
sg_miter_next	0x077efd8a	mcDrvModule.ko
sg_miter_next	0x077efd8a	musb_hdrc.ko
sg_miter_start	0x2829ab11	mcDrvModule.ko
sg_miter_start	0x2829ab11	musb_hdrc.ko
sg_miter_stop	0x9192e83a	mcDrvModule.ko
sg_miter_stop	0x9192e83a	musb_hdrc.ko
sg_next	0xfbe215e4	cqhci.ko
sg_next	0xfbe215e4	mali_kbase_mt6768_r49.ko
sg_next	0xfbe215e4	mi_memory.ko
sg_next	0xfbe215e4	mtk-mmc.ko
sg_next	0xfbe215e4	mtk-vcodec-common.ko
sg_next	0xfbe215e4	mtk_sec_heap.ko
sg_next	0xfbe215e4	spi-mt65xx.ko
sg_next	0xfbe215e4	system_heap.ko
sg_next	0xfbe215e4	trusted_mem.ko
si_mem_available	0x785a93b4	mtk_perf_common.ko
si_mem_available	0x785a93b4	system_heap.ko
si_meminfo	0x40c7247c	mali_mgm_mt6768_r49.ko
si_meminfo	0x40c7247c	met.ko
si_meminfo	0x40c7247c	mi_memory.ko
si_meminfo	0x40c7247c	system_heap.ko
simple_attr_open	0x652a3d37	iommu_debug.ko
simple_attr_open	0x652a3d37	mali_kbase_mt6768_r49.ko
simple_attr_open	0x652a3d37	mali_mgm_mt6768_r49.ko
simple_attr_open	0x652a3d37	mediatek-drm.ko
simple_attr_open	0x652a3d37	mtk-cmdq-drv-ext.ko
simple_attr_open	0x652a3d37	mtk-smi-dbg.ko
simple_attr_read	0xa3e6197e	iommu_debug.ko
simple_attr_read	0xa3e6197e	mediatek-drm.ko
simple_attr_read	0xa3e6197e	mtk-cmdq-drv-ext.ko
simple_attr_read	0xa3e6197e	mtk-smi-dbg.ko
simple_attr_release	0x65966cfc	iommu_debug.ko
simple_attr_release	0x65966cfc	mali_kbase_mt6768_r49.ko
simple_attr_release	0x65966cfc	mali_mgm_mt6768_r49.ko
simple_attr_release	0x65966cfc	mediatek-drm.ko
simple_attr_release	0x65966cfc	mtk-cmdq-drv-ext.ko
simple_attr_release	0x65966cfc	mtk-smi-dbg.ko
simple_attr_write	0xf63bff1f	iommu_debug.ko
simple_attr_write	0xf63bff1f	mediatek-drm.ko
simple_attr_write	0xf63bff1f	mtk-cmdq-drv-ext.ko
simple_attr_write	0xf63bff1f	mtk-smi-dbg.ko
simple_open	0x509826ca	mali_kbase_mt6768_r49.ko
simple_read_from_buffer	0x9c81ceff	aee_aed.ko
simple_read_from_buffer	0x9c81ceff	device-apc-common-legacy.ko
simple_read_from_buffer	0x9c81ceff	icnl9916_spi.ko
simple_read_from_buffer	0x9c81ceff	lct_tp.ko
simple_read_from_buffer	0x9c81ceff	mali_kbase_mt6768_r49.ko
simple_read_from_buffer	0x9c81ceff	mcDrvModule.ko
simple_read_from_buffer	0x9c81ceff	mcdi.ko
simple_read_from_buffer	0x9c81ceff	mediatek-drm.ko
simple_read_from_buffer	0x9c81ceff	mmprofile.ko
simple_read_from_buffer	0x9c81ceff	mtk-mml.ko
simple_read_from_buffer	0x9c81ceff	mtk_battery_oc_throttling.ko
simple_read_from_buffer	0x9c81ceff	powerhal_cpu_ctrl.ko
simple_read_from_buffer	0x9c81ceff	sec-rng.ko
simple_read_from_buffer	0x9c81ceff	snd-soc-mt6358.ko
simple_read_from_buffer	0x9c81ceff	snd-soc-mt6768-afe.ko
simple_read_from_buffer	0x9c81ceff	tcpc_class.ko
simple_read_from_buffer	0x9c81ceff	touch_boost.ko
simple_read_from_buffer	0x9c81ceff	uload_ind.ko
simple_strtol	0x0b742fd7	millet_core.ko
simple_strtol	0x0b742fd7	thermal_monitor.ko
simple_strtoul	0x20000329	icnl9916_spi.ko
simple_write_to_buffer	0x113858c3	lct_tp.ko
simple_write_to_buffer	0x113858c3	mmprofile.ko
simple_write_to_buffer	0x113858c3	mtk_battery_oc_throttling.ko
simple_write_to_buffer	0x113858c3	tcpc_class.ko
single_open	0x02c47934	CPU_DVFS.ko
single_open	0x02c47934	Upower.ko
single_open	0x02c47934	aee_aed.ko
single_open	0x02c47934	blocktag.ko
single_open	0x02c47934	bootprof.ko
single_open	0x02c47934	camera_isp_4_t.ko
single_open	0x02c47934	camera_mem.ko
single_open	0x02c47934	clk-common.ko
single_open	0x02c47934	cpumaxfreq.ko
single_open	0x02c47934	extcon-mtk-usb.ko
single_open	0x02c47934	fhctl.ko
single_open	0x02c47934	ft8057m_spi.ko
single_open	0x02c47934	ft8057p_spi.ko
single_open	0x02c47934	gf_fingerprint.ko
single_open	0x02c47934	icnl9916_spi.ko
single_open	0x02c47934	imgsensor_isp4_t.ko
single_open	0x02c47934	iommu_debug.ko
single_open	0x02c47934	log_store.ko
single_open	0x02c47934	mali_kbase_mt6768_r49.ko
single_open	0x02c47934	mcdi.ko
single_open	0x02c47934	mediatek-drm.ko
single_open	0x02c47934	mediatek_eem.ko
single_open	0x02c47934	mediatek_static_power.ko
single_open	0x02c47934	mi_memory.ko
single_open	0x02c47934	millet_core.ko
single_open	0x02c47934	mmqos-common.ko
single_open	0x02c47934	mrdump.ko
single_open	0x02c47934	mt6577_auxadc.ko
single_open	0x02c47934	mtk-cmdq-drv-ext.ko
single_open	0x02c47934	mtk-dvfsrc-helper.ko
single_open	0x02c47934	mtk-icc-core.ko
single_open	0x02c47934	mtk-mmc-dbg.ko
single_open	0x02c47934	mtk-mmdvfs-debug.ko
single_open	0x02c47934	mtk-smi-dbg.ko
single_open	0x02c47934	mtk_charger_framework.ko
single_open	0x02c47934	mtk_gpu_qos.ko
single_open	0x02c47934	mtk_gpufreq_wrapper_legacy.ko
single_open	0x02c47934	mtk_heap_debug.ko
single_open	0x02c47934	mtk_ioctl_powerhal.ko
single_open	0x02c47934	mtk_ioctl_touch_boost.ko
single_open	0x02c47934	mtk_mdpm_v1.ko
single_open	0x02c47934	mtk_pbm.ko
single_open	0x02c47934	mtk_peak_power_budget.ko
single_open	0x02c47934	mtk_perf_ioctl.ko
single_open	0x02c47934	mtk_ppm_v3.ko
single_open	0x02c47934	mtk_printk_ctrl.ko
single_open	0x02c47934	mtk_spi.ko
single_open	0x02c47934	musb_hdrc.ko
single_open	0x02c47934	perf_helper.ko
single_open	0x02c47934	perfhelper.ko
single_open	0x02c47934	phy-mtk-tphy.ko
single_open	0x02c47934	pidmap.ko
single_open	0x02c47934	pinctrl-mtk-common-v2_debug.ko
single_open	0x02c47934	scheduler.ko
single_open	0x02c47934	scp.ko
single_open	0x02c47934	sec.ko
single_open	0x02c47934	sil_fingerprint.ko
single_open	0x02c47934	system_heap.ko
single_open	0x02c47934	tcpc_class.ko
single_open	0x02c47934	thermal_monitor.ko
single_open	0x02c47934	trace_mmstat.ko
single_open	0x02c47934	ufs-mediatek-dbg.ko
single_open_size	0xea19cf45	mtk-mml.ko
single_release	0x3d1d73f3	CPU_DVFS.ko
single_release	0x3d1d73f3	Upower.ko
single_release	0x3d1d73f3	aee_aed.ko
single_release	0x3d1d73f3	blocktag.ko
single_release	0x3d1d73f3	bootprof.ko
single_release	0x3d1d73f3	camera_isp_4_t.ko
single_release	0x3d1d73f3	clk-common.ko
single_release	0x3d1d73f3	cpumaxfreq.ko
single_release	0x3d1d73f3	extcon-mtk-usb.ko
single_release	0x3d1d73f3	fhctl.ko
single_release	0x3d1d73f3	ft8057p_spi.ko
single_release	0x3d1d73f3	gf_fingerprint.ko
single_release	0x3d1d73f3	iommu_debug.ko
single_release	0x3d1d73f3	log_store.ko
single_release	0x3d1d73f3	mali_kbase_mt6768_r49.ko
single_release	0x3d1d73f3	mcdi.ko
single_release	0x3d1d73f3	mediatek_eem.ko
single_release	0x3d1d73f3	mediatek_static_power.ko
single_release	0x3d1d73f3	mi_memory.ko
single_release	0x3d1d73f3	millet_core.ko
single_release	0x3d1d73f3	mmqos-common.ko
single_release	0x3d1d73f3	mrdump.ko
single_release	0x3d1d73f3	mtk-cmdq-drv-ext.ko
single_release	0x3d1d73f3	mtk-icc-core.ko
single_release	0x3d1d73f3	mtk-mmc-dbg.ko
single_release	0x3d1d73f3	mtk-mmdvfs-debug.ko
single_release	0x3d1d73f3	mtk-mml.ko
single_release	0x3d1d73f3	mtk-smi-dbg.ko
single_release	0x3d1d73f3	mtk_charger_framework.ko
single_release	0x3d1d73f3	mtk_gpu_qos.ko
single_release	0x3d1d73f3	mtk_gpufreq_wrapper_legacy.ko
single_release	0x3d1d73f3	mtk_heap_debug.ko
single_release	0x3d1d73f3	mtk_ioctl_powerhal.ko
single_release	0x3d1d73f3	mtk_ioctl_touch_boost.ko
single_release	0x3d1d73f3	mtk_mdpm_v1.ko
single_release	0x3d1d73f3	mtk_pbm.ko
single_release	0x3d1d73f3	mtk_peak_power_budget.ko
single_release	0x3d1d73f3	mtk_perf_ioctl.ko
single_release	0x3d1d73f3	mtk_ppm_v3.ko
single_release	0x3d1d73f3	mtk_printk_ctrl.ko
single_release	0x3d1d73f3	mtk_spi.ko
single_release	0x3d1d73f3	musb_hdrc.ko
single_release	0x3d1d73f3	perf_helper.ko
single_release	0x3d1d73f3	perfhelper.ko
single_release	0x3d1d73f3	phy-mtk-tphy.ko
single_release	0x3d1d73f3	pidmap.ko
single_release	0x3d1d73f3	scheduler.ko
single_release	0x3d1d73f3	scp.ko
single_release	0x3d1d73f3	sil_fingerprint.ko
single_release	0x3d1d73f3	tcpc_class.ko
single_release	0x3d1d73f3	thermal_monitor.ko
single_release	0x3d1d73f3	trace_mmstat.ko
single_release	0x3d1d73f3	ufs-mediatek-dbg.ko
situation_data_report_t	0xd30e1aa2	situationhub.ko
situation_driver_add	0x91e7e93b	situationhub.ko
situation_flush_report	0x6b8a9cf5	situationhub.ko
situation_notify_t	0xae97f9c7	situationhub.ko
situation_probe	0x22289cdb	sensor_probe.ko
situation_register_control_path	0x34e20638	situationhub.ko
situation_register_data_path	0x1bf0d1c3	situationhub.ko
situation_remove	0xf7fbde71	sensor_probe.ko
skb_add_rx_frag	0x6412e673	cfg80211.ko
skb_checksum_help	0xd8cf6012	wlan_drv_gen4m_6768.ko
skb_clone	0x2d1eb091	mac80211.ko
skb_clone	0x2d1eb091	mtk_usb_f_rndis.ko
skb_clone_sk	0xbfd14e6e	mac80211.ko
skb_complete_wifi_ack	0xc3c55979	mac80211.ko
skb_copy	0xabe857d0	mac80211.ko
skb_copy	0xabe857d0	wlan_drv_gen4m_6768.ko
skb_copy_bits	0x6a47ace0	cfg80211.ko
skb_copy_bits	0x6a47ace0	mac80211.ko
skb_copy_expand	0x2031fbfd	mac80211.ko
skb_copy_expand	0x2031fbfd	wlan_drv_gen4m_6768.ko
skb_csum_hwoffload_help	0xe408034d	mac80211.ko
skb_dequeue	0xa3149350	mac80211.ko
skb_dequeue	0xa3149350	mtk_u_ether.ko
skb_dequeue	0xa3149350	wlan_drv_gen4m_6768.ko
skb_ensure_writable	0x16e4bb99	mac80211.ko
skb_pull	0x225a4143	ccci_cldma.ko
skb_pull	0x225a4143	ccci_md_all.ko
skb_pull	0x225a4143	cfg80211.ko
skb_pull	0x225a4143	mac80211.ko
skb_pull	0x225a4143	mtk_usb_f_rndis.ko
skb_pull	0x225a4143	wlan_drv_gen4m_6768.ko
skb_pull_rcsum	0x33a0fe56	wlan_drv_gen4m_6768.ko
skb_push	0x3f8bb6f0	ccci_cldma.ko
skb_push	0x3f8bb6f0	ccci_md_all.ko
skb_push	0x3f8bb6f0	cfg80211.ko
skb_push	0x3f8bb6f0	mac80211.ko
skb_push	0x3f8bb6f0	mtk_usb_f_rndis.ko
skb_push	0x3f8bb6f0	wlan_drv_gen4m_6768.ko
skb_put	0x14b4c5da	ccci_ccif.ko
skb_put	0x14b4c5da	ccci_cldma.ko
skb_put	0x14b4c5da	ccci_fsm_scp.ko
skb_put	0x14b4c5da	ccci_md_all.ko
skb_put	0x14b4c5da	cfg80211.ko
skb_put	0x14b4c5da	mac80211.ko
skb_put	0x14b4c5da	mtk_u_ether.ko
skb_put	0x14b4c5da	wlan_drv_gen4m_6768.ko
skb_queue_head	0xf01c54ac	mac80211.ko
skb_queue_purge_reason	0xdeea002d	mac80211.ko
skb_queue_tail	0x33a7e2b0	ccci_md_all.ko
skb_queue_tail	0x33a7e2b0	mac80211.ko
skb_queue_tail	0x33a7e2b0	mtk_u_ether.ko
skb_queue_tail	0x33a7e2b0	mtk_usb_f_rndis.ko
skb_queue_tail	0x33a7e2b0	wlan_drv_gen4m_6768.ko
skb_realloc_headroom	0x609ea232	mtk_usb_f_rndis.ko
skb_realloc_headroom	0x609ea232	wlan_drv_gen4m_6768.ko
skb_split	0xa3b95c8a	wlan_drv_gen4m_6768.ko
skb_trim	0x9b75b98a	ccci_md_all.ko
skb_trim	0x9b75b98a	cfg80211.ko
skb_trim	0x9b75b98a	mac80211.ko
skb_trim	0x9b75b98a	mtk_usb_f_rndis.ko
skb_trim	0x9b75b98a	wlan_drv_gen4m_6768.ko
skip_spaces	0xb71589f0	mediatek-drm.ko
smi_lock	0xd36facd9	mtk-smi-dbg.ko
smi_monitor_start	0x29e48363	mtk-vcodec-enc-v1.ko
smi_monitor_stop	0x051d468b	mtk-vcodec-enc-v1.ko
smi_sysram_enable	0x7a9039ff	mtk-vcodec-enc-v1.ko
smp_call_function_single	0x6228c21f	met.ko
smp_call_function_single	0x6228c21f	mtk_ppm_v3.ko
smp_call_function_single_async	0xa080c5e5	aee_hangdet.ko
smpu_clear_md_violation	0xe9863326	ccci_md_all.ko
snd_card_add_dev_attr	0x1ac66ce8	snd-soc-mt6358.ko
snd_ctl_boolean_mono_info	0x8b318d26	mtk-btcvsd.ko
snd_ctl_boolean_mono_info	0x8b318d26	snd-soc-mt6358.ko
snd_jack_set_key	0x8ec6259c	mt6358-accdet.ko
snd_pcm_format_physical_width	0x68a24153	snd-soc-mt6660.ko
snd_pcm_format_physical_width	0x68a24153	snd-soc-mt6768-afe.ko
snd_pcm_format_width	0xe56a9336	snd-soc-mt6660.ko
snd_pcm_hw_constraint_integer	0x8ef8aded	snd-soc-mt6768-afe.ko
snd_pcm_hw_constraint_integer	0x8ef8aded	snd-soc-mtk-common.ko
snd_pcm_hw_constraint_minmax	0xf9269ccc	snd-soc-mtk-common.ko
snd_pcm_hw_constraint_step	0xfa55f9bf	snd-soc-mt6768-afe.ko
snd_pcm_hw_constraint_step	0xfa55f9bf	snd-soc-mtk-common.ko
snd_pcm_lib_free_pages	0x712a7e05	snd-soc-mtk-common.ko
snd_pcm_lib_malloc_pages	0x982d9091	snd-soc-mtk-common.ko
snd_pcm_lib_preallocate_free_for_all	0x1d1a1d43	snd-soc-mtk-common.ko
snd_pcm_lib_preallocate_pages_for_all	0x1c469624	snd-soc-mtk-common.ko
snd_pcm_period_elapsed	0xbd70ab7b	mtk-btcvsd.ko
snd_pcm_period_elapsed	0xbd70ab7b	snd-soc-mt6768-afe.ko
snd_pcm_set_ops	0x40fef9f4	snd-soc-mtk-common.ko
snd_soc_add_card_controls	0xbd3d5519	snd-soc-fs15xx.ko
snd_soc_add_component_controls	0x3991f22c	mtk-btcvsd.ko
snd_soc_add_component_controls	0x3991f22c	snd-soc-fs15xx.ko
snd_soc_add_component_controls	0x3991f22c	snd-soc-mt6358.ko
snd_soc_add_component_controls	0x3991f22c	snd-soc-mt6768-afe.ko
snd_soc_add_component_controls	0x3991f22c	snd-soc-mtk-common.ko
snd_soc_bytes_info_ext	0xd515afc2	mtk-btcvsd.ko
snd_soc_bytes_tlv_callback	0xb83182ba	mtk-btcvsd.ko
snd_soc_card_jack_new	0xd9d29fd5	mt6358-accdet.ko
snd_soc_component_exit_regmap	0x82a327af	snd-soc-mt6660.ko
snd_soc_component_init_regmap	0xffb2bb66	snd-soc-mt6358.ko
snd_soc_component_init_regmap	0xffb2bb66	snd-soc-mt6660.ko
snd_soc_component_set_jack	0x69102277	mt6358-accdet.ko
snd_soc_component_update_bits	0x2fab1b40	snd-soc-mt6358.ko
snd_soc_component_update_bits	0x2fab1b40	snd-soc-mt6660.ko
snd_soc_dai_set_sysclk	0x94de1573	mt6768-mt6358.ko
snd_soc_dapm_add_routes	0x0bc01c37	snd-soc-mtk-common.ko
snd_soc_dapm_disable_pin	0x4453fc47	mt6768-mt6358.ko
snd_soc_dapm_get_enum_double	0x50a9b200	snd-soc-mt6358.ko
snd_soc_dapm_get_enum_double	0x50a9b200	snd-soc-mt6768-afe.ko
snd_soc_dapm_get_pin_switch	0xacd8a4d8	mt6768-mt6358.ko
snd_soc_dapm_get_volsw	0x49547768	snd-soc-mt6768-afe.ko
snd_soc_dapm_info_pin_switch	0x830a16ca	mt6768-mt6358.ko
snd_soc_dapm_new_controls	0xc62acc13	snd-soc-mtk-common.ko
snd_soc_dapm_new_widgets	0x9ac23ced	snd-soc-mtk-common.ko
snd_soc_dapm_put_enum_double	0x19ae626c	snd-soc-mt6358.ko
snd_soc_dapm_put_enum_double	0x19ae626c	snd-soc-mt6768-afe.ko
snd_soc_dapm_put_pin_switch	0xc24f853e	mt6768-mt6358.ko
snd_soc_dapm_put_volsw	0x3eaa4552	snd-soc-mt6768-afe.ko
snd_soc_get_volsw	0x8c04d594	snd-soc-mt6358.ko
snd_soc_get_volsw	0x8c04d594	snd-soc-mt6660.ko
snd_soc_get_volsw	0x8c04d594	snd-soc-mt6768-afe.ko
snd_soc_info_enum_double	0x67a10004	mt6768-mt6358.ko
snd_soc_info_enum_double	0x67a10004	mtk-btcvsd.ko
snd_soc_info_enum_double	0x67a10004	snd-soc-mt6358.ko
snd_soc_info_enum_double	0x67a10004	snd-soc-mt6768-afe.ko
snd_soc_info_volsw	0x9b8aff7b	snd-soc-fs15xx.ko
snd_soc_info_volsw	0x9b8aff7b	snd-soc-mt6358.ko
snd_soc_info_volsw	0x9b8aff7b	snd-soc-mt6660.ko
snd_soc_info_volsw	0x9b8aff7b	snd-soc-mt6768-afe.ko
snd_soc_jack_report	0x95c56b17	mt6358-accdet.ko
snd_soc_of_get_dai_link_codecs	0xf0e4783a	mt6768-mt6358.ko
snd_soc_poweroff	0xf1eeabe6	mt6768-mt6358.ko
snd_soc_put_volsw	0x3da00601	snd-soc-mt6660.ko
snd_soc_put_volsw	0x3da00601	snd-soc-mt6768-afe.ko
snd_soc_resume	0xfa05335b	mt6768-mt6358.ko
snd_soc_rtdcom_lookup	0x10681e9f	mt6768-mt6358.ko
snd_soc_rtdcom_lookup	0x10681e9f	snd-soc-mt6768-afe.ko
snd_soc_rtdcom_lookup	0x10681e9f	snd-soc-mtk-common.ko
snd_soc_set_runtime_hwparams	0x0052f364	mtk-btcvsd.ko
snd_soc_set_runtime_hwparams	0x0052f364	snd-soc-mt6768-afe.ko
snd_soc_set_runtime_hwparams	0x0052f364	snd-soc-mtk-common.ko
snd_soc_unregister_component	0xe75b3ce7	snd-soc-mt6768-afe.ko
snprintf	0x656e4a6e	8250_mtk.ko
snprintf	0x656e4a6e	MTK_INTERNAL_SPM.ko
snprintf	0x656e4a6e	accel_common.ko
snprintf	0x656e4a6e	accelhub.ko
snprintf	0x656e4a6e	adapter_class.ko
snprintf	0x656e4a6e	aee_aed.ko
snprintf	0x656e4a6e	aee_hangdet.ko
snprintf	0x656e4a6e	alsps_common.ko
snprintf	0x656e4a6e	alspshub.ko
snprintf	0x656e4a6e	baro_common.ko
snprintf	0x656e4a6e	barohub.ko
snprintf	0x656e4a6e	blocktag.ko
snprintf	0x656e4a6e	bt_drv_connac1x.ko
snprintf	0x656e4a6e	btif_drv.ko
snprintf	0x656e4a6e	c2k_usb.ko
snprintf	0x656e4a6e	cam_qos_4.ko
snprintf	0x656e4a6e	camera_dpe_isp40.ko
snprintf	0x656e4a6e	camera_isp_4_t.ko
snprintf	0x656e4a6e	ccci_ccif.ko
snprintf	0x656e4a6e	ccci_md_all.ko
snprintf	0x656e4a6e	ccci_util_lib.ko
snprintf	0x656e4a6e	cfg80211.ko
snprintf	0x656e4a6e	charger_class.ko
snprintf	0x656e4a6e	clk-common.ko
snprintf	0x656e4a6e	clkbuf.ko
snprintf	0x656e4a6e	cmdq-sec-drv.ko
snprintf	0x656e4a6e	conn_md_drv.ko
snprintf	0x656e4a6e	connadp.ko
snprintf	0x656e4a6e	drm_display_helper.ko
snprintf	0x656e4a6e	dsi_panel_c3n_35_02_0h_dsc_vdo.ko
snprintf	0x656e4a6e	dsi_panel_c3n_35_0f_0e_dsc_vdo.ko
snprintf	0x656e4a6e	dsi_panel_c3n_35_0f_0l_dsc_vdo.ko
snprintf	0x656e4a6e	dsi_panel_c3n_37_02_0d_dsc_vdo.ko
snprintf	0x656e4a6e	dsi_panel_c3n_43_02_0a_dsc_vdo.ko
snprintf	0x656e4a6e	dsi_panel_c3n_43_02_0k_dsc_vdo.ko
snprintf	0x656e4a6e	dsi_panel_c3n_43_02_0n_dsc_vdo.ko
snprintf	0x656e4a6e	dsi_panel_c3n_44_03_0b_dsc_vdo.ko
snprintf	0x656e4a6e	dsi_panel_c3n_44_03_0j_dsc_vdo.ko
snprintf	0x656e4a6e	dsi_panel_c3n_46_03_0c_dsc_vdo.ko
snprintf	0x656e4a6e	dsi_panel_c3n_46_03_0f_dsc_vdo.ko
snprintf	0x656e4a6e	dsi_panel_c3n_46_03_0g_dsc_vdo.ko
snprintf	0x656e4a6e	dsi_panel_c3n_null_dsc_vdo.ko
snprintf	0x656e4a6e	emictrl.ko
snprintf	0x656e4a6e	emiisu.ko
snprintf	0x656e4a6e	emimpu.ko
snprintf	0x656e4a6e	extdev_io_class.ko
snprintf	0x656e4a6e	flashlight.ko
snprintf	0x656e4a6e	ft8057m_spi.ko
snprintf	0x656e4a6e	ft8057p_spi.ko
snprintf	0x656e4a6e	fusion.ko
snprintf	0x656e4a6e	gc_gc6133c_ii.ko
snprintf	0x656e4a6e	ged.ko
snprintf	0x656e4a6e	gps_drv_stp.ko
snprintf	0x656e4a6e	gyro_common.ko
snprintf	0x656e4a6e	gyrohub.ko
snprintf	0x656e4a6e	gz_ipc_mod.ko
snprintf	0x656e4a6e	gz_virtio_mod.ko
snprintf	0x656e4a6e	hwmon.ko
snprintf	0x656e4a6e	icnl9916_spi.ko
snprintf	0x656e4a6e	imgsensor_isp4_t.ko
snprintf	0x656e4a6e	iommu_debug.ko
snprintf	0x656e4a6e	irq-dbg.ko
snprintf	0x656e4a6e	isee.ko
snprintf	0x656e4a6e	leds-mtk.ko
snprintf	0x656e4a6e	mac80211.ko
snprintf	0x656e4a6e	mag_common.ko
snprintf	0x656e4a6e	maghub.ko
snprintf	0x656e4a6e	mcDrvModule.ko
snprintf	0x656e4a6e	mcdi.ko
snprintf	0x656e4a6e	mdp_drv_mt6768.ko
snprintf	0x656e4a6e	mediatek-drm.ko
snprintf	0x656e4a6e	met.ko
snprintf	0x656e4a6e	mi_memory.ko
snprintf	0x656e4a6e	miev.ko
snprintf	0x656e4a6e	mme.ko
snprintf	0x656e4a6e	mmprofile.ko
snprintf	0x656e4a6e	mmqos-common.ko
snprintf	0x656e4a6e	mrdump.ko
snprintf	0x656e4a6e	mt6358-accdet.ko
snprintf	0x656e4a6e	mt6358_battery.ko
snprintf	0x656e4a6e	mt635x-auxadc.ko
snprintf	0x656e4a6e	mtk-cmdq-drv-ext.ko
snprintf	0x656e4a6e	mtk-dvfsrc-helper.ko
snprintf	0x656e4a6e	mtk-mbox.ko
snprintf	0x656e4a6e	mtk-mmc-dbg.ko
snprintf	0x656e4a6e	mtk-mmdvfs.ko
snprintf	0x656e4a6e	mtk-mml.ko
snprintf	0x656e4a6e	mtk-smi-dbg.ko
snprintf	0x656e4a6e	mtk-smi.ko
snprintf	0x656e4a6e	mtk-uart-apdma.ko
snprintf	0x656e4a6e	mtk-vcodec-common.ko
snprintf	0x656e4a6e	mtk-vcodec-dec-v1.ko
snprintf	0x656e4a6e	mtk-vcodec-enc-v1.ko
snprintf	0x656e4a6e	mtk-vcu.ko
snprintf	0x656e4a6e	mtk_charger_cooling.ko
snprintf	0x656e4a6e	mtk_chg_type_det.ko
snprintf	0x656e4a6e	mtk_cm_mgr.ko
snprintf	0x656e4a6e	mtk_cpu_power_throttling.ko
snprintf	0x656e4a6e	mtk_dcm.ko
snprintf	0x656e4a6e	mtk_dramc.ko
snprintf	0x656e4a6e	mtk_fpsgo.ko
snprintf	0x656e4a6e	mtk_jpeg.ko
snprintf	0x656e4a6e	mtk_low_battery_throttling.ko
snprintf	0x656e4a6e	mtk_md_power_throttling.ko
snprintf	0x656e4a6e	mtk_pd_adapter.ko
snprintf	0x656e4a6e	mtk_peak_power_budget.ko
snprintf	0x656e4a6e	mtk_perf_common.ko
snprintf	0x656e4a6e	mtk_perf_ioctl.ko
snprintf	0x656e4a6e	mtk_power_gs_v1.ko
snprintf	0x656e4a6e	mtk_ppm_v3.ko
snprintf	0x656e4a6e	mtk_sync.ko
snprintf	0x656e4a6e	mtk_tinysys_ipi.ko
snprintf	0x656e4a6e	mtk_u_ether.ko
snprintf	0x656e4a6e	musb_boost.ko
snprintf	0x656e4a6e	musb_hdrc.ko
snprintf	0x656e4a6e	nt36528_spi.ko
snprintf	0x656e4a6e	pd_dbg_info.ko
snprintf	0x656e4a6e	perfhelper.ko
snprintf	0x656e4a6e	pinctrl-mtk-v2.ko
snprintf	0x656e4a6e	powerhal_cpu_ctrl.ko
snprintf	0x656e4a6e	rt_pd_manager.ko
snprintf	0x656e4a6e	sc_sc080cs_i.ko
snprintf	0x656e4a6e	scheduler.ko
snprintf	0x656e4a6e	scp.ko
snprintf	0x656e4a6e	sensorHub.ko
snprintf	0x656e4a6e	situation.ko
snprintf	0x656e4a6e	situationhub.ko
snprintf	0x656e4a6e	snd-soc-fs15xx.ko
snprintf	0x656e4a6e	sp_sp0821_iii.ko
snprintf	0x656e4a6e	spi-mt65xx.ko
snprintf	0x656e4a6e	sspm_v1.ko
snprintf	0x656e4a6e	step_counter.ko
snprintf	0x656e4a6e	tcpc_class.ko
snprintf	0x656e4a6e	tcpc_rt1711h.ko
snprintf	0x656e4a6e	tcpc_upm7610.ko
snprintf	0x656e4a6e	thermal_monitor.ko
snprintf	0x656e4a6e	touch_boost.ko
snprintf	0x656e4a6e	trusted_mem.ko
snprintf	0x656e4a6e	ufs-mediatek-dbg.ko
snprintf	0x656e4a6e	ufs-mediatek-mod.ko
snprintf	0x656e4a6e	upm6920_charger.ko
snprintf	0x656e4a6e	wlan_drv_gen4m_6768.ko
snprintf	0x656e4a6e	wmt_drv.ko
snprintf	0x656e4a6e	xiaomi_touch.ko
snprintf	0x656e4a6e	zram.ko
soc_device_register	0xce9822c8	mtk-socinfo.ko
soc_device_unregister	0x19c20269	mtk-socinfo.ko
sock_release	0x63c5cfdc	cfg80211.ko
soidle3_enter	0xc506bf4d	mcdi.ko
soidle_enter	0xbcfe43de	mcdi.ko
sort	0xb7c0f443	mtk_dynamic_loading_throttling.ko
sort	0xb7c0f443	mtk_fpsgo.ko
sort	0xb7c0f443	powerhal_cpu_ctrl.ko
sort	0xb7c0f443	touch_boost.ko
spi_bus_type	0xcc19f92f	mtk_spi.ko
spi_bus_type	0xcc19f92f	spi_slave.ko
spi_controller_resume	0x76cd4d44	spi-mt65xx.ko
spi_controller_suspend	0x6fb9b02a	spi-mt65xx.ko
spi_delay_to_ns	0x0a923fa3	spi-mt65xx.ko
spi_finalize_current_transfer	0xf78f7fdf	spi-mt65xx.ko
spi_fingerprint	0x7fc22194	gf_fingerprint.ko
spi_fingerprint	0x7fc22194	sil_fingerprint.ko
spi_mem_default_supports_op	0xeac7ecfd	spi-mt65xx.ko
spi_read_reg	0x5105b5a8	cmdq-bdg-test.ko
spi_setup	0x1acd36b9	ft8057m_spi.ko
spi_setup	0x1acd36b9	ft8057p_spi.ko
spi_setup	0x1acd36b9	icnl9916_spi.ko
spi_setup	0x1acd36b9	mtk_spi.ko
spi_setup	0x1acd36b9	nt36528_spi.ko
spi_sync	0xd637ba6d	ft8057m_spi.ko
spi_sync	0xd637ba6d	ft8057p_spi.ko
spi_sync	0xd637ba6d	gf_fingerprint.ko
spi_sync	0xd637ba6d	icnl9916_spi.ko
spi_sync	0xd637ba6d	mtk_spi.ko
spi_sync	0xd637ba6d	nt36528_spi.ko
spi_sync	0xd637ba6d	spi_slave.ko
spi_write_reg	0x8cb5f1e9	cmdq-bdg-test.ko
spislv_init	0x56467939	mediatek-drm.ko
spislv_read	0x3b1f1ea1	cmdq-bdg-mailbox.ko
spislv_read	0x3b1f1ea1	mediatek-drm.ko
spislv_read_register	0x6c293cfc	cmdq-bdg-mailbox.ko
spislv_switch_speed_hz	0x874d408c	mediatek-drm.ko
spislv_write	0xcfb78df7	cmdq-bdg-mailbox.ko
spislv_write	0xcfb78df7	mediatek-drm.ko
spislv_write_register	0x7c0b51ef	cmdq-bdg-mailbox.ko
spislv_write_register_mask	0xcd2a6d94	cmdq-bdg-mailbox.ko
spislv_write_register_mask	0xcd2a6d94	mediatek-drm.ko
split_page	0xd5774ea4	mali_mgm_mt6768_r49.ko
split_page	0xd5774ea4	zram.ko
spm_resource_req	0xe46632ff	scp.ko
spm_resource_req	0xe46632ff	snd-soc-mt6768-afe.ko
spm_set_scp_ipi_id_cb	0xa7c0a5a4	scp.ko
sprint_symbol	0x661601de	MTK_INTERNAL_SPM.ko
sprint_symbol	0x661601de	mtk_perf_common.ko
sprint_symbol_no_offset	0xe769232e	met.ko
sprintf	0x3c3ff9fd	MTK_INTERNAL_SPM.ko
sprintf	0x3c3ff9fd	accel_common.ko
sprintf	0x3c3ff9fd	accelhub.ko
sprintf	0x3c3ff9fd	barohub.ko
sprintf	0x3c3ff9fd	blocktag.ko
sprintf	0x3c3ff9fd	btif_drv.ko
sprintf	0x3c3ff9fd	cfg80211.ko
sprintf	0x3c3ff9fd	cpufreq_sugov_ext.ko
sprintf	0x3c3ff9fd	extcon-mtk-usb.ko
sprintf	0x3c3ff9fd	fmradio_drv_mt6631.ko
sprintf	0x3c3ff9fd	ged.ko
sprintf	0x3c3ff9fd	gf_fingerprint.ko
sprintf	0x3c3ff9fd	gyro_common.ko
sprintf	0x3c3ff9fd	gyrohub.ko
sprintf	0x3c3ff9fd	icnl9916_spi.ko
sprintf	0x3c3ff9fd	imgsensor_isp4_t.ko
sprintf	0x3c3ff9fd	isee.ko
sprintf	0x3c3ff9fd	lc_charger_sysfs.ko
sprintf	0x3c3ff9fd	lct_audio_info.ko
sprintf	0x3c3ff9fd	lct_tp.ko
sprintf	0x3c3ff9fd	leds-mtk.ko
sprintf	0x3c3ff9fd	mag_common.ko
sprintf	0x3c3ff9fd	maghub.ko
sprintf	0x3c3ff9fd	mdp_drv_mt6768.ko
sprintf	0x3c3ff9fd	mediatek-drm.ko
sprintf	0x3c3ff9fd	mediatek_static_power.ko
sprintf	0x3c3ff9fd	met.ko
sprintf	0x3c3ff9fd	mi_memory.ko
sprintf	0x3c3ff9fd	mi_rmap_efficiency.ko
sprintf	0x3c3ff9fd	mme.ko
sprintf	0x3c3ff9fd	mmprofile.ko
sprintf	0x3c3ff9fd	mmqos-common.ko
sprintf	0x3c3ff9fd	mrdump.ko
sprintf	0x3c3ff9fd	mt6358-accdet.ko
sprintf	0x3c3ff9fd	mt6358_battery.ko
sprintf	0x3c3ff9fd	mt63xx-debug.ko
sprintf	0x3c3ff9fd	mtk-dvfsrc-helper.ko
sprintf	0x3c3ff9fd	mtk-vcodec-dec-v1.ko
sprintf	0x3c3ff9fd	mtk-vcodec-enc-v1.ko
sprintf	0x3c3ff9fd	mtk_bp_thl.ko
sprintf	0x3c3ff9fd	mtk_charger_framework.ko
sprintf	0x3c3ff9fd	mtk_fpsgo.ko
sprintf	0x3c3ff9fd	mtk_low_battery_throttling.ko
sprintf	0x3c3ff9fd	mtk_mdpm_v1.ko
sprintf	0x3c3ff9fd	mtk_ppm_v3.ko
sprintf	0x3c3ff9fd	mtk_qos_legacy.ko
sprintf	0x3c3ff9fd	mtk_usb_f_rndis.ko
sprintf	0x3c3ff9fd	musb_boost.ko
sprintf	0x3c3ff9fd	musb_hdrc.ko
sprintf	0x3c3ff9fd	nt36528_spi.ko
sprintf	0x3c3ff9fd	nvmem-mt635x-efuse.ko
sprintf	0x3c3ff9fd	pmic_lbat_service.ko
sprintf	0x3c3ff9fd	rpmb.ko
sprintf	0x3c3ff9fd	situation.ko
sprintf	0x3c3ff9fd	thermal_monitor.ko
sprintf	0x3c3ff9fd	ufs-mediatek-mod.ko
sprintf	0x3c3ff9fd	usb_meta.ko
sprintf	0x3c3ff9fd	wifi_ant_check.ko
sprintf	0x3c3ff9fd	wmt_chrdev_wifi.ko
sprintf	0x3c3ff9fd	wmt_drv.ko
srcu_init_notifier_head	0xda3a3735	adapter_class.ko
srcu_init_notifier_head	0xda3a3735	charger_class.ko
srcu_init_notifier_head	0xda3a3735	mtk_charger_algorithm_class.ko
srcu_init_notifier_head	0xda3a3735	mtk_charger_framework.ko
srcu_init_notifier_head	0xda3a3735	tcpc_class.ko
srcu_notifier_call_chain	0x8879b1ce	charger_class.ko
srcu_notifier_call_chain	0x8879b1ce	mtk_charger_framework.ko
srcu_notifier_call_chain	0x8879b1ce	mtk_pd_adapter.ko
srcu_notifier_call_chain	0x8879b1ce	tcpc_class.ko
srcu_notifier_chain_register	0x68bb2c4c	adapter_class.ko
srcu_notifier_chain_register	0x68bb2c4c	charger_class.ko
srcu_notifier_chain_register	0x68bb2c4c	mtk_charger_algorithm_class.ko
srcu_notifier_chain_register	0x68bb2c4c	tcpc_class.ko
srcu_notifier_chain_unregister	0x5ee061b5	adapter_class.ko
srcu_notifier_chain_unregister	0x5ee061b5	charger_class.ko
srcu_notifier_chain_unregister	0x5ee061b5	mtk_charger_algorithm_class.ko
srcu_notifier_chain_unregister	0x5ee061b5	tcpc_class.ko
sscanf	0xbcab6ee6	MTK_INTERNAL_SPM.ko
sscanf	0xbcab6ee6	accel_common.ko
sscanf	0xbcab6ee6	accelhub.ko
sscanf	0xbcab6ee6	aee_aed.ko
sscanf	0xbcab6ee6	alsps_common.ko
sscanf	0xbcab6ee6	alspshub.ko
sscanf	0xbcab6ee6	baro_common.ko
sscanf	0xbcab6ee6	cfg80211.ko
sscanf	0xbcab6ee6	clkbuf.ko
sscanf	0xbcab6ee6	cmdq-bdg-test.ko
sscanf	0xbcab6ee6	cmdq-test.ko
sscanf	0xbcab6ee6	dsi_panel_c3n_35_02_0h_dsc_vdo.ko
sscanf	0xbcab6ee6	dsi_panel_c3n_35_0f_0e_dsc_vdo.ko
sscanf	0xbcab6ee6	dsi_panel_c3n_35_0f_0l_dsc_vdo.ko
sscanf	0xbcab6ee6	dsi_panel_c3n_37_02_0d_dsc_vdo.ko
sscanf	0xbcab6ee6	dsi_panel_c3n_43_02_0a_dsc_vdo.ko
sscanf	0xbcab6ee6	dsi_panel_c3n_43_02_0k_dsc_vdo.ko
sscanf	0xbcab6ee6	dsi_panel_c3n_43_02_0n_dsc_vdo.ko
sscanf	0xbcab6ee6	dsi_panel_c3n_44_03_0b_dsc_vdo.ko
sscanf	0xbcab6ee6	dsi_panel_c3n_44_03_0j_dsc_vdo.ko
sscanf	0xbcab6ee6	dsi_panel_c3n_46_03_0c_dsc_vdo.ko
sscanf	0xbcab6ee6	dsi_panel_c3n_46_03_0f_dsc_vdo.ko
sscanf	0xbcab6ee6	dsi_panel_c3n_46_03_0g_dsc_vdo.ko
sscanf	0xbcab6ee6	fhctl.ko
sscanf	0xbcab6ee6	ft8057m_spi.ko
sscanf	0xbcab6ee6	ft8057p_spi.ko
sscanf	0xbcab6ee6	fusion.ko
sscanf	0xbcab6ee6	gc_gc6133c_ii.ko
sscanf	0xbcab6ee6	gyro_common.ko
sscanf	0xbcab6ee6	gyrohub.ko
sscanf	0xbcab6ee6	gz_main_mod.ko
sscanf	0xbcab6ee6	imgsensor_isp4_t.ko
sscanf	0xbcab6ee6	isee.ko
sscanf	0xbcab6ee6	lct_tp.ko
sscanf	0xbcab6ee6	mag_common.ko
sscanf	0xbcab6ee6	maghub.ko
sscanf	0xbcab6ee6	mali_kbase_mt6768_r49.ko
sscanf	0xbcab6ee6	mediatek-drm.ko
sscanf	0xbcab6ee6	mmqos-common.ko
sscanf	0xbcab6ee6	mt6358-accdet.ko
sscanf	0xbcab6ee6	mtk-dvfsrc-helper.ko
sscanf	0xbcab6ee6	mtk-mmdvfs-debug.ko
sscanf	0xbcab6ee6	mtk-mml.ko
sscanf	0xbcab6ee6	mtk-smi-dbg.ko
sscanf	0xbcab6ee6	mtk_battery_oc_throttling.ko
sscanf	0xbcab6ee6	mtk_bp_thl.ko
sscanf	0xbcab6ee6	mtk_charger_framework.ko
sscanf	0xbcab6ee6	mtk_cm_mgr.ko
sscanf	0xbcab6ee6	mtk_dcm.ko
sscanf	0xbcab6ee6	mtk_fpsgo.ko
sscanf	0xbcab6ee6	mtk_gpufreq_wrapper_legacy.ko
sscanf	0xbcab6ee6	mtk_heap_debug.ko
sscanf	0xbcab6ee6	mtk_low_battery_throttling.ko
sscanf	0xbcab6ee6	mtk_pbm.ko
sscanf	0xbcab6ee6	mtk_peak_power_budget.ko
sscanf	0xbcab6ee6	mtk_perf_common.ko
sscanf	0xbcab6ee6	mtk_ppm_v3.ko
sscanf	0xbcab6ee6	mtk_usb_f_rndis.ko
sscanf	0xbcab6ee6	nt36528_spi.ko
sscanf	0xbcab6ee6	perf_helper.ko
sscanf	0xbcab6ee6	pinctrl-mtk-common-v2_debug.ko
sscanf	0xbcab6ee6	sc_sc080cs_i.ko
sscanf	0xbcab6ee6	scp.ko
sscanf	0xbcab6ee6	sensorHub.ko
sscanf	0xbcab6ee6	situation.ko
sscanf	0xbcab6ee6	situationhub.ko
sscanf	0xbcab6ee6	snd-soc-fs15xx.ko
sscanf	0xbcab6ee6	sp_sp0821_iii.ko
sscanf	0xbcab6ee6	step_counter.ko
sscanf	0xbcab6ee6	stepsignhub.ko
sscanf	0xbcab6ee6	system_heap.ko
sscanf	0xbcab6ee6	thermal_monitor.ko
sscanf	0xbcab6ee6	upm6920_charger.ko
sscanf	0xbcab6ee6	usb_meta.ko
sscanf	0xbcab6ee6	wifi_ant_check.ko
sscanf	0xbcab6ee6	wlan_drv_gen4m_6768.ko
sscanf	0xbcab6ee6	xiaomi_touch.ko
ssmr_offline	0x6ce41c25	gz_main_mod.ko
ssmr_online	0xb8313cbf	gz_main_mod.ko
sspm_ipi_recv_complete	0x0bfa8210	met.ko
sspm_ipi_recv_registration	0x3e4c5691	met.ko
sspm_ipi_recv_registration	0x3e4c5691	mtk_qos_legacy.ko
sspm_ipi_recv_registration_ex	0xbc9bc95d	CPU_DVFS.ko
sspm_ipi_recv_unregistration	0xb5971c41	met.ko
sspm_ipi_recv_wait	0x590068d0	CPU_DVFS.ko
sspm_ipi_recv_wait	0x590068d0	met.ko
sspm_ipi_recv_wait	0x590068d0	mtk_qos_legacy.ko
sspm_ipi_send_ack	0xd8ea9a71	met.ko
sspm_ipi_send_async	0x90fe04c0	MTK_INTERNAL_SPM.ko
sspm_ipi_send_async_wait	0xc5fd2338	MTK_INTERNAL_SPM.ko
sspm_ipi_send_sync	0xdfe2f5cb	CPU_DVFS.ko
sspm_ipi_send_sync	0xdfe2f5cb	MTK_INTERNAL_SPM.ko
sspm_ipi_send_sync	0xdfe2f5cb	fhctl.ko
sspm_ipi_send_sync	0xdfe2f5cb	met.ko
sspm_ipi_send_sync	0xdfe2f5cb	mtk-dvfsrc-helper.ko
sspm_ipi_send_sync	0xdfe2f5cb	mtk_cm_mgr.ko
sspm_ipi_send_sync	0xdfe2f5cb	mtk_qos_legacy.ko
sspm_mbox_read	0x2035ee8a	mcdi.ko
sspm_mbox_write	0xf1ece45c	mcdi.ko
sspm_reserve_mem_get_phys	0xb6ea4eb1	Upower.ko
sspm_reserve_mem_get_phys	0xb6ea4eb1	ged.ko
sspm_reserve_mem_get_phys	0xb6ea4eb1	met_sspm_api.ko
sspm_reserve_mem_get_phys_symbol	0xe4ed75e0	met_sspm_api.ko
sspm_reserve_mem_get_size	0x317f1dbc	Upower.ko
sspm_reserve_mem_get_size	0x317f1dbc	ged.ko
sspm_reserve_mem_get_size	0x317f1dbc	met_sspm_api.ko
sspm_reserve_mem_get_size_symbol	0x704e1b69	met_sspm_api.ko
sspm_reserve_mem_get_virt	0x238d879c	Upower.ko
sspm_reserve_mem_get_virt	0x238d879c	ged.ko
sspm_reserve_mem_get_virt	0x238d879c	met_sspm_api.ko
sspm_reserve_mem_get_virt_symbol	0xf100b993	met_sspm_api.ko
sspm_sbuf_get	0x720bd81e	mtk_qos_legacy.ko
stack_trace_print	0xa45c7b90	wlan_drv_gen4m_6768.ko
stack_trace_save	0x6bd1aa56	aee_aed.ko
stack_trace_save	0x6bd1aa56	mrdump.ko
stack_trace_save	0x6bd1aa56	mtk_perf_common.ko
stack_trace_save	0x6bd1aa56	wlan_drv_gen4m_6768.ko
static_key_slow_dec	0x2f4880df	mali_kbase_mt6768_r49.ko
static_key_slow_dec	0x2f4880df	rps_perf.ko
static_key_slow_dec	0x2f4880df	wlan_drv_gen4m_6768.ko
static_key_slow_inc	0x2c834418	mali_kbase_mt6768_r49.ko
static_key_slow_inc	0x2c834418	rps_perf.ko
static_key_slow_inc	0x2c834418	wlan_drv_gen4m_6768.ko
step_c_data_report_t	0x2efc7af7	stepsignhub.ko
step_c_driver_add	0x7e503c53	stepsignhub.ko
step_c_flush_report	0x5372d0ab	stepsignhub.ko
step_c_probe	0x191e5ccb	sensor_probe.ko
step_c_register_control_path	0x0e6db5db	stepsignhub.ko
step_c_register_data_path	0x86dc702a	stepsignhub.ko
step_c_remove	0xea77f8d5	sensor_probe.ko
step_d_flush_report	0x626ae7dc	stepsignhub.ko
step_notify_t	0x4601e458	stepsignhub.ko
stop_one_cpu	0xb9b9f56e	scheduler.ko
stop_one_cpu_nowait	0x60d1f7de	scheduler.ko
stpcpy	0xf4db35bc	lct_tp.ko
stpcpy	0xf4db35bc	ufs-mediatek-mod.ko
stpcpy	0xf4db35bc	usb_meta.ko
strcasecmp	0xaafdc258	icnl9916_spi.ko
strcasecmp	0xaafdc258	mediatek-drm.ko
strcasecmp	0xaafdc258	met.ko
strcasecmp	0xaafdc258	tcpc_class.ko
strchr	0x349cba85	aee_aed.ko
strchr	0x349cba85	clk-common.ko
strchr	0x349cba85	icnl9916_spi.ko
strchr	0x349cba85	lct_tp.ko
strchr	0x349cba85	mdp_drv_mt6768.ko
strchr	0x349cba85	mediatek-drm.ko
strchr	0x349cba85	met.ko
strchr	0x349cba85	mme.ko
strchr	0x349cba85	mt6358_battery.ko
strchr	0x349cba85	mtk_charger_framework.ko
strchr	0x349cba85	mtk_u_ether.ko
strchr	0x349cba85	musb_hdrc.ko
strchr	0x349cba85	thermal_monitor.ko
strchr	0x349cba85	wlan_drv_gen4m_6768.ko
strchr	0x349cba85	wmt_drv.ko
strcmp	0xe2d5255a	MTK_INTERNAL_SPM.ko
strcmp	0xe2d5255a	adapter_class.ko
strcmp	0xe2d5255a	aee_aed.ko
strcmp	0xe2d5255a	aee_hangdet.ko
strcmp	0xe2d5255a	binder_prio.ko
strcmp	0xe2d5255a	blocktag.ko
strcmp	0xe2d5255a	bootprof.ko
strcmp	0xe2d5255a	camera_dpe_isp40.ko
strcmp	0xe2d5255a	camera_isp_4_t.ko
strcmp	0xe2d5255a	ccci_ccif.ko
strcmp	0xe2d5255a	ccci_md_all.ko
strcmp	0xe2d5255a	ccci_util_lib.ko
strcmp	0xe2d5255a	ccu_isp4.ko
strcmp	0xe2d5255a	cfg80211.ko
strcmp	0xe2d5255a	charger_class.ko
strcmp	0xe2d5255a	clk-common.ko
strcmp	0xe2d5255a	clk-mt6768-pg.ko
strcmp	0xe2d5255a	clkbuf.ko
strcmp	0xe2d5255a	extcon-mtk-usb.ko
strcmp	0xe2d5255a	fhctl.ko
strcmp	0xe2d5255a	fmradio_drv_mt6631.ko
strcmp	0xe2d5255a	ged.ko
strcmp	0xe2d5255a	gz_ipc_mod.ko
strcmp	0xe2d5255a	gz_main_mod.ko
strcmp	0xe2d5255a	icnl9916_spi.ko
strcmp	0xe2d5255a	imgsensor_isp4_t.ko
strcmp	0xe2d5255a	isee.ko
strcmp	0xe2d5255a	log_store.ko
strcmp	0xe2d5255a	mac80211.ko
strcmp	0xe2d5255a	main2af.ko
strcmp	0xe2d5255a	main3af.ko
strcmp	0xe2d5255a	mainaf.ko
strcmp	0xe2d5255a	mali_kbase_mt6768_r49.ko
strcmp	0xe2d5255a	mediatek-drm.ko
strcmp	0xe2d5255a	met.ko
strcmp	0xe2d5255a	monitor_hang.ko
strcmp	0xe2d5255a	mrdump.ko
strcmp	0xe2d5255a	mt6768-mt6358.ko
strcmp	0xe2d5255a	mtk-emi.ko
strcmp	0xe2d5255a	mtk-mmc-dbg.ko
strcmp	0xe2d5255a	mtk-mmc-wp.ko
strcmp	0xe2d5255a	mtk-mmc.ko
strcmp	0xe2d5255a	mtk-mml.ko
strcmp	0xe2d5255a	mtk-scpsys.ko
strcmp	0xe2d5255a	mtk-sp-spk-amp.ko
strcmp	0xe2d5255a	mtk-vcodec-common.ko
strcmp	0xe2d5255a	mtk-vcodec-dec-v1.ko
strcmp	0xe2d5255a	mtk-vcodec-enc-v1.ko
strcmp	0xe2d5255a	mtk-vcu.ko
strcmp	0xe2d5255a	mtk_battery_oc_throttling.ko
strcmp	0xe2d5255a	mtk_bp_thl.ko
strcmp	0xe2d5255a	mtk_charger_algorithm_class.ko
strcmp	0xe2d5255a	mtk_charger_framework.ko
strcmp	0xe2d5255a	mtk_cm_mgr.ko
strcmp	0xe2d5255a	mtk_cpuhp.ko
strcmp	0xe2d5255a	mtk_fpsgo.ko
strcmp	0xe2d5255a	mtk_heap_debug.ko
strcmp	0xe2d5255a	mtk_iommu.ko
strcmp	0xe2d5255a	mtk_jpeg.ko
strcmp	0xe2d5255a	mtk_low_battery_throttling.ko
strcmp	0xe2d5255a	mtk_pbm.ko
strcmp	0xe2d5255a	mtk_peak_power_budget.ko
strcmp	0xe2d5255a	mtk_power_gs_v1.ko
strcmp	0xe2d5255a	musb_hdrc.ko
strcmp	0xe2d5255a	perfhelper.ko
strcmp	0xe2d5255a	pidmap.ko
strcmp	0xe2d5255a	pinctrl-mtk-common-v2_debug.ko
strcmp	0xe2d5255a	pmic_lbat_service.ko
strcmp	0xe2d5255a	reboot-mode.ko
strcmp	0xe2d5255a	scheduler.ko
strcmp	0xe2d5255a	scp.ko
strcmp	0xe2d5255a	sec.ko
strcmp	0xe2d5255a	sensorHub.ko
strcmp	0xe2d5255a	snd-soc-mt6358.ko
strcmp	0xe2d5255a	snd-soc-mt6768-afe.ko
strcmp	0xe2d5255a	snd-soc-mtk-common.ko
strcmp	0xe2d5255a	sub2af.ko
strcmp	0xe2d5255a	subaf.ko
strcmp	0xe2d5255a	tcpc_class.ko
strcmp	0xe2d5255a	thermal_monitor.ko
strcmp	0xe2d5255a	ufs-mediatek-dbg.ko
strcmp	0xe2d5255a	ufs-mediatek-mod.ko
strcmp	0xe2d5255a	usb_meta.ko
strcmp	0xe2d5255a	wlan_drv_gen4m_6768.ko
strcmp	0xe2d5255a	wmt_drv.ko
strcmp	0xe2d5255a	xm_smart_chg.ko
strcmp	0xe2d5255a	zram.ko
strcpy	0xe914e41e	binder_prio.ko
strcpy	0xe914e41e	blocktag.ko
strcpy	0xe914e41e	cfg80211.ko
strcpy	0xe914e41e	ged.ko
strcpy	0xe914e41e	mac80211.ko
strcpy	0xe914e41e	mediatek-drm.ko
strcpy	0xe914e41e	mmqos-common.ko
strcpy	0xe914e41e	mtk-icc-core.ko
strcpy	0xe914e41e	mtk-mbox.ko
strcpy	0xe914e41e	mtk_fpsgo.ko
strcpy	0xe914e41e	mtk_perf_common.ko
strcpy	0xe914e41e	musb_hdrc.ko
strcpy	0xe914e41e	powerhal_cpu_ctrl.ko
strcpy	0xe914e41e	scheduler.ko
strcpy	0xe914e41e	touch_boost.ko
strcpy	0xe914e41e	uload_ind.ko
strcpy	0xe914e41e	usb_meta.ko
strcspn	0x1ac5d3cb	aee_hangdet.ko
strcspn	0x1ac5d3cb	mali_kbase_mt6768_r49.ko
strim	0x77bc13a0	icnl9916_spi.ko
strim	0x77bc13a0	mali_kbase_mt6768_r49.ko
strim	0x77bc13a0	mediatek-drm.ko
strim	0x77bc13a0	perfhelper.ko
strim	0x77bc13a0	usb_meta.ko
strlen	0x98cf60b3	MTK_INTERNAL_SPM.ko
strlen	0x98cf60b3	aee_aed.ko
strlen	0x98cf60b3	binder_prio.ko
strlen	0x98cf60b3	blocktag.ko
strlen	0x98cf60b3	bootprof.ko
strlen	0x98cf60b3	bt_drv_connac1x.ko
strlen	0x98cf60b3	ccci_md_all.ko
strlen	0x98cf60b3	ccci_util_lib.ko
strlen	0x98cf60b3	ccu_isp4.ko
strlen	0x98cf60b3	cfg80211.ko
strlen	0x98cf60b3	connadp.ko
strlen	0x98cf60b3	device-apc-common-legacy.ko
strlen	0x98cf60b3	emictrl.ko
strlen	0x98cf60b3	emiisu.ko
strlen	0x98cf60b3	emimpu.ko
strlen	0x98cf60b3	extdev_io_class.ko
strlen	0x98cf60b3	flashlight.ko
strlen	0x98cf60b3	fmradio_drv_mt6631.ko
strlen	0x98cf60b3	ft8057m_spi.ko
strlen	0x98cf60b3	ft8057p_spi.ko
strlen	0x98cf60b3	ged.ko
strlen	0x98cf60b3	gz_ipc_mod.ko
strlen	0x98cf60b3	icnl9916_spi.ko
strlen	0x98cf60b3	imgsensor_isp4_t.ko
strlen	0x98cf60b3	isee.ko
strlen	0x98cf60b3	lct_tp.ko
strlen	0x98cf60b3	leds-mtk.ko
strlen	0x98cf60b3	mac80211.ko
strlen	0x98cf60b3	mdp_drv_mt6768.ko
strlen	0x98cf60b3	mediatek-drm.ko
strlen	0x98cf60b3	met.ko
strlen	0x98cf60b3	miev.ko
strlen	0x98cf60b3	millet_core.ko
strlen	0x98cf60b3	mme.ko
strlen	0x98cf60b3	mmprofile.ko
strlen	0x98cf60b3	mmqos-common.ko
strlen	0x98cf60b3	monitor_hang.ko
strlen	0x98cf60b3	mrdump.ko
strlen	0x98cf60b3	mt6358-accdet.ko
strlen	0x98cf60b3	mt6358_battery.ko
strlen	0x98cf60b3	mtk-cmdq-drv-ext.ko
strlen	0x98cf60b3	mtk-icc-core.ko
strlen	0x98cf60b3	mtk-mbox.ko
strlen	0x98cf60b3	mtk-scpsys.ko
strlen	0x98cf60b3	mtk-vcodec-common.ko
strlen	0x98cf60b3	mtk-vcodec-dec-v1.ko
strlen	0x98cf60b3	mtk-vcodec-enc-v1.ko
strlen	0x98cf60b3	mtk-vcu.ko
strlen	0x98cf60b3	mtk_charger_cooling.ko
strlen	0x98cf60b3	mtk_charger_framework.ko
strlen	0x98cf60b3	mtk_dramc.ko
strlen	0x98cf60b3	mtk_fpsgo.ko
strlen	0x98cf60b3	mtk_heap_debug.ko
strlen	0x98cf60b3	mtk_perf_common.ko
strlen	0x98cf60b3	mtk_rpmsg_mbox.ko
strlen	0x98cf60b3	mtk_sync.ko
strlen	0x98cf60b3	mtk_u_ether.ko
strlen	0x98cf60b3	mtk_usb_f_rndis.ko
strlen	0x98cf60b3	musb_hdrc.ko
strlen	0x98cf60b3	nvmem-mt635x-efuse.ko
strlen	0x98cf60b3	perfhelper.ko
strlen	0x98cf60b3	pidmap.ko
strlen	0x98cf60b3	pinctrl-mtk-v2.ko
strlen	0x98cf60b3	pmic_lbat_service.ko
strlen	0x98cf60b3	powerhal_cpu_ctrl.ko
strlen	0x98cf60b3	scheduler.ko
strlen	0x98cf60b3	scp.ko
strlen	0x98cf60b3	sec-rng.ko
strlen	0x98cf60b3	spi-mt65xx.ko
strlen	0x98cf60b3	system_heap.ko
strlen	0x98cf60b3	tcpc_class.ko
strlen	0x98cf60b3	tcpc_rt1711h.ko
strlen	0x98cf60b3	tcpc_upm7610.ko
strlen	0x98cf60b3	thermal_monitor.ko
strlen	0x98cf60b3	touch_boost.ko
strlen	0x98cf60b3	ufs-mediatek-mod.ko
strlen	0x98cf60b3	uload_ind.ko
strlen	0x98cf60b3	wifi_ant_check.ko
strlen	0x98cf60b3	wlan_drv_gen4m_6768.ko
strlen	0x98cf60b3	wmt_chrdev_wifi.ko
strlen	0x98cf60b3	wmt_drv.ko
strlen	0x98cf60b3	xm_smart_chg.ko
strlen	0x98cf60b3	zram.ko
strncasecmp	0x96b29254	device-apc-common-legacy.ko
strncasecmp	0x96b29254	icnl9916_spi.ko
strncasecmp	0x96b29254	met.ko
strncasecmp	0x96b29254	wlan_drv_gen4m_6768.ko
strncasecmp	0x96b29254	wmt_drv.ko
strncat	0x2e2b40d2	connadp.ko
strncat	0x2e2b40d2	wmt_drv.ko
strncmp	0x5a921311	MTK_INTERNAL_SPM.ko
strncmp	0x5a921311	aee_aed.ko
strncmp	0x5a921311	aee_hangdet.ko
strncmp	0x5a921311	aee_rs.ko
strncmp	0x5a921311	atf_logger.ko
strncmp	0x5a921311	binder_prio.ko
strncmp	0x5a921311	blocktag.ko
strncmp	0x5a921311	cam_qos_4.ko
strncmp	0x5a921311	camera_isp_4_t.ko
strncmp	0x5a921311	camera_mem.ko
strncmp	0x5a921311	ccci_md_all.ko
strncmp	0x5a921311	ccci_util_lib.ko
strncmp	0x5a921311	ccmni.ko
strncmp	0x5a921311	clk-common.ko
strncmp	0x5a921311	cmdq-sec-drv.ko
strncmp	0x5a921311	connadp.ko
strncmp	0x5a921311	device-apc-common-legacy.ko
strncmp	0x5a921311	dsi_panel_c3n_35_02_0h_dsc_vdo.ko
strncmp	0x5a921311	dsi_panel_c3n_35_0f_0e_dsc_vdo.ko
strncmp	0x5a921311	dsi_panel_c3n_35_0f_0l_dsc_vdo.ko
strncmp	0x5a921311	dsi_panel_c3n_37_02_0d_dsc_vdo.ko
strncmp	0x5a921311	dsi_panel_c3n_43_02_0a_dsc_vdo.ko
strncmp	0x5a921311	dsi_panel_c3n_43_02_0k_dsc_vdo.ko
strncmp	0x5a921311	dsi_panel_c3n_43_02_0n_dsc_vdo.ko
strncmp	0x5a921311	dsi_panel_c3n_44_03_0b_dsc_vdo.ko
strncmp	0x5a921311	dsi_panel_c3n_44_03_0j_dsc_vdo.ko
strncmp	0x5a921311	dsi_panel_c3n_46_03_0c_dsc_vdo.ko
strncmp	0x5a921311	dsi_panel_c3n_46_03_0f_dsc_vdo.ko
strncmp	0x5a921311	dsi_panel_c3n_46_03_0g_dsc_vdo.ko
strncmp	0x5a921311	emictrl.ko
strncmp	0x5a921311	emimpu.ko
strncmp	0x5a921311	flashlight.ko
strncmp	0x5a921311	fmradio_drv_mt6631.ko
strncmp	0x5a921311	ft8057m_spi.ko
strncmp	0x5a921311	ft8057p_spi.ko
strncmp	0x5a921311	ged.ko
strncmp	0x5a921311	gf_fingerprint.ko
strncmp	0x5a921311	gz_ipc_mod.ko
strncmp	0x5a921311	isee.ko
strncmp	0x5a921311	leds-mtk.ko
strncmp	0x5a921311	mali_kbase_mt6768_r49.ko
strncmp	0x5a921311	mcdi.ko
strncmp	0x5a921311	mediatek-drm.ko
strncmp	0x5a921311	met.ko
strncmp	0x5a921311	mi_memory.ko
strncmp	0x5a921311	mmprofile.ko
strncmp	0x5a921311	monitor_hang.ko
strncmp	0x5a921311	mrdump.ko
strncmp	0x5a921311	mtk-kpd.ko
strncmp	0x5a921311	mtk-mmc.ko
strncmp	0x5a921311	mtk-mmdvfs.ko
strncmp	0x5a921311	mtk-mml.ko
strncmp	0x5a921311	mtk-pmic-keys.ko
strncmp	0x5a921311	mtk-scpsys.ko
strncmp	0x5a921311	mtk-vcodec-dec-v1.ko
strncmp	0x5a921311	mtk_fpsgo.ko
strncmp	0x5a921311	mtk_gpu_hal.ko
strncmp	0x5a921311	mtk_heap_debug.ko
strncmp	0x5a921311	mtk_printk_ctrl.ko
strncmp	0x5a921311	mtk_spi.ko
strncmp	0x5a921311	nt36528_spi.ko
strncmp	0x5a921311	perf_helper.ko
strncmp	0x5a921311	perfhelper.ko
strncmp	0x5a921311	pinctrl-mtk-common-v2_debug.ko
strncmp	0x5a921311	reboot-mode.ko
strncmp	0x5a921311	sec-rng.ko
strncmp	0x5a921311	snd-soc-mt6768-afe.ko
strncmp	0x5a921311	spi-mt65xx.ko
strncmp	0x5a921311	system_heap.ko
strncmp	0x5a921311	teeperf.ko
strncmp	0x5a921311	thermal_monitor.ko
strncmp	0x5a921311	trusted_mem.ko
strncmp	0x5a921311	ufs-mediatek-mod.ko
strncmp	0x5a921311	wlan_drv_gen4m_6768.ko
strncmp	0x5a921311	wmt_drv.ko
strncmp	0x5a921311	zram.ko
strncpy	0x9166fada	aee_aed.ko
strncpy	0x9166fada	blocktag.ko
strncpy	0x9166fada	bt_drv_connac1x.ko
strncpy	0x9166fada	btif_drv.ko
strncpy	0x9166fada	camera_isp_4_t.ko
strncpy	0x9166fada	camera_mem.ko
strncpy	0x9166fada	ccci_md_all.ko
strncpy	0x9166fada	clk-common.ko
strncpy	0x9166fada	connadp.ko
strncpy	0x9166fada	device-apc-common-legacy.ko
strncpy	0x9166fada	ged.ko
strncpy	0x9166fada	gz_ipc_mod.ko
strncpy	0x9166fada	gz_virtio_mod.ko
strncpy	0x9166fada	isee.ko
strncpy	0x9166fada	lct_audio_info.ko
strncpy	0x9166fada	lct_tp.ko
strncpy	0x9166fada	mac80211.ko
strncpy	0x9166fada	mdp_drv_mt6768.ko
strncpy	0x9166fada	mediatek-drm.ko
strncpy	0x9166fada	met.ko
strncpy	0x9166fada	mmprofile.ko
strncpy	0x9166fada	monitor_hang.ko
strncpy	0x9166fada	mrdump.ko
strncpy	0x9166fada	mt6358_battery.ko
strncpy	0x9166fada	mtk-dvfsrc.ko
strncpy	0x9166fada	mtk-vcu.ko
strncpy	0x9166fada	mtk_charger_cooling.ko
strncpy	0x9166fada	mtk_charger_framework.ko
strncpy	0x9166fada	mtk_fpsgo.ko
strncpy	0x9166fada	mtk_gpu_hal.ko
strncpy	0x9166fada	mtk_heap_debug.ko
strncpy	0x9166fada	perfhelper.ko
strncpy	0x9166fada	phy-mtk-tphy.ko
strncpy	0x9166fada	pidmap.ko
strncpy	0x9166fada	scheduler.ko
strncpy	0x9166fada	thermal_monitor.ko
strncpy	0x9166fada	usb_meta.ko
strncpy	0x9166fada	wifi_ant_check.ko
strncpy	0x9166fada	wlan_drv_gen4m_6768.ko
strncpy	0x9166fada	wmt_drv.ko
strncpy_from_user	0x0229f72d	gz_ipc_mod.ko
strncpy_from_user	0x0229f72d	gz_main_mod.ko
strncpy_from_user	0x0229f72d	mdp_drv_mt6768.ko
strnlen	0xa916b694	MTK_INTERNAL_SPM.ko
strnlen	0xa916b694	accel_common.ko
strnlen	0xa916b694	aee_aed.ko
strnlen	0xa916b694	bt_drv_connac1x.ko
strnlen	0xa916b694	camera_isp_4_t.ko
strnlen	0xa916b694	ccci_md_all.ko
strnlen	0xa916b694	ccci_util_lib.ko
strnlen	0xa916b694	cfg80211.ko
strnlen	0xa916b694	clk-common.ko
strnlen	0xa916b694	conn_md_drv.ko
strnlen	0xa916b694	connadp.ko
strnlen	0xa916b694	device-apc-common-legacy.ko
strnlen	0xa916b694	drm_display_helper.ko
strnlen	0xa916b694	emiisu.ko
strnlen	0xa916b694	emimpu.ko
strnlen	0xa916b694	flashlight.ko
strnlen	0xa916b694	fmradio_drv_mt6631.ko
strnlen	0xa916b694	ft8057m_spi.ko
strnlen	0xa916b694	ft8057p_spi.ko
strnlen	0xa916b694	ged.ko
strnlen	0xa916b694	gyro_common.ko
strnlen	0xa916b694	gz_tz_system.ko
strnlen	0xa916b694	lct_audio_info.ko
strnlen	0xa916b694	lct_tp.ko
strnlen	0xa916b694	leds-mt6370-flash.ko
strnlen	0xa916b694	leds-mtk.ko
strnlen	0xa916b694	mac80211.ko
strnlen	0xa916b694	mag_common.ko
strnlen	0xa916b694	maghub.ko
strnlen	0xa916b694	mali_kbase_mt6768_r49.ko
strnlen	0xa916b694	mcDrvModule.ko
strnlen	0xa916b694	mcdi.ko
strnlen	0xa916b694	mdp_drv_mt6768.ko
strnlen	0xa916b694	mediatek-drm.ko
strnlen	0xa916b694	met.ko
strnlen	0xa916b694	mi_memory.ko
strnlen	0xa916b694	mmprofile.ko
strnlen	0xa916b694	monitor_hang.ko
strnlen	0xa916b694	mrdump.ko
strnlen	0xa916b694	mt6358-accdet.ko
strnlen	0xa916b694	mt6358_battery.ko
strnlen	0xa916b694	mt635x-auxadc.ko
strnlen	0xa916b694	mtk-cmdq-drv-ext.ko
strnlen	0xa916b694	mtk-smi-dbg.ko
strnlen	0xa916b694	mtk-vcodec-common.ko
strnlen	0xa916b694	mtk-vcodec-dec-v1.ko
strnlen	0xa916b694	mtk-vcodec-enc-v1.ko
strnlen	0xa916b694	mtk-vcu.ko
strnlen	0xa916b694	mtk_fpsgo.ko
strnlen	0xa916b694	mtk_jpeg.ko
strnlen	0xa916b694	mtk_u_ether.ko
strnlen	0xa916b694	musb_hdrc.ko
strnlen	0xa916b694	pmic_lbat_service.ko
strnlen	0xa916b694	powerhal_cpu_ctrl.ko
strnlen	0xa916b694	scp.ko
strnlen	0xa916b694	sec-rng.ko
strnlen	0xa916b694	sensor_list.ko
strnlen	0xa916b694	spi-mt65xx.ko
strnlen	0xa916b694	tcpc_class.ko
strnlen	0xa916b694	tcpc_rt1711h.ko
strnlen	0xa916b694	tcpc_upm7610.ko
strnlen	0xa916b694	thermal_monitor.ko
strnlen	0xa916b694	ufs-mediatek-mod.ko
strnlen	0xa916b694	uload_ind.ko
strnlen	0xa916b694	usb_meta.ko
strnlen	0xa916b694	v4l2-flash-led-class.ko
strnlen	0xa916b694	wlan_drv_gen4m_6768.ko
strnlen	0xa916b694	wmt_drv.ko
strnlen	0xa916b694	zram.ko
strnstr	0xc310b981	aee_aed.ko
strnstr	0xc310b981	wmt_drv.ko
strpbrk	0x9a1dfd65	wlan_drv_gen4m_6768.ko
strrchr	0x9f984513	met.ko
strrchr	0x9f984513	musb_hdrc.ko
strscpy	0xdd64e639	cfg80211.ko
strscpy	0xdd64e639	clk-common.ko
strscpy	0xdd64e639	drm_display_helper.ko
strscpy	0xdd64e639	emiisu.ko
strscpy	0xdd64e639	emimpu.ko
strscpy	0xdd64e639	ged.ko
strscpy	0xdd64e639	leds-mt6370-flash.ko
strscpy	0xdd64e639	leds-mtk.ko
strscpy	0xdd64e639	mac80211.ko
strscpy	0xdd64e639	mali_kbase_mt6768_r49.ko
strscpy	0xdd64e639	mcDrvModule.ko
strscpy	0xdd64e639	mediatek-drm.ko
strscpy	0xdd64e639	met.ko
strscpy	0xdd64e639	mt6358_battery.ko
strscpy	0xdd64e639	mtk-smi-dbg.ko
strscpy	0xdd64e639	mtk-vcodec-common.ko
strscpy	0xdd64e639	mtk-vcodec-dec-v1.ko
strscpy	0xdd64e639	mtk-vcodec-enc-v1.ko
strscpy	0xdd64e639	mtk_fpsgo.ko
strscpy	0xdd64e639	mtk_jpeg.ko
strscpy	0xdd64e639	mtk_u_ether.ko
strscpy	0xdd64e639	pmic_lbat_service.ko
strscpy	0xdd64e639	thermal_monitor.ko
strscpy	0xdd64e639	uload_ind.ko
strscpy	0xdd64e639	usb_meta.ko
strscpy	0xdd64e639	v4l2-flash-led-class.ko
strscpy	0xdd64e639	wlan_drv_gen4m_6768.ko
strscpy	0xdd64e639	zram.ko
strsep	0x85df9b6c	aee_aed.ko
strsep	0x85df9b6c	bt_drv_connac1x.ko
strsep	0x85df9b6c	btif_drv.ko
strsep	0x85df9b6c	clk-common.ko
strsep	0x85df9b6c	conn_md_drv.ko
strsep	0x85df9b6c	device-apc-common-legacy.ko
strsep	0x85df9b6c	emiisu.ko
strsep	0x85df9b6c	emimpu.ko
strsep	0x85df9b6c	extdev_io_class.ko
strsep	0x85df9b6c	flashlight.ko
strsep	0x85df9b6c	gz_ipc_mod.ko
strsep	0x85df9b6c	icnl9916_spi.ko
strsep	0x85df9b6c	imgsensor_isp4_t.ko
strsep	0x85df9b6c	mcdi.ko
strsep	0x85df9b6c	mediatek-drm.ko
strsep	0x85df9b6c	met.ko
strsep	0x85df9b6c	mt63xx-debug.ko
strsep	0x85df9b6c	mtk-mml.ko
strsep	0x85df9b6c	mtk-vcodec-common.ko
strsep	0x85df9b6c	mtk_fpsgo.ko
strsep	0x85df9b6c	mtk_ppm_v3.ko
strsep	0x85df9b6c	perfhelper.ko
strsep	0x85df9b6c	pmic_lbat_service.ko
strsep	0x85df9b6c	powerhal_cpu_ctrl.ko
strsep	0x85df9b6c	snd-soc-mt6358.ko
strsep	0x85df9b6c	snd-soc-mtk-common.ko
strsep	0x85df9b6c	tcpc_class.ko
strsep	0x85df9b6c	teeperf.ko
strsep	0x85df9b6c	thermal_monitor.ko
strsep	0x85df9b6c	usb_meta.ko
strsep	0x85df9b6c	wlan_drv_gen4m_6768.ko
strsep	0x85df9b6c	wmt_drv.ko
strsep	0x85df9b6c	xm_smart_chg.ko
strsep	0x85df9b6c	zram.ko
strspn	0xc29bf967	mme.ko
strspn	0xc29bf967	wlan_drv_gen4m_6768.ko
strstr	0x1e6d26a8	aee_aed.ko
strstr	0x1e6d26a8	binder_prio.ko
strstr	0x1e6d26a8	dsi_panel_c3n_35_02_0h_dsc_vdo.ko
strstr	0x1e6d26a8	dsi_panel_c3n_35_0f_0e_dsc_vdo.ko
strstr	0x1e6d26a8	dsi_panel_c3n_35_0f_0l_dsc_vdo.ko
strstr	0x1e6d26a8	dsi_panel_c3n_37_02_0d_dsc_vdo.ko
strstr	0x1e6d26a8	dsi_panel_c3n_43_02_0a_dsc_vdo.ko
strstr	0x1e6d26a8	dsi_panel_c3n_43_02_0k_dsc_vdo.ko
strstr	0x1e6d26a8	dsi_panel_c3n_43_02_0n_dsc_vdo.ko
strstr	0x1e6d26a8	dsi_panel_c3n_44_03_0b_dsc_vdo.ko
strstr	0x1e6d26a8	dsi_panel_c3n_44_03_0j_dsc_vdo.ko
strstr	0x1e6d26a8	dsi_panel_c3n_46_03_0c_dsc_vdo.ko
strstr	0x1e6d26a8	dsi_panel_c3n_46_03_0f_dsc_vdo.ko
strstr	0x1e6d26a8	dsi_panel_c3n_46_03_0g_dsc_vdo.ko
strstr	0x1e6d26a8	dsi_panel_c3n_null_dsc_vdo.ko
strstr	0x1e6d26a8	fhctl.ko
strstr	0x1e6d26a8	ged.ko
strstr	0x1e6d26a8	imgsensor_isp4_t.ko
strstr	0x1e6d26a8	lct_tp.ko
strstr	0x1e6d26a8	leds-mtk.ko
strstr	0x1e6d26a8	mali_kbase_mt6768_r49.ko
strstr	0x1e6d26a8	mediatek-drm.ko
strstr	0x1e6d26a8	monitor_hang.ko
strstr	0x1e6d26a8	mtk-mmc.ko
strstr	0x1e6d26a8	mtk-vcu.ko
strstr	0x1e6d26a8	mtk_battery_oc_throttling.ko
strstr	0x1e6d26a8	mtk_charger_framework.ko
strstr	0x1e6d26a8	mtk_fpsgo.ko
strstr	0x1e6d26a8	mtk_iommu.ko
strstr	0x1e6d26a8	mtk_sec_heap.ko
strstr	0x1e6d26a8	phy-mtk-tphy.ko
strstr	0x1e6d26a8	pmic_lbat_service.ko
strstr	0x1e6d26a8	thermal_monitor.ko
strstr	0x1e6d26a8	usb_meta.ko
strstr	0x1e6d26a8	wlan_drv_gen4m_6768.ko
strstr	0x1e6d26a8	wmt_drv.ko
submit_bio	0xce83ed34	zram.ko
submit_bio_wait	0x28c89809	zram.ko
subsys_if_on	0xb0508bfd	MTK_INTERNAL_SPM.ko
support_svp_region	0x0e78b31d	mtk-vcodec-dec-v1.ko
support_wfd_region	0x6823520a	mtk-vcodec-enc-v1.ko
suspend_set_ops	0x1ab0c7e0	MTK_INTERNAL_SPM.ko
sync_blockdev	0x6efcece3	zram.ko
sync_file_create	0xf6602598	ged.ko
sync_file_create	0xf6602598	mali_kbase_mt6768_r49.ko
sync_file_create	0xf6602598	mdp_drv_mt6768.ko
sync_file_create	0xf6602598	mtk_sync.ko
sync_file_get_fence	0x7155bcf8	ged.ko
sync_file_get_fence	0x7155bcf8	mali_kbase_mt6768_r49.ko
sync_file_get_fence	0x7155bcf8	mediatek-drm.ko
sync_file_get_fence	0x7155bcf8	mtk-mml.ko
synchronize_irq	0xe523ad75	mali_kbase_mt6768_r49.ko
synchronize_irq	0xe523ad75	mtk-cqdma.ko
synchronize_irq	0xe523ad75	mtk-uart-apdma.ko
synchronize_irq	0xe523ad75	musb_hdrc.ko
synchronize_irq	0xe523ad75	tcpc_rt1711h.ko
synchronize_irq	0xe523ad75	wlan_drv_gen4m_6768.ko
synchronize_net	0x609f1c7e	ccmni.ko
synchronize_net	0x609f1c7e	cfg80211.ko
synchronize_net	0x609f1c7e	mac80211.ko
synchronize_net	0x609f1c7e	wlan_drv_gen4m_6768.ko
synchronize_rcu	0x6091797f	blocktag.ko
synchronize_rcu	0x6091797f	cfg80211.ko
synchronize_rcu	0x6091797f	cpufreq_sugov_ext.ko
synchronize_rcu	0x6091797f	mac80211.ko
synchronize_rcu	0x6091797f	ufs-mediatek-dbg.ko
synchronize_srcu	0x7a804d19	ufs-mediatek-dbg.ko
sys_tz	0xfe5d4bb2	aee_aed.ko
sys_tz	0xfe5d4bb2	aee_hangdet.ko
sys_tz	0xfe5d4bb2	ccci_md_all.ko
sys_tz	0xfe5d4bb2	ccci_util_lib.ko
sys_tz	0xfe5d4bb2	ged.ko
sys_tz	0xfe5d4bb2	mtk_charger_framework.ko
sys_tz	0xfe5d4bb2	wmt_drv.ko
syscon_node_to_regmap	0x4b88bfd2	clk-common.ko
syscon_node_to_regmap	0x4b88bfd2	phy-mtk-tphy.ko
syscon_node_to_regmap	0x4b88bfd2	syscon-reboot-mode.ko
syscon_regmap_lookup_by_compatible	0xee6b71c4	mtk_iommu.ko
syscon_regmap_lookup_by_phandle	0x18b05a10	ccci_ccif.ko
syscon_regmap_lookup_by_phandle	0x18b05a10	ccci_cldma.ko
syscon_regmap_lookup_by_phandle	0x18b05a10	ccci_md_all.ko
syscon_regmap_lookup_by_phandle	0x18b05a10	clk-common.ko
syscon_regmap_lookup_by_phandle	0x18b05a10	mtk-btcvsd.ko
syscon_regmap_lookup_by_phandle	0x18b05a10	mtk-pwm.ko
syscon_regmap_lookup_by_phandle	0x18b05a10	mtk-scpsys.ko
syscon_regmap_lookup_by_phandle	0x18b05a10	mtk_iommu.ko
syscon_regmap_lookup_by_phandle	0x18b05a10	musb_hdrc.ko
syscon_regmap_lookup_by_phandle	0x18b05a10	scp.ko
syscon_regmap_lookup_by_phandle	0x18b05a10	snd-soc-mt6768-afe.ko
sysctl_util_est	0x85d74a37	scheduler.ko
sysfs_add_file_to_group	0x1c0d29e0	mtk-dvfsrc-helper.ko
sysfs_create_bin_file	0x1dfc8799	mediatek-drm.ko
sysfs_create_file_ns	0x1a5651b3	ccci_md_all.ko
sysfs_create_file_ns	0x1a5651b3	connadp.ko
sysfs_create_file_ns	0x1a5651b3	ft8057m_spi.ko
sysfs_create_file_ns	0x1a5651b3	ft8057p_spi.ko
sysfs_create_file_ns	0x1a5651b3	ged.ko
sysfs_create_file_ns	0x1a5651b3	imgsensor_isp4_t.ko
sysfs_create_file_ns	0x1a5651b3	lct_audio_info.ko
sysfs_create_file_ns	0x1a5651b3	mali_kbase_mt6768_r49.ko
sysfs_create_file_ns	0x1a5651b3	mediatek-drm.ko
sysfs_create_file_ns	0x1a5651b3	met.ko
sysfs_create_file_ns	0x1a5651b3	mtk_dcm.ko
sysfs_create_file_ns	0x1a5651b3	mtk_fpsgo.ko
sysfs_create_file_ns	0x1a5651b3	simtray.ko
sysfs_create_group	0x31b8c566	MTK_INTERNAL_SPM.ko
sysfs_create_group	0x31b8c566	accel_common.ko
sysfs_create_group	0x31b8c566	aee_aed.ko
sysfs_create_group	0x31b8c566	alsps_common.ko
sysfs_create_group	0x31b8c566	baro_common.ko
sysfs_create_group	0x31b8c566	clkbuf.ko
sysfs_create_group	0x31b8c566	dsi_panel_c3n_35_02_0h_dsc_vdo.ko
sysfs_create_group	0x31b8c566	dsi_panel_c3n_35_0f_0e_dsc_vdo.ko
sysfs_create_group	0x31b8c566	dsi_panel_c3n_35_0f_0l_dsc_vdo.ko
sysfs_create_group	0x31b8c566	dsi_panel_c3n_37_02_0d_dsc_vdo.ko
sysfs_create_group	0x31b8c566	dsi_panel_c3n_43_02_0a_dsc_vdo.ko
sysfs_create_group	0x31b8c566	dsi_panel_c3n_43_02_0k_dsc_vdo.ko
sysfs_create_group	0x31b8c566	dsi_panel_c3n_43_02_0n_dsc_vdo.ko
sysfs_create_group	0x31b8c566	dsi_panel_c3n_44_03_0b_dsc_vdo.ko
sysfs_create_group	0x31b8c566	dsi_panel_c3n_44_03_0j_dsc_vdo.ko
sysfs_create_group	0x31b8c566	dsi_panel_c3n_46_03_0c_dsc_vdo.ko
sysfs_create_group	0x31b8c566	dsi_panel_c3n_46_03_0f_dsc_vdo.ko
sysfs_create_group	0x31b8c566	dsi_panel_c3n_46_03_0g_dsc_vdo.ko
sysfs_create_group	0x31b8c566	flashlight.ko
sysfs_create_group	0x31b8c566	ft8057m_spi.ko
sysfs_create_group	0x31b8c566	ft8057p_spi.ko
sysfs_create_group	0x31b8c566	fusion.ko
sysfs_create_group	0x31b8c566	gc_gc6133c_ii.ko
sysfs_create_group	0x31b8c566	gf_fingerprint.ko
sysfs_create_group	0x31b8c566	gyro_common.ko
sysfs_create_group	0x31b8c566	icnl9916_spi.ko
sysfs_create_group	0x31b8c566	isee.ko
sysfs_create_group	0x31b8c566	lc_charger_sysfs.ko
sysfs_create_group	0x31b8c566	mag_common.ko
sysfs_create_group	0x31b8c566	mali_kbase_mt6768_r49.ko
sysfs_create_group	0x31b8c566	mi_rmap_efficiency.ko
sysfs_create_group	0x31b8c566	mmqos-common.ko
sysfs_create_group	0x31b8c566	mrdump.ko
sysfs_create_group	0x31b8c566	mt6358_battery.ko
sysfs_create_group	0x31b8c566	mtk-dvfsrc-helper.ko
sysfs_create_group	0x31b8c566	mtk_charger_cooling.ko
sysfs_create_group	0x31b8c566	mtk_cm_mgr.ko
sysfs_create_group	0x31b8c566	mtk_perf_common.ko
sysfs_create_group	0x31b8c566	mtk_qos_legacy.ko
sysfs_create_group	0x31b8c566	mtk_spi.ko
sysfs_create_group	0x31b8c566	musb_boost.ko
sysfs_create_group	0x31b8c566	musb_hdrc.ko
sysfs_create_group	0x31b8c566	perfhelper.ko
sysfs_create_group	0x31b8c566	sc_sc080cs_i.ko
sysfs_create_group	0x31b8c566	scheduler.ko
sysfs_create_group	0x31b8c566	situation.ko
sysfs_create_group	0x31b8c566	snd-soc-fs15xx.ko
sysfs_create_group	0x31b8c566	sp_sp0821_iii.ko
sysfs_create_group	0x31b8c566	step_counter.ko
sysfs_create_group	0x31b8c566	thermal_monitor.ko
sysfs_create_group	0x31b8c566	ufs-mediatek-mod.ko
sysfs_create_group	0x31b8c566	xiaomi_touch.ko
sysfs_create_groups	0xbc52aac3	mediatek-drm.ko
sysfs_create_groups	0xbc52aac3	mi_memory.ko
sysfs_create_link	0xd1cb1bcf	cfg80211.ko
sysfs_create_link	0xd1cb1bcf	icnl9916_spi.ko
sysfs_create_link	0xd1cb1bcf	mtk-dvfsrc-helper.ko
sysfs_create_link	0xd1cb1bcf	sensorHub.ko
sysfs_emit	0xe783e261	arm_dsu_pmu.ko
sysfs_emit	0xe783e261	mi_rmap_efficiency.ko
sysfs_emit	0xe783e261	mt6370-adc.ko
sysfs_emit	0xe783e261	ufs-mediatek-mod.ko
sysfs_notify	0x37ae43ba	mediatek-drm.ko
sysfs_notify	0x37ae43ba	mtk_spi.ko
sysfs_notify	0x37ae43ba	musb_hdrc.ko
sysfs_notify	0x37ae43ba	thermal_monitor.ko
sysfs_notify	0x37ae43ba	xiaomi_touch.ko
sysfs_remove_bin_file	0x5310f88e	mediatek-drm.ko
sysfs_remove_file_ns	0x3075f92c	connadp.ko
sysfs_remove_file_ns	0x3075f92c	ft8057m_spi.ko
sysfs_remove_file_ns	0x3075f92c	ft8057p_spi.ko
sysfs_remove_file_ns	0x3075f92c	ged.ko
sysfs_remove_file_ns	0x3075f92c	mali_kbase_mt6768_r49.ko
sysfs_remove_file_ns	0x3075f92c	met.ko
sysfs_remove_file_ns	0x3075f92c	mtk_fpsgo.ko
sysfs_remove_file_ns	0x3075f92c	simtray.ko
sysfs_remove_group	0x3ff466d3	accel_common.ko
sysfs_remove_group	0x3ff466d3	alsps_common.ko
sysfs_remove_group	0x3ff466d3	baro_common.ko
sysfs_remove_group	0x3ff466d3	ft8057m_spi.ko
sysfs_remove_group	0x3ff466d3	ft8057p_spi.ko
sysfs_remove_group	0x3ff466d3	fusion.ko
sysfs_remove_group	0x3ff466d3	gf_fingerprint.ko
sysfs_remove_group	0x3ff466d3	gyro_common.ko
sysfs_remove_group	0x3ff466d3	icnl9916_spi.ko
sysfs_remove_group	0x3ff466d3	isee.ko
sysfs_remove_group	0x3ff466d3	mag_common.ko
sysfs_remove_group	0x3ff466d3	mali_kbase_mt6768_r49.ko
sysfs_remove_group	0x3ff466d3	mi_rmap_efficiency.ko
sysfs_remove_group	0x3ff466d3	mmqos-common.ko
sysfs_remove_group	0x3ff466d3	mtk-dvfsrc-helper.ko
sysfs_remove_group	0x3ff466d3	mtk_perf_common.ko
sysfs_remove_group	0x3ff466d3	mtk_qos_legacy.ko
sysfs_remove_group	0x3ff466d3	mtk_spi.ko
sysfs_remove_group	0x3ff466d3	musb_hdrc.ko
sysfs_remove_group	0x3ff466d3	perfhelper.ko
sysfs_remove_group	0x3ff466d3	scheduler.ko
sysfs_remove_group	0x3ff466d3	situation.ko
sysfs_remove_group	0x3ff466d3	snd-soc-fs15xx.ko
sysfs_remove_group	0x3ff466d3	step_counter.ko
sysfs_remove_group	0x3ff466d3	thermal_monitor.ko
sysfs_remove_group	0x3ff466d3	ufs-mediatek-mod.ko
sysfs_remove_group	0x3ff466d3	xiaomi_touch.ko
sysfs_remove_groups	0x858774a7	mediatek-drm.ko
sysfs_remove_groups	0x858774a7	mi_memory.ko
sysfs_remove_link	0x381399cf	cfg80211.ko
sysfs_remove_link	0x381399cf	icnl9916_spi.ko
sysfs_remove_link	0x381399cf	mtk-dvfsrc-helper.ko
sysfs_streq	0x222e7ce2	mali_kbase_mt6768_r49.ko
sysfs_streq	0x222e7ce2	mtk_gpufreq_wrapper_legacy.ko
sysfs_streq	0x222e7ce2	zram.ko
sysrq_mask	0x4a17ed66	monitor_hang.ko
sysrq_toggle_support	0xc1086e0c	monitor_hang.ko
system_cpucaps	0x2939a88e	CPU_DVFS.ko
system_cpucaps	0x2939a88e	MTK_INTERNAL_SPM.ko
system_cpucaps	0x2939a88e	accel_common.ko
system_cpucaps	0x2939a88e	aee_aed.ko
system_cpucaps	0x2939a88e	aee_rs.ko
system_cpucaps	0x2939a88e	alsps_common.ko
system_cpucaps	0x2939a88e	atf_logger.ko
system_cpucaps	0x2939a88e	baro_common.ko
system_cpucaps	0x2939a88e	binder_gki.ko
system_cpucaps	0x2939a88e	blocktag.ko
system_cpucaps	0x2939a88e	bootprof.ko
system_cpucaps	0x2939a88e	bt_drv_connac1x.ko
system_cpucaps	0x2939a88e	camera_dpe_isp40.ko
system_cpucaps	0x2939a88e	camera_eeprom_isp4_t.ko
system_cpucaps	0x2939a88e	camera_fdvt_isp40.ko
system_cpucaps	0x2939a88e	camera_isp_4_t.ko
system_cpucaps	0x2939a88e	camera_mem.ko
system_cpucaps	0x2939a88e	ccci_md_all.ko
system_cpucaps	0x2939a88e	ccci_util_lib.ko
system_cpucaps	0x2939a88e	ccmni.ko
system_cpucaps	0x2939a88e	ccu_isp4.ko
system_cpucaps	0x2939a88e	clk-common.ko
system_cpucaps	0x2939a88e	cmdq-bdg-test.ko
system_cpucaps	0x2939a88e	cmdq-test.ko
system_cpucaps	0x2939a88e	conn_md_drv.ko
system_cpucaps	0x2939a88e	device-apc-common-legacy.ko
system_cpucaps	0x2939a88e	emiisu.ko
system_cpucaps	0x2939a88e	fhctl.ko
system_cpucaps	0x2939a88e	flashlight.ko
system_cpucaps	0x2939a88e	fmradio_drv_mt6631.ko
system_cpucaps	0x2939a88e	ft8057m_spi.ko
system_cpucaps	0x2939a88e	ft8057p_spi.ko
system_cpucaps	0x2939a88e	ged.ko
system_cpucaps	0x2939a88e	gf_fingerprint.ko
system_cpucaps	0x2939a88e	gps_drv_stp.ko
system_cpucaps	0x2939a88e	gyro_common.ko
system_cpucaps	0x2939a88e	gz_log_mod.ko
system_cpucaps	0x2939a88e	gz_main_mod.ko
system_cpucaps	0x2939a88e	hwmon.ko
system_cpucaps	0x2939a88e	icnl9916_spi.ko
system_cpucaps	0x2939a88e	imgsensor_isp4_t.ko
system_cpucaps	0x2939a88e	isee.ko
system_cpucaps	0x2939a88e	lct_tp.ko
system_cpucaps	0x2939a88e	log_store.ko
system_cpucaps	0x2939a88e	mag_common.ko
system_cpucaps	0x2939a88e	main2af.ko
system_cpucaps	0x2939a88e	main3af.ko
system_cpucaps	0x2939a88e	mainaf.ko
system_cpucaps	0x2939a88e	mali_kbase_mt6768_r49.ko
system_cpucaps	0x2939a88e	mcDrvModule.ko
system_cpucaps	0x2939a88e	mcdi.ko
system_cpucaps	0x2939a88e	mdp_drv_mt6768.ko
system_cpucaps	0x2939a88e	mediatek-drm.ko
system_cpucaps	0x2939a88e	mediatek_eem.ko
system_cpucaps	0x2939a88e	miev.ko
system_cpucaps	0x2939a88e	millet_core.ko
system_cpucaps	0x2939a88e	mme.ko
system_cpucaps	0x2939a88e	mmprofile.ko
system_cpucaps	0x2939a88e	monitor_hang.ko
system_cpucaps	0x2939a88e	mrdump.ko
system_cpucaps	0x2939a88e	mt6358_battery.ko
system_cpucaps	0x2939a88e	mtk-btcvsd.ko
system_cpucaps	0x2939a88e	mtk-dvfsrc-helper.ko
system_cpucaps	0x2939a88e	mtk-mmc-dbg.ko
system_cpucaps	0x2939a88e	mtk-mml.ko
system_cpucaps	0x2939a88e	mtk-smi-bwc.ko
system_cpucaps	0x2939a88e	mtk-vcodec-dec-v1.ko
system_cpucaps	0x2939a88e	mtk-vcu.ko
system_cpucaps	0x2939a88e	mtk_charger_framework.ko
system_cpucaps	0x2939a88e	mtk_gpu_qos.ko
system_cpucaps	0x2939a88e	mtk_gpufreq_wrapper_legacy.ko
system_cpucaps	0x2939a88e	mtk_heap_debug.ko
system_cpucaps	0x2939a88e	mtk_ioctl_powerhal.ko
system_cpucaps	0x2939a88e	mtk_ioctl_touch_boost.ko
system_cpucaps	0x2939a88e	mtk_mdpm_v1.ko
system_cpucaps	0x2939a88e	mtk_pbm.ko
system_cpucaps	0x2939a88e	mtk_peak_power_budget.ko
system_cpucaps	0x2939a88e	mtk_perf_ioctl.ko
system_cpucaps	0x2939a88e	mtk_ppm_v3.ko
system_cpucaps	0x2939a88e	mtk_printk_ctrl.ko
system_cpucaps	0x2939a88e	musb_hdrc.ko
system_cpucaps	0x2939a88e	nt36528_spi.ko
system_cpucaps	0x2939a88e	nxp_i2c.ko
system_cpucaps	0x2939a88e	perf_helper.ko
system_cpucaps	0x2939a88e	perfhelper.ko
system_cpucaps	0x2939a88e	phy-mtk-tphy.ko
system_cpucaps	0x2939a88e	pidmap.ko
system_cpucaps	0x2939a88e	pinctrl-mtk-common-v2_debug.ko
system_cpucaps	0x2939a88e	powerhal_cpu_ctrl.ko
system_cpucaps	0x2939a88e	rpmb-mtk.ko
system_cpucaps	0x2939a88e	rtc-mt6397.ko
system_cpucaps	0x2939a88e	scheduler.ko
system_cpucaps	0x2939a88e	scp.ko
system_cpucaps	0x2939a88e	sec.ko
system_cpucaps	0x2939a88e	sensorHub.ko
system_cpucaps	0x2939a88e	sensor_list.ko
system_cpucaps	0x2939a88e	sil_fingerprint.ko
system_cpucaps	0x2939a88e	situationhub.ko
system_cpucaps	0x2939a88e	snd-soc-fs15xx.ko
system_cpucaps	0x2939a88e	snd-soc-mt6358.ko
system_cpucaps	0x2939a88e	snd-soc-mtk-common.ko
system_cpucaps	0x2939a88e	snd-soc-sipa-tuning.ko
system_cpucaps	0x2939a88e	sspm_v1.ko
system_cpucaps	0x2939a88e	sub2af.ko
system_cpucaps	0x2939a88e	subaf.ko
system_cpucaps	0x2939a88e	system_heap.ko
system_cpucaps	0x2939a88e	t-base-tui.ko
system_cpucaps	0x2939a88e	teeperf.ko
system_cpucaps	0x2939a88e	thermal_monitor.ko
system_cpucaps	0x2939a88e	touch_boost.ko
system_cpucaps	0x2939a88e	ufs-mediatek-dbg.ko
system_cpucaps	0x2939a88e	widevine_driver.ko
system_cpucaps	0x2939a88e	wlan_drv_gen4m_6768.ko
system_cpucaps	0x2939a88e	wmt_chrdev_wifi.ko
system_cpucaps	0x2939a88e	wmt_drv.ko
system_cpucaps	0x2939a88e	xiaomi_touch.ko
system_freezable_power_efficient_wq	0xd067d3c5	mtk_pbm.ko
system_freezable_power_efficient_wq	0xd067d3c5	thermal_monitor.ko
system_freezable_wq	0xd4034828	mac80211.ko
system_highpri_wq	0xcd91b127	scheduler.ko
system_long_wq	0x131db64a	drm_display_helper.ko
system_power_efficient_wq	0x47884890	cfg80211.ko
system_power_efficient_wq	0x47884890	extcon-mtk-usb.ko
system_power_efficient_wq	0x47884890	mtk_perf_common.ko
system_state	0xf7370f56	MTK_INTERNAL_SPM.ko
system_state	0xf7370f56	clkbuf.ko
system_unbound_wq	0xd4c14632	cfg80211.ko
system_unbound_wq	0xd4c14632	trace_mmstat.ko
system_wq	0x2d3385d3	MTK_INTERNAL_SPM.ko
system_wq	0x2d3385d3	accelhub.ko
system_wq	0x2d3385d3	aee_aed.ko
system_wq	0x2d3385d3	alsps_common.ko
system_wq	0x2d3385d3	alspshub.ko
system_wq	0x2d3385d3	btif_drv.ko
system_wq	0x2d3385d3	c2k_usb.ko
system_wq	0x2d3385d3	cache-parity.ko
system_wq	0x2d3385d3	camera_dpe_isp40.ko
system_wq	0x2d3385d3	camera_isp_4_t.ko
system_wq	0x2d3385d3	ccci_ccif.ko
system_wq	0x2d3385d3	ccci_fsm_scp.ko
system_wq	0x2d3385d3	ccci_md_all.ko
system_wq	0x2d3385d3	cfg80211.ko
system_wq	0x2d3385d3	connadp.ko
system_wq	0x2d3385d3	dbg_error_flag.ko
system_wq	0x2d3385d3	drm_display_helper.ko
system_wq	0x2d3385d3	emimpu.ko
system_wq	0x2d3385d3	flashlight.ko
system_wq	0x2d3385d3	ged.ko
system_wq	0x2d3385d3	gf_fingerprint.ko
system_wq	0x2d3385d3	gyrohub.ko
system_wq	0x2d3385d3	mac80211.ko
system_wq	0x2d3385d3	maghub.ko
system_wq	0x2d3385d3	mali_kbase_mt6768_r49.ko
system_wq	0x2d3385d3	mcDrvModule.ko
system_wq	0x2d3385d3	mediatek-drm.ko
system_wq	0x2d3385d3	met.ko
system_wq	0x2d3385d3	mmqos-common.ko
system_wq	0x2d3385d3	mrdump.ko
system_wq	0x2d3385d3	mt6358-regulator.ko
system_wq	0x2d3385d3	mt6358_battery.ko
system_wq	0x2d3385d3	mt6370-charger.ko
system_wq	0x2d3385d3	mtk-mmc.ko
system_wq	0x2d3385d3	mtk_bp_thl.ko
system_wq	0x2d3385d3	mtk_cm_mgr.ko
system_wq	0x2d3385d3	mtk_cm_mgr_mt6768.ko
system_wq	0x2d3385d3	mtk_fpsgo.ko
system_wq	0x2d3385d3	mtk_gpu_qos.ko
system_wq	0x2d3385d3	mtk_jpeg.ko
system_wq	0x2d3385d3	mtk_low_battery_throttling.ko
system_wq	0x2d3385d3	mtk_peak_power_budget.ko
system_wq	0x2d3385d3	mtk_spi.ko
system_wq	0x2d3385d3	mtk_u_ether.ko
system_wq	0x2d3385d3	musb_hdrc.ko
system_wq	0x2d3385d3	pd_dbg_info.ko
system_wq	0x2d3385d3	rtc-mt6397.ko
system_wq	0x2d3385d3	sensorHub.ko
system_wq	0x2d3385d3	sensor_list.ko
system_wq	0x2d3385d3	sgm41543_charger.ko
system_wq	0x2d3385d3	sil_fingerprint.ko
system_wq	0x2d3385d3	step_counter.ko
system_wq	0x2d3385d3	tcpc_class.ko
system_wq	0x2d3385d3	thermal_monitor.ko
system_wq	0x2d3385d3	ufs-mediatek-mod.ko
system_wq	0x2d3385d3	upm6920_charger.ko
system_wq	0x2d3385d3	usb_meta.ko
system_wq	0x2d3385d3	wifi_ant_check.ko
system_wq	0x2d3385d3	wlan_drv_gen4m_6768.ko
system_wq	0x2d3385d3	wmt_drv.ko
system_wq	0x2d3385d3	zsmalloc.ko
task_active_pid_ns	0xcdfdf03a	aee_aed.ko
tasklet_init	0x2364c85a	btif_drv.ko
tasklet_init	0x2364c85a	camera_dpe_isp40.ko
tasklet_init	0x2364c85a	camera_isp_4_t.ko
tasklet_init	0x2364c85a	ccci_cldma.ko
tasklet_init	0x2364c85a	mtk-kpd.ko
tasklet_init	0x2364c85a	wlan_drv_gen4m_6768.ko
tasklet_init	0x2364c85a	wmt_drv.ko
tasklet_kill	0x0ea3c74e	btif_drv.ko
tasklet_kill	0x0ea3c74e	camera_dpe_isp40.ko
tasklet_kill	0x0ea3c74e	camera_isp_4_t.ko
tasklet_kill	0x0ea3c74e	mac80211.ko
tasklet_kill	0x0ea3c74e	mtk-cqdma.ko
tasklet_kill	0x0ea3c74e	mtk-kpd.ko
tasklet_kill	0x0ea3c74e	mtk-uart-apdma.ko
tasklet_kill	0x0ea3c74e	wlan_drv_gen4m_6768.ko
tasklet_kill	0x0ea3c74e	wmt_drv.ko
tasklet_setup	0xa07d1b3c	mac80211.ko
tasklet_setup	0xa07d1b3c	mtk-cqdma.ko
tasklet_unlock_wait	0x350f6ce5	mac80211.ko
tasklist_lock	0x673472ea	perf_helper.ko
tasklist_lock	0x673472ea	perfhelper.ko
tasklist_lock	0x673472ea	scheduler.ko
tcpc_class	0x14d40b6e	tcpci_late_sync.ko
tcpc_dev_get_by_name	0x8b179d2b	extcon-mtk-usb.ko
tcpc_dev_get_by_name	0x8b179d2b	lc_charger_sysfs.ko
tcpc_dev_get_by_name	0x8b179d2b	mtk_chg_type_det.ko
tcpc_dev_get_by_name	0x8b179d2b	mtk_pd_adapter.ko
tcpc_dev_get_by_name	0x8b179d2b	musb_hdrc.ko
tcpc_dev_get_by_name	0x8b179d2b	rt_pd_manager.ko
tcpc_device_irq_enable	0x30825944	tcpci_late_sync.ko
tcpc_device_register	0x1bc91cfa	tcpc_rt1711h.ko
tcpc_device_register	0x1bc91cfa	tcpc_upm7610.ko
tcpc_device_unregister	0x3ad8e69a	tcpc_rt1711h.ko
tcpc_device_unregister	0x3ad8e69a	tcpc_upm7610.ko
tcpc_get_dev_data	0x0ff5bfa7	tcpc_rt1711h.ko
tcpc_get_dev_data	0x0ff5bfa7	tcpc_upm7610.ko
tcpc_typec_is_act_as_sink_role	0x8221e0dd	rt_pd_manager.ko
tcpci_alert	0xdc4b65c7	tcpc_rt1711h.ko
tcpci_alert	0xdc4b65c7	tcpc_upm7610.ko
tcpci_alert_status_clear	0x912af4fc	tcpc_rt1711h.ko
tcpci_alert_status_clear	0x912af4fc	tcpc_upm7610.ko
tcpci_get_cc	0xec8a19f7	lc_charger_sysfs.ko
tcpci_init	0x837093f0	tcpc_rt1711h.ko
tcpci_lock_typec	0x8f64b9a2	tcpc_rt1711h.ko
tcpci_lock_typec	0x8f64b9a2	tcpc_upm7610.ko
tcpci_unlock_typec	0xc61dcb21	tcpc_rt1711h.ko
tcpci_unlock_typec	0xc61dcb21	tcpc_upm7610.ko
tcpm_dpm_pd_data_swap	0x60b39494	rt_pd_manager.ko
tcpm_dpm_pd_get_pps_status	0x96f0bca0	mtk_pd_adapter.ko
tcpm_dpm_pd_get_source_cap_ext	0x1a78c8ac	mtk_pd_adapter.ko
tcpm_dpm_pd_get_status	0xcb9ce035	mtk_pd_adapter.ko
tcpm_dpm_pd_hard_reset	0xb83d557a	mtk_pd_adapter.ko
tcpm_dpm_pd_power_swap	0x3bd387c9	rt_pd_manager.ko
tcpm_dpm_pd_request	0x5ae92fba	mtk_pd_adapter.ko
tcpm_dpm_pd_vconn_swap	0x340b2d71	rt_pd_manager.ko
tcpm_get_remote_power_cap	0x17c78288	mtk_chg_type_det.ko
tcpm_get_remote_power_cap	0x17c78288	mtk_pd_adapter.ko
tcpm_inquire_dpm_flags	0x445b8c63	mtk_pd_adapter.ko
tcpm_inquire_pd_data_role	0x4e825162	rt_pd_manager.ko
tcpm_inquire_pd_partner_inform	0x67dbc659	rt_pd_manager.ko
tcpm_inquire_pd_pe_ready	0x4d528c3b	mtk_pd_adapter.ko
tcpm_inquire_pd_power_role	0xd2c171da	rt_pd_manager.ko
tcpm_inquire_pd_source_apdo	0x15735e35	mtk_pd_adapter.ko
tcpm_inquire_pd_vconn_role	0x7ea94f92	rt_pd_manager.ko
tcpm_inquire_remote_cc	0xf771e927	extcon-mtk-usb.ko
tcpm_inquire_typec_attach_state	0xb8bfbd54	lc_charger_sysfs.ko
tcpm_inquire_typec_attach_state	0xb8bfbd54	mtk_chg_type_det.ko
tcpm_inquire_typec_attach_state	0xb8bfbd54	mtk_pd_adapter.ko
tcpm_inquire_typec_remote_rp_curr	0xc02209be	mtk_pd_adapter.ko
tcpm_inquire_typec_role_def	0x99b243bb	rt_pd_manager.ko
tcpm_inquire_usb_comm	0x0364d261	mtk_chg_type_det.ko
tcpm_reset_pd_charging_policy	0x247c066b	mtk_pd_adapter.ko
tcpm_set_apdo_charging_policy	0x690bc8fb	mtk_pd_adapter.ko
tcpm_set_pd_charging_policy	0x599f0b88	mtk_pd_adapter.ko
tcpm_shutdown	0x34552c8b	tcpc_rt1711h.ko
tcpm_shutdown	0x34552c8b	tcpc_upm7610.ko
tcpm_typec_change_role	0xfcd16b5d	rt_pd_manager.ko
tcpm_typec_change_role_postpone	0x0550c4be	lc_charger_sysfs.ko
tcpm_typec_change_role_postpone	0x0550c4be	rt_pd_manager.ko
tcpm_typec_role_swap	0x2add8c1c	rt_pd_manager.ko
teec_close_session	0x3c2be607	trusted_mem.ko
teec_finalize_context	0xbab5fb69	trusted_mem.ko
teec_initialize_context	0x616044b3	trusted_mem.ko
teec_invoke_command	0x01eb7c1b	trusted_mem.ko
teec_open_session	0x3e78947b	trusted_mem.ko
teec_register_shared_memory	0xebbb1cad	trusted_mem.ko
teec_release_shared_memory	0xf7165c3c	trusted_mem.ko
test_fstb_hrtimer_info_update_fp	0x81894e5e	fpsgo.ko
thermal_cooling_device_register	0xd85e0384	mediatek-drm.ko
thermal_cooling_device_register	0xd85e0384	thermal_monitor.ko
thermal_cooling_device_unregister	0xbe5326fe	mediatek-drm.ko
thermal_cooling_device_unregister	0xbe5326fe	mtk_charger_cooling.ko
thermal_cooling_device_unregister	0xbe5326fe	thermal_monitor.ko
thermal_of_cooling_device_register	0x51fc02ba	mtk_charger_cooling.ko
thermal_pressure	0xc407682f	cpufreq_sugov_ext.ko
thermal_pressure	0xc407682f	scheduler.ko
thermal_zone_bind_cooling_device	0xd658d181	thermal_monitor.ko
thermal_zone_device_enable	0x3042fe91	thermal_monitor.ko
thermal_zone_device_register_with_trips	0x77f9da97	thermal_monitor.ko
thermal_zone_device_unregister	0x784c113f	thermal_monitor.ko
thermal_zone_device_update	0x40b6d99e	met.ko
thermal_zone_get_zone_by_name	0xccee6a75	mali_kbase_mt6768_r49.ko
thermal_zone_get_zone_by_name	0xccee6a75	met.ko
thermal_zone_unbind_cooling_device	0x87bdf87d	thermal_monitor.ko
tick_nohz_get_sleep_length	0x1939cb0f	mcdi.ko
time64_to_tm	0x0fff5afc	mediatek-drm.ko
time64_to_tm	0x0fff5afc	mme.ko
timecounter_init	0x862258db	sspm_v1.ko
timecounter_read	0x6f9e763b	sspm_v1.ko
timer_delete	0x370cfe45	aee_hangdet.ko
timer_delete	0x370cfe45	ccci_ccif.ko
timer_delete	0x370cfe45	cfg80211.ko
timer_delete	0x370cfe45	cmdq-sec-drv.ko
timer_delete	0x370cfe45	cmdq-test.ko
timer_delete	0x370cfe45	fmradio_drv_mt6631.ko
timer_delete	0x370cfe45	mac80211.ko
timer_delete	0x370cfe45	mali_kbase_mt6768_r49.ko
timer_delete	0x370cfe45	mtk-cmdq-drv-ext.ko
timer_delete	0x370cfe45	mtk-vcodec-dec-v1.ko
timer_delete	0x370cfe45	musb_hdrc.ko
timer_delete	0x370cfe45	nxp_i2c.ko
timer_delete	0x370cfe45	scp.ko
timer_delete	0x370cfe45	thermal_monitor.ko
timer_delete	0x370cfe45	ufs-mediatek-mod.ko
timer_delete	0x370cfe45	wmt_drv.ko
timer_delete_sync	0x8d586478	alsps_common.ko
timer_delete_sync	0x8d586478	cfg80211.ko
timer_delete_sync	0x8d586478	mac80211.ko
timer_delete_sync	0x8d586478	mali_kbase_mt6768_r49.ko
timer_delete_sync	0x8d586478	mediatek-drm.ko
timer_delete_sync	0x8d586478	mt6358-accdet.ko
timer_delete_sync	0x8d586478	mtk-vcodec-dec-v1.ko
timer_delete_sync	0x8d586478	mtk_low_battery_throttling.ko
timer_delete_sync	0x8d586478	mtk_peak_power_budget.ko
timer_delete_sync	0x8d586478	step_counter.ko
timer_delete_sync	0x8d586478	wlan_drv_gen4m_6768.ko
timer_delete_sync	0x8d586478	wmt_drv.ko
timer_of_init	0x5641303d	timer-mediatek.ko
timer_unstable_counter_workaround	0x20f95531	archcounter_timesync.ko
tipc_k_connect	0x6d3e778c	gz_tz_system.ko
tipc_k_disconnect	0x389e0025	gz_tz_system.ko
tipc_k_read	0xe9bc90dd	gz_tz_system.ko
tipc_k_write	0xd5b2fc22	gz_tz_system.ko
tipc_set_default_cpumask	0xdabdc7b5	gz_main_mod.ko
tmem_type2sec_id	0xad3f1375	mtk_sec_heap.ko
topology_clear_scale_freq_source	0xe29a67a2	cpufreq_sugov_ext.ko
touch_boost_get_cmd_fp	0x56f5a2ea	touch_boost.ko
touch_lcm_name	0x8bac5bb5	ft8057m_spi.ko
touch_lcm_name	0x8bac5bb5	ft8057p_spi.ko
touch_lcm_name	0x8bac5bb5	icnl9916_spi.ko
touch_lcm_name	0x8bac5bb5	nt36528_spi.ko
tp_ps_send_touch_event	0xd9033f79	alspshub.ko
tp_ps_send_touch_event	0xd9033f79	ft8057m_spi.ko
tp_ps_send_touch_event	0xd9033f79	ft8057p_spi.ko
tp_ps_send_touch_event	0xd9033f79	icnl9916_spi.ko
tp_ps_send_touch_event	0xd9033f79	nt36528_spi.ko
tpd_enter_tui	0xb9c86047	t-base-tui.ko
tpd_exit_tui	0xdec6df46	t-base-tui.ko
trace_event_buffer_commit	0x2a1f1757	MTK_INTERNAL_SPM.ko
trace_event_buffer_commit	0x2a1f1757	aee_aed.ko
trace_event_buffer_commit	0x2a1f1757	binder_prio.ko
trace_event_buffer_commit	0x2a1f1757	blocktag.ko
trace_event_buffer_commit	0x2a1f1757	bt_drv_connac1x.ko
trace_event_buffer_commit	0x2a1f1757	cfg80211.ko
trace_event_buffer_commit	0x2a1f1757	cpufreq_sugov_ext.ko
trace_event_buffer_commit	0x2a1f1757	ged.ko
trace_event_buffer_commit	0x2a1f1757	mac80211.ko
trace_event_buffer_commit	0x2a1f1757	mali_kbase_mt6768_r49.ko
trace_event_buffer_commit	0x2a1f1757	mediatek-drm.ko
trace_event_buffer_commit	0x2a1f1757	mmqos-common.ko
trace_event_buffer_commit	0x2a1f1757	mtk-dvfsrc.ko
trace_event_buffer_commit	0x2a1f1757	mtk-icc-core.ko
trace_event_buffer_commit	0x2a1f1757	mtk-mbox.ko
trace_event_buffer_commit	0x2a1f1757	mtk-mmdvfs-ftrace.ko
trace_event_buffer_commit	0x2a1f1757	mtk_cm_mgr_mt6768.ko
trace_event_buffer_commit	0x2a1f1757	mtk_cpu_power_throttling.ko
trace_event_buffer_commit	0x2a1f1757	mtk_fpsgo.ko
trace_event_buffer_commit	0x2a1f1757	mtk_low_battery_throttling.ko
trace_event_buffer_commit	0x2a1f1757	mtk_peak_power_budget.ko
trace_event_buffer_commit	0x2a1f1757	mtk_perf_common.ko
trace_event_buffer_commit	0x2a1f1757	mtk_ppm_v3.ko
trace_event_buffer_commit	0x2a1f1757	musb_hdrc.ko
trace_event_buffer_commit	0x2a1f1757	powerhal_cpu_ctrl.ko
trace_event_buffer_commit	0x2a1f1757	scheduler.ko
trace_event_buffer_commit	0x2a1f1757	system_heap.ko
trace_event_buffer_commit	0x2a1f1757	thermal_monitor.ko
trace_event_buffer_commit	0x2a1f1757	timer-mediatek.ko
trace_event_buffer_commit	0x2a1f1757	touch_boost.ko
trace_event_buffer_commit	0x2a1f1757	trace_mmstat.ko
trace_event_buffer_commit	0x2a1f1757	ufs-mediatek-mod.ko
trace_event_buffer_commit	0x2a1f1757	uload_ind.ko
trace_event_buffer_reserve	0x7adce031	MTK_INTERNAL_SPM.ko
trace_event_buffer_reserve	0x7adce031	aee_aed.ko
trace_event_buffer_reserve	0x7adce031	binder_prio.ko
trace_event_buffer_reserve	0x7adce031	blocktag.ko
trace_event_buffer_reserve	0x7adce031	bt_drv_connac1x.ko
trace_event_buffer_reserve	0x7adce031	cfg80211.ko
trace_event_buffer_reserve	0x7adce031	cpufreq_sugov_ext.ko
trace_event_buffer_reserve	0x7adce031	ged.ko
trace_event_buffer_reserve	0x7adce031	mac80211.ko
trace_event_buffer_reserve	0x7adce031	mali_kbase_mt6768_r49.ko
trace_event_buffer_reserve	0x7adce031	mediatek-drm.ko
trace_event_buffer_reserve	0x7adce031	mmqos-common.ko
trace_event_buffer_reserve	0x7adce031	mtk-dvfsrc.ko
trace_event_buffer_reserve	0x7adce031	mtk-icc-core.ko
trace_event_buffer_reserve	0x7adce031	mtk-mbox.ko
trace_event_buffer_reserve	0x7adce031	mtk-mmdvfs-ftrace.ko
trace_event_buffer_reserve	0x7adce031	mtk_cm_mgr_mt6768.ko
trace_event_buffer_reserve	0x7adce031	mtk_cpu_power_throttling.ko
trace_event_buffer_reserve	0x7adce031	mtk_fpsgo.ko
trace_event_buffer_reserve	0x7adce031	mtk_low_battery_throttling.ko
trace_event_buffer_reserve	0x7adce031	mtk_peak_power_budget.ko
trace_event_buffer_reserve	0x7adce031	mtk_perf_common.ko
trace_event_buffer_reserve	0x7adce031	mtk_ppm_v3.ko
trace_event_buffer_reserve	0x7adce031	musb_hdrc.ko
trace_event_buffer_reserve	0x7adce031	powerhal_cpu_ctrl.ko
trace_event_buffer_reserve	0x7adce031	scheduler.ko
trace_event_buffer_reserve	0x7adce031	system_heap.ko
trace_event_buffer_reserve	0x7adce031	thermal_monitor.ko
trace_event_buffer_reserve	0x7adce031	timer-mediatek.ko
trace_event_buffer_reserve	0x7adce031	touch_boost.ko
trace_event_buffer_reserve	0x7adce031	trace_mmstat.ko
trace_event_buffer_reserve	0x7adce031	ufs-mediatek-mod.ko
trace_event_buffer_reserve	0x7adce031	uload_ind.ko
trace_event_printf	0x1e64c7b6	MTK_INTERNAL_SPM.ko
trace_event_printf	0x1e64c7b6	aee_aed.ko
trace_event_printf	0x1e64c7b6	binder_prio.ko
trace_event_printf	0x1e64c7b6	blocktag.ko
trace_event_printf	0x1e64c7b6	bt_drv_connac1x.ko
trace_event_printf	0x1e64c7b6	cfg80211.ko
trace_event_printf	0x1e64c7b6	cpufreq_sugov_ext.ko
trace_event_printf	0x1e64c7b6	ged.ko
trace_event_printf	0x1e64c7b6	mac80211.ko
trace_event_printf	0x1e64c7b6	mali_kbase_mt6768_r49.ko
trace_event_printf	0x1e64c7b6	mediatek-drm.ko
trace_event_printf	0x1e64c7b6	mmqos-common.ko
trace_event_printf	0x1e64c7b6	mtk-dvfsrc.ko
trace_event_printf	0x1e64c7b6	mtk-icc-core.ko
trace_event_printf	0x1e64c7b6	mtk-mbox.ko
trace_event_printf	0x1e64c7b6	mtk-mmdvfs-ftrace.ko
trace_event_printf	0x1e64c7b6	mtk_cm_mgr_mt6768.ko
trace_event_printf	0x1e64c7b6	mtk_cpu_power_throttling.ko
trace_event_printf	0x1e64c7b6	mtk_fpsgo.ko
trace_event_printf	0x1e64c7b6	mtk_low_battery_throttling.ko
trace_event_printf	0x1e64c7b6	mtk_peak_power_budget.ko
trace_event_printf	0x1e64c7b6	mtk_perf_common.ko
trace_event_printf	0x1e64c7b6	mtk_ppm_v3.ko
trace_event_printf	0x1e64c7b6	musb_hdrc.ko
trace_event_printf	0x1e64c7b6	powerhal_cpu_ctrl.ko
trace_event_printf	0x1e64c7b6	scheduler.ko
trace_event_printf	0x1e64c7b6	system_heap.ko
trace_event_printf	0x1e64c7b6	thermal_monitor.ko
trace_event_printf	0x1e64c7b6	timer-mediatek.ko
trace_event_printf	0x1e64c7b6	touch_boost.ko
trace_event_printf	0x1e64c7b6	trace_mmstat.ko
trace_event_printf	0x1e64c7b6	ufs-mediatek-mod.ko
trace_event_printf	0x1e64c7b6	uload_ind.ko
trace_event_raw_init	0xf5caeb1b	MTK_INTERNAL_SPM.ko
trace_event_raw_init	0xf5caeb1b	aee_aed.ko
trace_event_raw_init	0xf5caeb1b	binder_prio.ko
trace_event_raw_init	0xf5caeb1b	blocktag.ko
trace_event_raw_init	0xf5caeb1b	bt_drv_connac1x.ko
trace_event_raw_init	0xf5caeb1b	cfg80211.ko
trace_event_raw_init	0xf5caeb1b	cpufreq_sugov_ext.ko
trace_event_raw_init	0xf5caeb1b	ged.ko
trace_event_raw_init	0xf5caeb1b	mac80211.ko
trace_event_raw_init	0xf5caeb1b	mali_kbase_mt6768_r49.ko
trace_event_raw_init	0xf5caeb1b	mediatek-drm.ko
trace_event_raw_init	0xf5caeb1b	mmqos-common.ko
trace_event_raw_init	0xf5caeb1b	mtk-dvfsrc.ko
trace_event_raw_init	0xf5caeb1b	mtk-icc-core.ko
trace_event_raw_init	0xf5caeb1b	mtk-mbox.ko
trace_event_raw_init	0xf5caeb1b	mtk-mmdvfs-ftrace.ko
trace_event_raw_init	0xf5caeb1b	mtk_cm_mgr_mt6768.ko
trace_event_raw_init	0xf5caeb1b	mtk_cpu_power_throttling.ko
trace_event_raw_init	0xf5caeb1b	mtk_fpsgo.ko
trace_event_raw_init	0xf5caeb1b	mtk_low_battery_throttling.ko
trace_event_raw_init	0xf5caeb1b	mtk_peak_power_budget.ko
trace_event_raw_init	0xf5caeb1b	mtk_perf_common.ko
trace_event_raw_init	0xf5caeb1b	mtk_ppm_v3.ko
trace_event_raw_init	0xf5caeb1b	musb_hdrc.ko
trace_event_raw_init	0xf5caeb1b	powerhal_cpu_ctrl.ko
trace_event_raw_init	0xf5caeb1b	scheduler.ko
trace_event_raw_init	0xf5caeb1b	system_heap.ko
trace_event_raw_init	0xf5caeb1b	thermal_monitor.ko
trace_event_raw_init	0xf5caeb1b	timer-mediatek.ko
trace_event_raw_init	0xf5caeb1b	touch_boost.ko
trace_event_raw_init	0xf5caeb1b	trace_mmstat.ko
trace_event_raw_init	0xf5caeb1b	ufs-mediatek-mod.ko
trace_event_raw_init	0xf5caeb1b	uload_ind.ko
trace_event_reg	0x4a2edd71	MTK_INTERNAL_SPM.ko
trace_event_reg	0x4a2edd71	aee_aed.ko
trace_event_reg	0x4a2edd71	binder_prio.ko
trace_event_reg	0x4a2edd71	blocktag.ko
trace_event_reg	0x4a2edd71	bt_drv_connac1x.ko
trace_event_reg	0x4a2edd71	cfg80211.ko
trace_event_reg	0x4a2edd71	cpufreq_sugov_ext.ko
trace_event_reg	0x4a2edd71	ged.ko
trace_event_reg	0x4a2edd71	mac80211.ko
trace_event_reg	0x4a2edd71	mali_kbase_mt6768_r49.ko
trace_event_reg	0x4a2edd71	mediatek-drm.ko
trace_event_reg	0x4a2edd71	mmqos-common.ko
trace_event_reg	0x4a2edd71	mtk-dvfsrc.ko
trace_event_reg	0x4a2edd71	mtk-icc-core.ko
trace_event_reg	0x4a2edd71	mtk-mbox.ko
trace_event_reg	0x4a2edd71	mtk-mmdvfs-ftrace.ko
trace_event_reg	0x4a2edd71	mtk_cm_mgr_mt6768.ko
trace_event_reg	0x4a2edd71	mtk_cpu_power_throttling.ko
trace_event_reg	0x4a2edd71	mtk_fpsgo.ko
trace_event_reg	0x4a2edd71	mtk_low_battery_throttling.ko
trace_event_reg	0x4a2edd71	mtk_peak_power_budget.ko
trace_event_reg	0x4a2edd71	mtk_perf_common.ko
trace_event_reg	0x4a2edd71	mtk_ppm_v3.ko
trace_event_reg	0x4a2edd71	musb_hdrc.ko
trace_event_reg	0x4a2edd71	powerhal_cpu_ctrl.ko
trace_event_reg	0x4a2edd71	scheduler.ko
trace_event_reg	0x4a2edd71	system_heap.ko
trace_event_reg	0x4a2edd71	thermal_monitor.ko
trace_event_reg	0x4a2edd71	timer-mediatek.ko
trace_event_reg	0x4a2edd71	touch_boost.ko
trace_event_reg	0x4a2edd71	trace_mmstat.ko
trace_event_reg	0x4a2edd71	ufs-mediatek-mod.ko
trace_event_reg	0x4a2edd71	uload_ind.ko
trace_handle_return	0x7381287f	MTK_INTERNAL_SPM.ko
trace_handle_return	0x7381287f	aee_aed.ko
trace_handle_return	0x7381287f	binder_prio.ko
trace_handle_return	0x7381287f	blocktag.ko
trace_handle_return	0x7381287f	bt_drv_connac1x.ko
trace_handle_return	0x7381287f	cfg80211.ko
trace_handle_return	0x7381287f	cpufreq_sugov_ext.ko
trace_handle_return	0x7381287f	ged.ko
trace_handle_return	0x7381287f	mac80211.ko
trace_handle_return	0x7381287f	mali_kbase_mt6768_r49.ko
trace_handle_return	0x7381287f	mediatek-drm.ko
trace_handle_return	0x7381287f	mmqos-common.ko
trace_handle_return	0x7381287f	mtk-dvfsrc.ko
trace_handle_return	0x7381287f	mtk-icc-core.ko
trace_handle_return	0x7381287f	mtk-mbox.ko
trace_handle_return	0x7381287f	mtk-mmdvfs-ftrace.ko
trace_handle_return	0x7381287f	mtk_cm_mgr_mt6768.ko
trace_handle_return	0x7381287f	mtk_cpu_power_throttling.ko
trace_handle_return	0x7381287f	mtk_fpsgo.ko
trace_handle_return	0x7381287f	mtk_low_battery_throttling.ko
trace_handle_return	0x7381287f	mtk_peak_power_budget.ko
trace_handle_return	0x7381287f	mtk_perf_common.ko
trace_handle_return	0x7381287f	mtk_ppm_v3.ko
trace_handle_return	0x7381287f	musb_hdrc.ko
trace_handle_return	0x7381287f	powerhal_cpu_ctrl.ko
trace_handle_return	0x7381287f	scheduler.ko
trace_handle_return	0x7381287f	system_heap.ko
trace_handle_return	0x7381287f	thermal_monitor.ko
trace_handle_return	0x7381287f	timer-mediatek.ko
trace_handle_return	0x7381287f	touch_boost.ko
trace_handle_return	0x7381287f	trace_mmstat.ko
trace_handle_return	0x7381287f	ufs-mediatek-mod.ko
trace_handle_return	0x7381287f	uload_ind.ko
trace_output_call	0xa499c371	mali_kbase_mt6768_r49.ko
trace_print_array_seq	0xc3bc72ad	cfg80211.ko
trace_print_array_seq	0xc3bc72ad	mali_kbase_mt6768_r49.ko
trace_print_flags_seq	0x99078b39	mali_kbase_mt6768_r49.ko
trace_print_symbols_seq	0xcc5c2df4	mali_kbase_mt6768_r49.ko
trace_print_symbols_seq	0xcc5c2df4	musb_hdrc.ko
trace_raw_output_prep	0xe3e03e34	MTK_INTERNAL_SPM.ko
trace_raw_output_prep	0xe3e03e34	aee_aed.ko
trace_raw_output_prep	0xe3e03e34	binder_prio.ko
trace_raw_output_prep	0xe3e03e34	blocktag.ko
trace_raw_output_prep	0xe3e03e34	bt_drv_connac1x.ko
trace_raw_output_prep	0xe3e03e34	cfg80211.ko
trace_raw_output_prep	0xe3e03e34	cpufreq_sugov_ext.ko
trace_raw_output_prep	0xe3e03e34	ged.ko
trace_raw_output_prep	0xe3e03e34	mac80211.ko
trace_raw_output_prep	0xe3e03e34	mali_kbase_mt6768_r49.ko
trace_raw_output_prep	0xe3e03e34	mediatek-drm.ko
trace_raw_output_prep	0xe3e03e34	mmqos-common.ko
trace_raw_output_prep	0xe3e03e34	mtk-dvfsrc.ko
trace_raw_output_prep	0xe3e03e34	mtk-icc-core.ko
trace_raw_output_prep	0xe3e03e34	mtk-mbox.ko
trace_raw_output_prep	0xe3e03e34	mtk-mmdvfs-ftrace.ko
trace_raw_output_prep	0xe3e03e34	mtk_cm_mgr_mt6768.ko
trace_raw_output_prep	0xe3e03e34	mtk_cpu_power_throttling.ko
trace_raw_output_prep	0xe3e03e34	mtk_fpsgo.ko
trace_raw_output_prep	0xe3e03e34	mtk_low_battery_throttling.ko
trace_raw_output_prep	0xe3e03e34	mtk_peak_power_budget.ko
trace_raw_output_prep	0xe3e03e34	mtk_perf_common.ko
trace_raw_output_prep	0xe3e03e34	mtk_ppm_v3.ko
trace_raw_output_prep	0xe3e03e34	musb_hdrc.ko
trace_raw_output_prep	0xe3e03e34	powerhal_cpu_ctrl.ko
trace_raw_output_prep	0xe3e03e34	scheduler.ko
trace_raw_output_prep	0xe3e03e34	system_heap.ko
trace_raw_output_prep	0xe3e03e34	thermal_monitor.ko
trace_raw_output_prep	0xe3e03e34	timer-mediatek.ko
trace_raw_output_prep	0xe3e03e34	touch_boost.ko
trace_raw_output_prep	0xe3e03e34	trace_mmstat.ko
trace_raw_output_prep	0xe3e03e34	ufs-mediatek-mod.ko
trace_raw_output_prep	0xe3e03e34	uload_ind.ko
trace_seq_printf	0x525d0aa3	trace_mmstat.ko
trace_seq_putc	0x1b5f4377	trace_mmstat.ko
trace_set_clr_event	0xd217e9e6	ged.ko
tracepoint_probe_register	0x805e2dd2	MTK_INTERNAL_SPM.ko
tracepoint_probe_register	0x805e2dd2	aee_aed.ko
tracepoint_probe_register	0x805e2dd2	binder_gki.ko
tracepoint_probe_register	0x805e2dd2	binder_prio.ko
tracepoint_probe_register	0x805e2dd2	blocktag.ko
tracepoint_probe_register	0x805e2dd2	bootprof.ko
tracepoint_probe_register	0x805e2dd2	cpufreq_sugov_ext.ko
tracepoint_probe_register	0x805e2dd2	iommu_debug.ko
tracepoint_probe_register	0x805e2dd2	met.ko
tracepoint_probe_register	0x805e2dd2	mi_rmap_efficiency.ko
tracepoint_probe_register	0x805e2dd2	millet_sig.ko
tracepoint_probe_register	0x805e2dd2	mtk-mmc-dbg.ko
tracepoint_probe_register	0x805e2dd2	mtk-mmc.ko
tracepoint_probe_register	0x805e2dd2	mtk_cm_mgr.ko
tracepoint_probe_register	0x805e2dd2	mtk_fpsgo.ko
tracepoint_probe_register	0x805e2dd2	mtk_pbm.ko
tracepoint_probe_register	0x805e2dd2	mtk_perf_common.ko
tracepoint_probe_register	0x805e2dd2	musb_boost.ko
tracepoint_probe_register	0x805e2dd2	perfhelper.ko
tracepoint_probe_register	0x805e2dd2	pidmap.ko
tracepoint_probe_register	0x805e2dd2	scheduler.ko
tracepoint_probe_register	0x805e2dd2	ufs-mediatek-dbg.ko
tracepoint_probe_register	0x805e2dd2	ufs-mediatek-mod.ko
tracepoint_probe_unregister	0x7aba1ef6	MTK_INTERNAL_SPM.ko
tracepoint_probe_unregister	0x7aba1ef6	aee_aed.ko
tracepoint_probe_unregister	0x7aba1ef6	binder_prio.ko
tracepoint_probe_unregister	0x7aba1ef6	blocktag.ko
tracepoint_probe_unregister	0x7aba1ef6	bootprof.ko
tracepoint_probe_unregister	0x7aba1ef6	met.ko
tracepoint_probe_unregister	0x7aba1ef6	mi_rmap_efficiency.ko
tracepoint_probe_unregister	0x7aba1ef6	mtk-mmc-dbg.ko
tracepoint_probe_unregister	0x7aba1ef6	mtk-mmc.ko
tracepoint_probe_unregister	0x7aba1ef6	mtk_cm_mgr.ko
tracepoint_probe_unregister	0x7aba1ef6	mtk_fpsgo.ko
tracepoint_probe_unregister	0x7aba1ef6	mtk_pbm.ko
tracepoint_probe_unregister	0x7aba1ef6	mtk_perf_common.ko
tracepoint_probe_unregister	0x7aba1ef6	pidmap.ko
tracepoint_probe_unregister	0x7aba1ef6	scheduler.ko
tracepoint_probe_unregister	0x7aba1ef6	ufs-mediatek-dbg.ko
tracepoint_probe_unregister	0x7aba1ef6	ufs-mediatek-mod.ko
tracepoint_srcu	0x0bbefcef	ufs-mediatek-dbg.ko
tracing_off	0x7944e0fc	ccci_md_all.ko
trusted_mem_api_alloc	0x556ef70a	mtk_sec_heap.ko
trusted_mem_api_get_region_info	0xbfa5fe46	mtk_sec_heap.ko
trusted_mem_api_query_pa	0x9d856127	mtk_sec_heap.ko
trusted_mem_api_query_pa	0x9d856127	t-base-tui.ko
trusted_mem_api_unref	0xc32bc232	mtk_sec_heap.ko
trusted_mem_disable_high_freq	0x331d7047	mtk_sec_heap.ko
trusted_mem_enable_high_freq	0xd389fafb	mtk_sec_heap.ko
trusted_mem_is_page_v2_enabled	0x03d3b7a5	mtk_sec_heap.ko
trusted_mem_page_based_alloc	0xf7dcd095	mtk_sec_heap.ko
trusted_mem_page_based_free	0x20d3a271	mtk_sec_heap.ko
trusty_adjust_task_attr	0x001c684a	gz_main_mod.ko
trusty_call_notifier_register	0x6d75ae03	gz_irq_mod.ko
trusty_call_notifier_register	0x6d75ae03	gz_log_mod.ko
trusty_call_notifier_register	0x6d75ae03	gz_virtio_mod.ko
trusty_call_notifier_unregister	0x790f7772	gz_irq_mod.ko
trusty_call_notifier_unregister	0x790f7772	gz_log_mod.ko
trusty_call_notifier_unregister	0x790f7772	gz_virtio_mod.ko
trusty_callback_notifier_register	0xf4997e21	gz_virtio_mod.ko
trusty_callback_notifier_unregister	0x586e7a6a	gz_virtio_mod.ko
trusty_dequeue_nop	0x59e30201	gz_virtio_mod.ko
trusty_dump_systrace	0x6f4bba1a	gz_virtio_mod.ko
trusty_enqueue_nop	0x89fdfb44	gz_ipc_mod.ko
trusty_enqueue_nop	0x89fdfb44	gz_irq_mod.ko
trusty_enqueue_nop	0x89fdfb44	gz_tz_system.ko
trusty_enqueue_nop	0x89fdfb44	gz_virtio_mod.ko
trusty_fast_call32	0x2379f568	gz_ipc_mod.ko
trusty_fast_call32	0x2379f568	gz_irq_mod.ko
trusty_fast_call32	0x2379f568	gz_log_mod.ko
trusty_fast_call32	0x2379f568	gz_main_mod.ko
trusty_fast_call32	0x2379f568	gz_virtio_mod.ko
trusty_get_api_version	0x9f757c67	gz_ipc_mod.ko
trusty_get_api_version	0x9f757c67	gz_virtio_mod.ko
trusty_std_call32	0xa4bbf108	gz_log_mod.ko
trusty_std_call32	0xa4bbf108	gz_main_mod.ko
trusty_std_call32	0xa4bbf108	gz_tz_system.ko
trusty_std_call32	0xa4bbf108	gz_virtio_mod.ko
trusty_version_str_get	0x9317d5ff	gz_log_mod.ko
try_module_get	0x2ac265a7	hwmon.ko
try_module_get	0x2ac265a7	mali_kbase_mt6768_r49.ko
try_module_get	0x2ac265a7	met.ko
try_module_get	0x2ac265a7	miev.ko
try_to_free_mem_cgroup_pages	0xed816c7f	mtk_perf_ioctl.ko
try_to_free_mem_cgroup_pages	0xed816c7f	perfhelper.ko
try_wait_for_completion	0x21ef374c	mtk_tinysys_ipi.ko
try_wait_for_completion	0x21ef374c	sspm_v1.ko
tscpu_get_temp_by_bank	0x5b190f99	mediatek_eem.ko
tscpu_is_temp_valid	0xbde3c482	mediatek_eem.ko
tty_driver_flush_buffer	0xf68815df	wmt_drv.ko
tty_flip_buffer_push	0x82917e5d	8250_mtk.ko
tty_register_ldisc	0xf059c51b	wmt_drv.ko
tty_termios_baud_rate	0x0bd394d8	8250_mtk.ko
tty_termios_encode_baud_rate	0x5641485b	8250_mtk.ko
tty_unregister_ldisc	0x92086ce0	wmt_drv.ko
turn_off_vip_in_gh	0xcc5d2d34	mtk_fpsgo.ko
turn_on_vip_in_gh	0x45e4f99e	mtk_fpsgo.ko
typec_get_drvdata	0x696c92ad	rt_pd_manager.ko
typec_mux_set	0x6b3d9465	rt_pd_manager.ko
typec_partner_set_identity	0xf39b94ea	rt_pd_manager.ko
typec_register_partner	0x106489b3	rt_pd_manager.ko
typec_register_port	0x557d31d1	rt_pd_manager.ko
typec_set_data_role	0xa68cb5dd	rt_pd_manager.ko
typec_set_orientation	0xb92f6664	rt_pd_manager.ko
typec_set_pwr_opmode	0xb211b697	rt_pd_manager.ko
typec_set_pwr_role	0xe862584d	rt_pd_manager.ko
typec_set_vconn_role	0xdecd8fbf	rt_pd_manager.ko
typec_unregister_partner	0x7ae5dfff	rt_pd_manager.ko
typec_unregister_port	0x9784a31c	rt_pd_manager.ko
tz_system_dev	0x2c1b86e8	gz_main_mod.ko
uart_get_baud_rate	0x411696d2	8250_mtk.ko
uart_get_divisor	0x74584042	8250_mtk.ko
uart_update_timeout	0x9c0ea6cd	8250_mtk.ko
uclamp_eff_value	0xe355c9a3	mtk_fpsgo.ko
uclamp_eff_value	0xe355c9a3	scheduler.ko
ufs_mtk_cali_hold	0x92dfafaa	ccci_md_all.ko
ufs_mtk_cali_release	0xeff56a13	ccci_md_all.ko
ufs_mtk_dbg_dump	0x4450d17e	ufs-mediatek-mod.ko
ufs_mtk_dbg_register	0x30a411bf	ufs-mediatek-mod.ko
ufs_mtk_dbg_tp_register	0xe8fd450b	ufs-mediatek-mod.ko
ufs_mtk_dbg_tp_unregister	0x53fce8fe	ufs-mediatek-mod.ko
ufs_mtk_eh_abort	0xa8788bdc	ufs-mediatek-mod.ko
ufs_mtk_eh_err_cnt	0x930b1259	ufs-mediatek-mod.ko
ufs_mtk_eh_unipro_set_lpm	0x645cf218	ufs-mediatek-mod.ko
ufs_mtk_rpmb_get_raw_dev	0x574b7189	rpmb-mtk.ko
ufshcd_config_pwr_mode	0x89deb53a	ufs-mediatek-mod.ko
ufshcd_delay_us	0x723b1abf	ufs-mediatek-mod.ko
ufshcd_dme_configure_adapt	0x13da5505	ufs-mediatek-mod.ko
ufshcd_dme_get_attr	0x15c4cef0	ufs-mediatek-dbg.ko
ufshcd_dme_get_attr	0x15c4cef0	ufs-mediatek-mod.ko
ufshcd_dme_set_attr	0xe978b385	ufs-mediatek-mod.ko
ufshcd_dump_regs	0x58ce9a0a	ufs-mediatek-mod.ko
ufshcd_fixup_dev_quirks	0xb4bd09a8	ufs-mediatek-mod.ko
ufshcd_get_pwr_dev_param	0x7a0460ff	ufs-mediatek-mod.ko
ufshcd_hba_enable	0x8876b984	ufs-mediatek-mod.ko
ufshcd_hba_stop	0xf85bf01e	ufs-mediatek-mod.ko
ufshcd_hold	0x0d0193ab	ufs-mediatek-dbg.ko
ufshcd_hold	0x0d0193ab	ufs-mediatek-mod.ko
ufshcd_init_pwr_dev_param	0x54c946de	ufs-mediatek-mod.ko
ufshcd_link_recovery	0x516efee9	ufs-mediatek-mod.ko
ufshcd_make_hba_operational	0x8c180567	ufs-mediatek-mod.ko
ufshcd_mcq_config_mac	0x7e1f6bef	ufs-mediatek-mod.ko
ufshcd_mcq_make_queues_operational	0x1b0685c8	ufs-mediatek-mod.ko
ufshcd_mcq_poll_cqe_lock	0x01c0066d	ufs-mediatek-mod.ko
ufshcd_mcq_read_cqis	0xca6aac8b	ufs-mediatek-mod.ko
ufshcd_mcq_write_cqis	0xbe430275	ufs-mediatek-mod.ko
ufshcd_pltfrm_init	0x2fe0de00	ufs-mediatek-mod.ko
ufshcd_query_flag	0x6520be7a	ufs-mediatek-mod.ko
ufshcd_read_desc_param	0xb7986bbd	ufs-mediatek-mod.ko
ufshcd_release	0x132f3ffd	ufs-mediatek-dbg.ko
ufshcd_release	0x132f3ffd	ufs-mediatek-mod.ko
ufshcd_remove	0x534bc531	ufs-mediatek-mod.ko
ufshcd_resume_complete	0xdd7b8541	ufs-mediatek-mod.ko
ufshcd_runtime_resume	0x28d6b882	ufs-mediatek-mod.ko
ufshcd_runtime_suspend	0x7aab3423	ufs-mediatek-mod.ko
ufshcd_suspend_prepare	0x8389a40f	ufs-mediatek-mod.ko
ufshcd_system_resume	0x3a21bfdc	ufs-mediatek-mod.ko
ufshcd_system_suspend	0xf66abfd7	ufs-mediatek-mod.ko
ufshcd_uic_change_pwr_mode	0x7655b176	ufs-mediatek-mod.ko
ufshcd_uic_hibern8_exit	0xd81f2f75	ufs-mediatek-mod.ko
ufshcd_update_evt_hist	0x9d03ccf4	ufs-mediatek-dbg.ko
ufshcd_update_evt_hist	0x9d03ccf4	ufs-mediatek-mod.ko
uncali_acc_data_report	0x9e3b58b9	uncali_acchub.ko
uncali_acc_flush_report	0x6aceba0d	uncali_acchub.ko
uncali_gyro_data_report	0x781dd424	uncali_gyrohub.ko
uncali_gyro_flush_report	0x75fc361b	uncali_gyrohub.ko
uncali_gyro_temperature_data_report	0x838ca3a3	uncali_gyrohub.ko
uncali_gyro_temperature_flush_report	0x465e01b3	uncali_gyrohub.ko
uncali_mag_data_report	0xd1110f9b	uncali_maghub.ko
uncali_mag_flush_report	0xec13b96d	uncali_maghub.ko
uninit_lct_tp_gesture	0xb01efbd2	ft8057p_spi.ko
uninit_lct_tp_gesture	0xb01efbd2	nt36528_spi.ko
uninit_lct_tp_grip_area	0x2d183cba	ft8057m_spi.ko
uninit_lct_tp_grip_area	0x2d183cba	ft8057p_spi.ko
uninit_lct_tp_grip_area	0x2d183cba	icnl9916_spi.ko
uninit_lct_tp_grip_area	0x2d183cba	nt36528_spi.ko
uninit_lct_tp_info	0xce20b7b4	ft8057m_spi.ko
uninit_lct_tp_info	0xce20b7b4	ft8057p_spi.ko
uninit_lct_tp_info	0xce20b7b4	icnl9916_spi.ko
uninit_lct_tp_info	0xce20b7b4	nt36528_spi.ko
uninit_lct_tp_proximity_switch	0x41f3ba7e	ft8057m_spi.ko
uninit_lct_tp_proximity_switch	0x41f3ba7e	ft8057p_spi.ko
uninit_lct_tp_proximity_switch	0x41f3ba7e	icnl9916_spi.ko
uninit_lct_tp_proximity_switch	0x41f3ba7e	nt36528_spi.ko
uninit_lct_tp_selftest	0x72b690dc	ft8057m_spi.ko
uninit_lct_tp_selftest	0x72b690dc	ft8057p_spi.ko
uninit_lct_tp_selftest	0x72b690dc	icnl9916_spi.ko
uninit_lct_tp_selftest	0x72b690dc	nt36528_spi.ko
uninit_lct_tp_work	0x0158a2dc	ft8057m_spi.ko
uninit_lct_tp_work	0x0158a2dc	ft8057p_spi.ko
uninit_lct_tp_work	0x0158a2dc	nt36528_spi.ko
unlock_page	0x5057c9a4	mali_kbase_mt6768_r49.ko
unlock_page	0x5057c9a4	zsmalloc.ko
unmap_mapping_range	0x3150daad	mali_kbase_mt6768_r49.ko
unpin_user_page	0xaec10e6e	mali_kbase_mt6768_r49.ko
unpin_user_page	0xaec10e6e	mcDrvModule.ko
unreg_loading_tracking_sp	0x9a17c2d9	uload_ind.ko
unregister_blkdev	0xb5a459dc	zram.ko
unregister_chrdev_region	0x6091b333	bt_drv_connac1x.ko
unregister_chrdev_region	0x6091b333	camera_dpe_isp40.ko
unregister_chrdev_region	0x6091b333	camera_eeprom_isp4_t.ko
unregister_chrdev_region	0x6091b333	camera_fdvt_isp40.ko
unregister_chrdev_region	0x6091b333	camera_isp_4_t.ko
unregister_chrdev_region	0x6091b333	camera_mem.ko
unregister_chrdev_region	0x6091b333	ccci_util_lib.ko
unregister_chrdev_region	0x6091b333	ccu_isp4.ko
unregister_chrdev_region	0x6091b333	connadp.ko
unregister_chrdev_region	0x6091b333	flashlight.ko
unregister_chrdev_region	0x6091b333	fmradio_drv_mt6631.ko
unregister_chrdev_region	0x6091b333	gf_fingerprint.ko
unregister_chrdev_region	0x6091b333	gps_drv_stp.ko
unregister_chrdev_region	0x6091b333	gz_ipc_mod.ko
unregister_chrdev_region	0x6091b333	imgsensor_isp4_t.ko
unregister_chrdev_region	0x6091b333	isee.ko
unregister_chrdev_region	0x6091b333	main2af.ko
unregister_chrdev_region	0x6091b333	main3af.ko
unregister_chrdev_region	0x6091b333	mainaf.ko
unregister_chrdev_region	0x6091b333	mcDrvModule.ko
unregister_chrdev_region	0x6091b333	mdp_drv_mt6768.ko
unregister_chrdev_region	0x6091b333	mediatek-drm.ko
unregister_chrdev_region	0x6091b333	mi_memory.ko
unregister_chrdev_region	0x6091b333	miev.ko
unregister_chrdev_region	0x6091b333	mt6358-accdet.ko
unregister_chrdev_region	0x6091b333	mtk-vcu.ko
unregister_chrdev_region	0x6091b333	nxp_i2c.ko
unregister_chrdev_region	0x6091b333	rpmb-mtk.ko
unregister_chrdev_region	0x6091b333	sec.ko
unregister_chrdev_region	0x6091b333	sil_fingerprint.ko
unregister_chrdev_region	0x6091b333	sub2af.ko
unregister_chrdev_region	0x6091b333	subaf.ko
unregister_chrdev_region	0x6091b333	t-base-tui.ko
unregister_chrdev_region	0x6091b333	teeperf.ko
unregister_chrdev_region	0x6091b333	widevine_driver.ko
unregister_chrdev_region	0x6091b333	wlan_drv_gen4m_6768.ko
unregister_chrdev_region	0x6091b333	wmt_chrdev_wifi.ko
unregister_chrdev_region	0x6091b333	wmt_drv.ko
unregister_die_notifier	0x36115a25	mrdump.ko
unregister_dvfsrc_debug_notifier	0x97d2932a	mtk-dvfsrc-helper.ko
unregister_hang_callback	0x6d63eda1	mtk_heap_debug.ko
unregister_inet6addr_notifier	0xa3470516	mac80211.ko
unregister_inetaddr_notifier	0xc8b9c0d7	mac80211.ko
unregister_inetaddr_notifier	0xc8b9c0d7	wlan_drv_gen4m_6768.ko
unregister_kprobe	0xeb78b1ed	aee_hangdet.ko
unregister_millet_hook	0xb929fd5b	millet_hs.ko
unregister_millet_hook	0xb929fd5b	millet_pkg.ko
unregister_mmdvfs_notifier	0x88f68e11	mmqos-common.ko
unregister_module_notifier	0xc93e87d8	aee_aed.ko
unregister_module_notifier	0xc93e87d8	mrdump.ko
unregister_netdev	0x020a0947	ccmni.ko
unregister_netdev	0x020a0947	mtk_u_ether.ko
unregister_netdev	0x020a0947	wlan_drv_gen4m_6768.ko
unregister_netdevice_notifier	0x2f5e56a0	cfg80211.ko
unregister_netdevice_notifier	0x2f5e56a0	mac80211.ko
unregister_netdevice_notifier	0x2f5e56a0	wlan_drv_gen4m_6768.ko
unregister_netdevice_queue	0x9deea1c9	cfg80211.ko
unregister_netdevice_queue	0x9deea1c9	wlan_drv_gen4m_6768.ko
unregister_oom_notifier	0x1c400fa0	mali_kbase_mt6768_r49.ko
unregister_oom_notifier	0x1c400fa0	mtk_heap_debug.ko
unregister_pernet_device	0x33a8635e	cfg80211.ko
unregister_pm_notifier	0x0967fe10	aee_hangdet.ko
unregister_pm_notifier	0x0967fe10	bt_drv_connac1x.ko
unregister_pm_notifier	0x0967fe10	log_store.ko
unregister_pm_notifier	0x0967fe10	mdp_drv_mt6768.ko
unregister_pm_notifier	0x0967fe10	mtk_battery_manager.ko
unregister_pm_notifier	0x0967fe10	wlan_drv_gen4m_6768.ko
unregister_pm_notifier	0x0967fe10	wmt_drv.ko
unregister_reboot_notifier	0x00114764	aee_hangdet.ko
unregister_reboot_notifier	0x00114764	log_store.ko
unregister_reboot_notifier	0x00114764	reboot-mode.ko
unregister_reboot_notifier	0x00114764	sec.ko
unregister_shrinker	0x6d6e6e1f	mali_kbase_mt6768_r49.ko
unregister_shrinker	0x6d6e6e1f	mali_mgm_mt6768_r49.ko
unregister_shrinker	0x6d6e6e1f	zsmalloc.ko
unregister_syscore_ops	0xfa1eb910	scp.ko
unregister_tcp_dev_notifier	0xc691f06b	mtk_chg_type_det.ko
unregister_tcp_dev_notifier	0xc691f06b	mtk_pd_adapter.ko
unregister_tcp_dev_notifier	0xc691f06b	rt_pd_manager.ko
unregister_virtio_device	0x08af390f	gz_virtio_mod.ko
unregister_virtio_driver	0x291c38cd	gz_ipc_mod.ko
unregister_xm_charger_dfs_notifier	0x9a567c1e	xm_smart_chg.ko
unset_gear_indices	0x9d91a009	mtk_fpsgo.ko
unset_runnable_boost_enable	0xd91547fa	scheduler.ko
unset_task_basic_vip	0x4f6827d2	mtk_fpsgo.ko
unset_task_ls	0x31048bfd	mtk_fpsgo.ko
unset_task_priority_based_vip	0x9efa19aa	mtk_fpsgo.ko
unset_task_vvip	0x645be3ff	mtk_fpsgo.ko
up	0xcf2a6966	aee_aed.ko
up	0xcf2a6966	aee_rs.ko
up	0xcf2a6966	bt_drv_connac1x.ko
up	0xcf2a6966	emictrl.ko
up	0xcf2a6966	fmradio_drv_mt6631.ko
up	0xcf2a6966	gps_drv_stp.ko
up	0xcf2a6966	isee.ko
up	0xcf2a6966	mali_kbase_mt6768_r49.ko
up	0xcf2a6966	mediatek-drm.ko
up	0xcf2a6966	mtk-vcodec-dec-v1.ko
up	0xcf2a6966	mtk-vcodec-enc-v1.ko
up	0xcf2a6966	mtk-vcu.ko
up	0xcf2a6966	musb_hdrc.ko
up	0xcf2a6966	sec.ko
up	0xcf2a6966	sensorHub.ko
up	0xcf2a6966	tcpc_class.ko
up	0xcf2a6966	thermal_monitor.ko
up	0xcf2a6966	ufs-mediatek-mod.ko
up	0xcf2a6966	wlan_drv_gen4m_6768.ko
up_read	0x6b50e951	gz_tz_system.ko
up_read	0x6b50e951	mali_kbase_mt6768_r49.ko
up_read	0x6b50e951	mcDrvModule.ko
up_read	0x6b50e951	monitor_hang.ko
up_read	0x6b50e951	mtk_heap_debug.ko
up_read	0x6b50e951	zram.ko
up_write	0x20d81059	ccci_md_all.ko
up_write	0x20d81059	drm_dma_helper.ko
up_write	0x20d81059	isee.ko
up_write	0x20d81059	mali_kbase_mt6768_r49.ko
up_write	0x20d81059	mediatek-drm.ko
up_write	0x20d81059	monitor_hang.ko
up_write	0x20d81059	snd-soc-mtk-common.ko
up_write	0x20d81059	teeperf.ko
up_write	0x20d81059	trusted_mem.ko
up_write	0x20d81059	wmt_drv.ko
up_write	0x20d81059	zram.ko
update_curr_collab_state	0x072eebfa	scheduler.ko
update_driver_loaded_status	0xca971b10	wlan_drv_gen4m_6768.ko
update_dsu_status_hook	0x44200546	mtk_em.ko
update_lct_tp_info	0x9f9b3819	ft8057m_spi.ko
update_lct_tp_info	0x9f9b3819	ft8057p_spi.ko
update_lct_tp_info	0x9f9b3819	icnl9916_spi.ko
update_lct_tp_info	0x9f9b3819	nt36528_spi.ko
update_palm_sensor_value	0x49118811	ft8057m_spi.ko
update_palm_sensor_value	0x49118811	ft8057p_spi.ko
update_palm_sensor_value	0x49118811	icnl9916_spi.ko
update_palm_sensor_value	0x49118811	nt36528_spi.ko
update_rq_clock	0xeb0fe8d4	scheduler.ko
update_uartlog_status	0x5f2612a8	met_backlight_api.ko
update_uartlog_status_symbol	0x4fa205f7	met_backlight_api.ko
upower_get_core_tbl	0xff1d8e81	cpufreq_sugov_ext.ko
upower_get_power	0x594efe8e	mtk_ppm_v3.ko
upower_update_degree_by_eem	0x3e8b577e	mediatek_eem.ko
upower_update_volt_by_eem	0x316977de	mediatek_eem.ko
usb_add_config	0x03e66171	usb_meta.ko
usb_add_function	0xde2ba665	c2k_usb.ko
usb_add_function	0xde2ba665	usb_meta.ko
usb_add_gadget_udc	0x2450c368	musb_hdrc.ko
usb_add_hcd	0x2d85d290	musb_hdrc.ko
usb_add_phy_dev	0x8cc01398	phy-generic.ko
usb_assign_descriptors	0xc57fc1a2	mtk_usb_f_rndis.ko
usb_composite_probe	0xe6126ab3	usb_meta.ko
usb_composite_unregister	0xe363e199	usb_meta.ko
usb_copy_descriptors	0x2e09263f	c2k_usb.ko
usb_create_hcd	0x188bfe06	musb_hdrc.ko
usb_del_gadget_udc	0xa9c368a1	musb_hdrc.ko
usb_disabled	0x19a304ba	musb_main.ko
usb_ep_alloc_request	0x32b96785	c2k_usb.ko
usb_ep_alloc_request	0x32b96785	mtk_u_ether.ko
usb_ep_alloc_request	0x32b96785	mtk_usb_f_rndis.ko
usb_ep_autoconfig	0x7333a372	c2k_usb.ko
usb_ep_autoconfig	0x7333a372	mtk_usb_f_rndis.ko
usb_ep_dequeue	0x8d7f779d	c2k_usb.ko
usb_ep_dequeue	0x8d7f779d	usb_meta.ko
usb_ep_disable	0x37ce80bc	c2k_usb.ko
usb_ep_disable	0x37ce80bc	mtk_u_ether.ko
usb_ep_disable	0x37ce80bc	mtk_usb_f_rndis.ko
usb_ep_enable	0x1cf3eb03	c2k_usb.ko
usb_ep_enable	0x1cf3eb03	mtk_u_ether.ko
usb_ep_enable	0x1cf3eb03	mtk_usb_f_rndis.ko
usb_ep_free_request	0xf287825d	c2k_usb.ko
usb_ep_free_request	0xf287825d	mtk_u_ether.ko
usb_ep_free_request	0xf287825d	mtk_usb_f_rndis.ko
usb_ep_queue	0x98faa8ba	c2k_usb.ko
usb_ep_queue	0x98faa8ba	mtk_u_ether.ko
usb_ep_queue	0x98faa8ba	mtk_usb_f_rndis.ko
usb_ep_set_halt	0x14e8b871	musb_hdrc.ko
usb_free_all_descriptors	0x1a063873	mtk_usb_f_rndis.ko
usb_function_register	0x4d4c33d3	c2k_usb_f_via_atc.ko
usb_function_register	0x4d4c33d3	c2k_usb_f_via_ets.ko
usb_function_register	0x4d4c33d3	c2k_usb_f_via_modem.ko
usb_function_register	0x4d4c33d3	mtk_usb_f_rndis.ko
usb_function_unregister	0xb0cb28fd	c2k_usb_f_via_atc.ko
usb_function_unregister	0xb0cb28fd	c2k_usb_f_via_ets.ko
usb_function_unregister	0xb0cb28fd	c2k_usb_f_via_modem.ko
usb_function_unregister	0xb0cb28fd	mtk_usb_f_rndis.ko
usb_gadget_connect	0xd38bbf0e	usb_meta.ko
usb_gadget_disconnect	0x9235a86f	usb_meta.ko
usb_gadget_giveback_request	0x48d285d3	musb_hdrc.ko
usb_gadget_register_driver_owner	0x6868201f	usb_meta.ko
usb_gadget_set_selfpowered	0x1c6a6dde	usb_meta.ko
usb_gadget_set_state	0xf229fb24	musb_hdrc.ko
usb_get_dr_mode	0xa3122b7c	musb_hdrc.ko
usb_get_function	0x7e8b8fe4	usb_meta.ko
usb_get_function_instance	0x4784785e	usb_meta.ko
usb_gstrings_attach	0x3ef4c328	mtk_usb_f_rndis.ko
usb_hcd_check_unlink_urb	0x17fa4c30	musb_hdrc.ko
usb_hcd_giveback_urb	0xf5bcecba	musb_hdrc.ko
usb_hcd_link_urb_to_ep	0x8d53e65e	musb_hdrc.ko
usb_hcd_poll_rh_status	0x1a1d1b74	musb_hdrc.ko
usb_hcd_resume_root_hub	0xc65d8f58	musb_hdrc.ko
usb_hcd_unlink_urb_from_ep	0x3b786b20	musb_hdrc.ko
usb_hcd_unmap_urb_for_dma	0x9da63965	musb_hdrc.ko
usb_interface_id	0x83c3aa75	c2k_usb.ko
usb_interface_id	0x83c3aa75	mtk_usb_f_rndis.ko
usb_os_desc_prepare_interf_dir	0x50a372b4	mtk_usb_f_rndis.ko
usb_otg_state_string	0x2f0d9053	musb_hdrc.ko
usb_phy_generic_register	0x6e2e2bad	musb_hdrc.ko
usb_phy_generic_unregister	0x4062d954	musb_hdrc.ko
usb_phy_set_charger_current	0x6bfb379a	musb_hdrc.ko
usb_put_function	0xf79385e5	usb_meta.ko
usb_put_function_instance	0x742b23a7	c2k_usb.ko
usb_put_function_instance	0x742b23a7	mtk_usb_f_rndis.ko
usb_put_function_instance	0x742b23a7	usb_meta.ko
usb_put_hcd	0xd8b8ba77	musb_hdrc.ko
usb_remove_function	0x0295d19d	usb_meta.ko
usb_remove_hcd	0xdb653957	musb_hdrc.ko
usb_remove_phy	0xd0ddc636	phy-generic.ko
usb_role_switch_get	0xd93acf40	extcon-mtk-usb.ko
usb_role_switch_get_drvdata	0x1690b503	musb_hdrc.ko
usb_role_switch_register	0x4bc01d1b	musb_hdrc.ko
usb_role_switch_set_role	0xd5474690	extcon-mtk-usb.ko
usb_role_switch_unregister	0x2882d40e	musb_hdrc.ko
usb_string_id	0xed3ecd56	c2k_usb.ko
usb_string_id	0xed3ecd56	usb_meta.ko
usleep_range_state	0xc3055d20	8250_mtk.ko
usleep_range_state	0xc3055d20	aee_hangdet.ko
usleep_range_state	0xc3055d20	btif_drv.ko
usleep_range_state	0xc3055d20	ccu_isp4.ko
usleep_range_state	0xc3055d20	drm_display_helper.ko
usleep_range_state	0xc3055d20	ft8057m_spi.ko
usleep_range_state	0xc3055d20	ft8057p_spi.ko
usleep_range_state	0xc3055d20	gz_trusty_mod.ko
usleep_range_state	0xc3055d20	leds-mt6370-flash.ko
usleep_range_state	0xc3055d20	main2af.ko
usleep_range_state	0xc3055d20	mainaf.ko
usleep_range_state	0xc3055d20	mcDrvModule.ko
usleep_range_state	0xc3055d20	mcdi.ko
usleep_range_state	0xc3055d20	mediatek-drm.ko
usleep_range_state	0xc3055d20	mt6358-accdet.ko
usleep_range_state	0xc3055d20	mt635x-auxadc.ko
usleep_range_state	0xc3055d20	mt6370-adc.ko
usleep_range_state	0xc3055d20	mt6370-charger.ko
usleep_range_state	0xc3055d20	mt6577_auxadc.ko
usleep_range_state	0xc3055d20	mtk-dvfsrc.ko
usleep_range_state	0xc3055d20	mtk-mmc.ko
usleep_range_state	0xc3055d20	mtk-mml.ko
usleep_range_state	0xc3055d20	mtk-scpsys.ko
usleep_range_state	0xc3055d20	mtk-smi-dbg.ko
usleep_range_state	0xc3055d20	mtk-uart-apdma.ko
usleep_range_state	0xc3055d20	mtk-vcodec-dec-v1.ko
usleep_range_state	0xc3055d20	mtk-vcodec-enc-v1.ko
usleep_range_state	0xc3055d20	mtk-vcu.ko
usleep_range_state	0xc3055d20	mtk_fpsgo.ko
usleep_range_state	0xc3055d20	mtk_iommu.ko
usleep_range_state	0xc3055d20	mtk_irtx_pwm.ko
usleep_range_state	0xc3055d20	mtk_spi.ko
usleep_range_state	0xc3055d20	nt36528_spi.ko
usleep_range_state	0xc3055d20	nvmem-mt635x-efuse.ko
usleep_range_state	0xc3055d20	nxp_i2c.ko
usleep_range_state	0xc3055d20	phy-generic.ko
usleep_range_state	0xc3055d20	phy-mtk-tphy.ko
usleep_range_state	0xc3055d20	rtc-mt6397.ko
usleep_range_state	0xc3055d20	sensorHub.ko
usleep_range_state	0xc3055d20	snd-soc-fs15xx.ko
usleep_range_state	0xc3055d20	snd-soc-mt6358.ko
usleep_range_state	0xc3055d20	snd-soc-mt6660.ko
usleep_range_state	0xc3055d20	snd-soc-mt6768-afe.ko
usleep_range_state	0xc3055d20	snd-soc-sipa-tuning.ko
usleep_range_state	0xc3055d20	tcpc_class.ko
usleep_range_state	0xc3055d20	tcpc_rt1711h.ko
usleep_range_state	0xc3055d20	tcpc_upm7610.ko
usleep_range_state	0xc3055d20	ufs-mediatek-mod.ko
usleep_range_state	0xc3055d20	wlan_drv_gen4m_6768.ko
usleep_range_state	0xc3055d20	wmt_drv.ko
uuid_fp	0xc2ff374b	gf_fingerprint.ko
uuid_fp	0xc2ff374b	mtk_spi.ko
v4l2_async_nf_cleanup	0xee95b9e0	mtk-composite.ko
v4l2_async_nf_init	0x23c73d6f	mtk-composite.ko
v4l2_async_nf_register	0xafe7674f	mtk-composite.ko
v4l2_async_nf_unregister	0x4b34ff90	mtk-composite.ko
v4l2_async_register_subdev	0x70d43f98	v4l2-flash-led-class.ko
v4l2_async_unregister_subdev	0x35870105	v4l2-flash-led-class.ko
v4l2_ctrl_handler_free	0x8c230268	mtk-vcodec-dec-v1.ko
v4l2_ctrl_handler_free	0x8c230268	mtk-vcodec-enc-v1.ko
v4l2_ctrl_handler_free	0x8c230268	mtk_jpeg.ko
v4l2_ctrl_handler_free	0x8c230268	v4l2-flash-led-class.ko
v4l2_ctrl_handler_init_class	0xceb0f345	mtk-vcodec-dec-v1.ko
v4l2_ctrl_handler_init_class	0xceb0f345	mtk-vcodec-enc-v1.ko
v4l2_ctrl_handler_init_class	0xceb0f345	mtk_jpeg.ko
v4l2_ctrl_handler_init_class	0xceb0f345	v4l2-flash-led-class.ko
v4l2_ctrl_handler_setup	0x2b03fb92	mtk-vcodec-dec-v1.ko
v4l2_ctrl_handler_setup	0x2b03fb92	mtk-vcodec-enc-v1.ko
v4l2_ctrl_handler_setup	0x2b03fb92	mtk_jpeg.ko
v4l2_ctrl_handler_setup	0x2b03fb92	v4l2-flash-led-class.ko
v4l2_ctrl_new_custom	0x303dcca4	mtk-vcodec-dec-v1.ko
v4l2_ctrl_new_custom	0x303dcca4	mtk-vcodec-enc-v1.ko
v4l2_ctrl_new_std	0x045765f6	mtk-vcodec-dec-v1.ko
v4l2_ctrl_new_std	0x045765f6	mtk-vcodec-enc-v1.ko
v4l2_ctrl_new_std	0x045765f6	mtk_jpeg.ko
v4l2_ctrl_new_std	0x045765f6	v4l2-flash-led-class.ko
v4l2_ctrl_new_std_menu	0xc84e1be3	mtk-vcodec-enc-v1.ko
v4l2_ctrl_new_std_menu	0xc84e1be3	v4l2-flash-led-class.ko
v4l2_ctrl_subscribe_event	0x6ae0145e	mtk-vcodec-dec-v1.ko
v4l2_ctrl_subscribe_event	0x6ae0145e	mtk-vcodec-enc-v1.ko
v4l2_ctrl_subscribe_event	0x6ae0145e	mtk_jpeg.ko
v4l2_device_register	0xd2df2c5c	mtk-composite.ko
v4l2_device_register	0xd2df2c5c	mtk-vcodec-dec-v1.ko
v4l2_device_register	0xd2df2c5c	mtk-vcodec-enc-v1.ko
v4l2_device_register	0xd2df2c5c	mtk_jpeg.ko
v4l2_device_unregister	0x8a49a5ed	mtk-composite.ko
v4l2_device_unregister	0x8a49a5ed	mtk-vcodec-dec-v1.ko
v4l2_device_unregister	0x8a49a5ed	mtk-vcodec-enc-v1.ko
v4l2_device_unregister	0x8a49a5ed	mtk_jpeg.ko
v4l2_event_queue_fh	0x29f46b79	mtk-vcodec-dec-v1.ko
v4l2_event_queue_fh	0x29f46b79	mtk-vcodec-enc-v1.ko
v4l2_event_queue_fh	0x29f46b79	mtk_jpeg.ko
v4l2_event_subscribe	0xb882f3d2	mtk-vcodec-dec-v1.ko
v4l2_event_subscribe	0xb882f3d2	mtk-vcodec-enc-v1.ko
v4l2_event_subscribe	0xb882f3d2	mtk_jpeg.ko
v4l2_event_unsubscribe	0x3201d2dc	mtk-vcodec-dec-v1.ko
v4l2_event_unsubscribe	0x3201d2dc	mtk-vcodec-enc-v1.ko
v4l2_event_unsubscribe	0x3201d2dc	mtk_jpeg.ko
v4l2_fh_add	0x3d9446b5	mtk-vcodec-dec-v1.ko
v4l2_fh_add	0x3d9446b5	mtk-vcodec-enc-v1.ko
v4l2_fh_add	0x3d9446b5	mtk_jpeg.ko
v4l2_fh_del	0xf4f83003	mtk-vcodec-dec-v1.ko
v4l2_fh_del	0xf4f83003	mtk-vcodec-enc-v1.ko
v4l2_fh_del	0xf4f83003	mtk_jpeg.ko
v4l2_fh_exit	0x7e69de92	mtk-vcodec-dec-v1.ko
v4l2_fh_exit	0x7e69de92	mtk-vcodec-enc-v1.ko
v4l2_fh_exit	0x7e69de92	mtk_jpeg.ko
v4l2_fh_init	0xc8e30c98	mtk-vcodec-dec-v1.ko
v4l2_fh_init	0xc8e30c98	mtk-vcodec-enc-v1.ko
v4l2_fh_init	0xc8e30c98	mtk_jpeg.ko
v4l2_fh_is_singular	0xe9bac866	mtk-vcodec-dec-v1.ko
v4l2_fh_is_singular	0xe9bac866	mtk-vcodec-enc-v1.ko
v4l2_fh_is_singular	0xe9bac866	v4l2-flash-led-class.ko
v4l2_flash_init	0xc8e2a2eb	leds-mt6370-flash.ko
v4l2_flash_release	0x6bfa1c6d	leds-mt6370-flash.ko
v4l2_m2m_buf_queue	0x057cbf81	mtk-vcodec-common.ko
v4l2_m2m_buf_queue	0x057cbf81	mtk_jpeg.ko
v4l2_m2m_buf_queue_check	0xe59cb7ce	mtk-vcodec-dec-v1.ko
v4l2_m2m_buf_queue_check	0xe59cb7ce	mtk-vcodec-enc-v1.ko
v4l2_m2m_buf_remove	0x56733535	mtk-vcodec-common.ko
v4l2_m2m_buf_remove	0x56733535	mtk-vcodec-dec-v1.ko
v4l2_m2m_buf_remove	0x56733535	mtk-vcodec-enc-v1.ko
v4l2_m2m_buf_remove	0x56733535	mtk_jpeg.ko
v4l2_m2m_ctx_init	0xf6d119e3	mtk-vcodec-dec-v1.ko
v4l2_m2m_ctx_init	0xf6d119e3	mtk-vcodec-enc-v1.ko
v4l2_m2m_ctx_init	0xf6d119e3	mtk_jpeg.ko
v4l2_m2m_ctx_release	0x30429dee	mtk-vcodec-dec-v1.ko
v4l2_m2m_ctx_release	0x30429dee	mtk-vcodec-enc-v1.ko
v4l2_m2m_ctx_release	0x30429dee	mtk_jpeg.ko
v4l2_m2m_dqbuf	0x99dd4044	mtk-vcodec-dec-v1.ko
v4l2_m2m_dqbuf	0x99dd4044	mtk-vcodec-enc-v1.ko
v4l2_m2m_fop_mmap	0xeaa0880a	mtk-vcodec-dec-v1.ko
v4l2_m2m_fop_mmap	0xeaa0880a	mtk-vcodec-enc-v1.ko
v4l2_m2m_fop_mmap	0xeaa0880a	mtk_jpeg.ko
v4l2_m2m_fop_poll	0x250bea5f	mtk-vcodec-dec-v1.ko
v4l2_m2m_fop_poll	0x250bea5f	mtk-vcodec-enc-v1.ko
v4l2_m2m_fop_poll	0x250bea5f	mtk_jpeg.ko
v4l2_m2m_get_curr_priv	0x459e133f	mtk_jpeg.ko
v4l2_m2m_get_vq	0x65da97d5	mtk-vcodec-dec-v1.ko
v4l2_m2m_get_vq	0x65da97d5	mtk-vcodec-enc-v1.ko
v4l2_m2m_get_vq	0x65da97d5	mtk_jpeg.ko
v4l2_m2m_init	0x730f2eae	mtk-vcodec-dec-v1.ko
v4l2_m2m_init	0x730f2eae	mtk-vcodec-enc-v1.ko
v4l2_m2m_init	0x730f2eae	mtk_jpeg.ko
v4l2_m2m_ioctl_create_bufs	0x9f306b67	mtk-vcodec-dec-v1.ko
v4l2_m2m_ioctl_create_bufs	0x9f306b67	mtk-vcodec-enc-v1.ko
v4l2_m2m_ioctl_create_bufs	0x9f306b67	mtk_jpeg.ko
v4l2_m2m_ioctl_decoder_cmd	0x52e6c2a5	mtk_jpeg.ko
v4l2_m2m_ioctl_dqbuf	0x31f41d68	mtk_jpeg.ko
v4l2_m2m_ioctl_encoder_cmd	0x9401223f	mtk_jpeg.ko
v4l2_m2m_ioctl_expbuf	0xd1cf96c8	mtk-vcodec-dec-v1.ko
v4l2_m2m_ioctl_expbuf	0xd1cf96c8	mtk-vcodec-enc-v1.ko
v4l2_m2m_ioctl_expbuf	0xd1cf96c8	mtk_jpeg.ko
v4l2_m2m_ioctl_prepare_buf	0x76da5822	mtk-vcodec-enc-v1.ko
v4l2_m2m_ioctl_prepare_buf	0x76da5822	mtk_jpeg.ko
v4l2_m2m_ioctl_querybuf	0x439e0e9c	mtk-vcodec-dec-v1.ko
v4l2_m2m_ioctl_querybuf	0x439e0e9c	mtk-vcodec-enc-v1.ko
v4l2_m2m_ioctl_querybuf	0x439e0e9c	mtk_jpeg.ko
v4l2_m2m_ioctl_reqbufs	0x48f982e5	mtk-vcodec-enc-v1.ko
v4l2_m2m_ioctl_reqbufs	0x48f982e5	mtk_jpeg.ko
v4l2_m2m_ioctl_streamoff	0x2f6f17e9	mtk-vcodec-dec-v1.ko
v4l2_m2m_ioctl_streamoff	0x2f6f17e9	mtk-vcodec-enc-v1.ko
v4l2_m2m_ioctl_streamoff	0x2f6f17e9	mtk_jpeg.ko
v4l2_m2m_ioctl_streamon	0x383ad176	mtk-vcodec-dec-v1.ko
v4l2_m2m_ioctl_streamon	0x383ad176	mtk-vcodec-enc-v1.ko
v4l2_m2m_ioctl_streamon	0x383ad176	mtk_jpeg.ko
v4l2_m2m_ioctl_try_decoder_cmd	0x859ed01e	mtk_jpeg.ko
v4l2_m2m_ioctl_try_encoder_cmd	0x8ede79ff	mtk_jpeg.ko
v4l2_m2m_job_finish	0xe2f3b694	mtk-vcodec-dec-v1.ko
v4l2_m2m_job_finish	0xe2f3b694	mtk-vcodec-enc-v1.ko
v4l2_m2m_job_finish	0xe2f3b694	mtk_jpeg.ko
v4l2_m2m_last_buffer_done	0xdae560ce	mtk_jpeg.ko
v4l2_m2m_next_buf	0xa40771f3	mtk-vcodec-common.ko
v4l2_m2m_next_buf	0xa40771f3	mtk-vcodec-dec-v1.ko
v4l2_m2m_next_buf	0xa40771f3	mtk-vcodec-enc-v1.ko
v4l2_m2m_next_buf	0xa40771f3	mtk_jpeg.ko
v4l2_m2m_qbuf	0xb84c4c42	mtk-vcodec-dec-v1.ko
v4l2_m2m_qbuf	0xb84c4c42	mtk-vcodec-enc-v1.ko
v4l2_m2m_qbuf	0xb84c4c42	mtk_jpeg.ko
v4l2_m2m_release	0xc6fca5ad	mtk-vcodec-dec-v1.ko
v4l2_m2m_release	0xc6fca5ad	mtk-vcodec-enc-v1.ko
v4l2_m2m_release	0xc6fca5ad	mtk_jpeg.ko
v4l2_m2m_reqbufs	0xbf71362a	mtk-vcodec-dec-v1.ko
v4l2_m2m_streamoff	0xead02fba	mtk-vcodec-dec-v1.ko
v4l2_m2m_streamoff	0xead02fba	mtk-vcodec-enc-v1.ko
v4l2_m2m_try_schedule	0xf056d77f	mtk-vcodec-dec-v1.ko
v4l2_m2m_try_schedule	0xf056d77f	mtk-vcodec-enc-v1.ko
v4l2_src_change_event_subscribe	0xc4637b2c	mtk-vcodec-dec-v1.ko
v4l2_src_change_event_subscribe	0xc4637b2c	mtk_jpeg.ko
v4l2_subdev_init	0x7e95cd57	v4l2-flash-led-class.ko
v4l_bound_align_image	0xf5ef842e	mtk-vcodec-dec-v1.ko
v4l_bound_align_image	0xf5ef842e	mtk-vcodec-enc-v1.ko
v4l_fill_mtk_fmtdesc	0x6ea2ae0a	mtk-vcodec-dec-v1.ko
v4l_fill_mtk_fmtdesc	0x6ea2ae0a	mtk-vcodec-enc-v1.ko
val_m	0x397a1f39	scheduler.ko
vb2_buffer_done	0x90e28455	mtk-vcodec-dec-v1.ko
vb2_buffer_done	0x90e28455	mtk-vcodec-enc-v1.ko
vb2_buffer_done	0x90e28455	mtk_jpeg.ko
vb2_dma_contig_memops	0xa2575a1e	mtk-vcodec-dec-v1.ko
vb2_dma_contig_memops	0xa2575a1e	mtk-vcodec-enc-v1.ko
vb2_dma_contig_memops	0xa2575a1e	mtk-vcu.ko
vb2_dma_contig_memops	0xa2575a1e	mtk_jpeg.ko
vb2_ops_wait_finish	0x74a1b65d	mtk-vcodec-dec-v1.ko
vb2_ops_wait_finish	0x74a1b65d	mtk-vcodec-enc-v1.ko
vb2_ops_wait_finish	0x74a1b65d	mtk_jpeg.ko
vb2_ops_wait_prepare	0x32fcf39e	mtk-vcodec-dec-v1.ko
vb2_ops_wait_prepare	0x32fcf39e	mtk-vcodec-enc-v1.ko
vb2_ops_wait_prepare	0x32fcf39e	mtk_jpeg.ko
vb2_plane_cookie	0x052b9ebc	mtk-vcodec-common.ko
vb2_plane_cookie	0x052b9ebc	mtk-vcodec-dec-v1.ko
vb2_plane_cookie	0x052b9ebc	mtk-vcodec-enc-v1.ko
vb2_plane_cookie	0x052b9ebc	mtk_jpeg.ko
vb2_plane_vaddr	0xdc91f603	mtk-vcodec-common.ko
vb2_plane_vaddr	0xdc91f603	mtk-vcodec-dec-v1.ko
vb2_plane_vaddr	0xdc91f603	mtk-vcodec-enc-v1.ko
vb2_plane_vaddr	0xdc91f603	mtk_jpeg.ko
vb2_queue_init	0x61d92a85	mtk-vcodec-dec-v1.ko
vb2_queue_init	0x61d92a85	mtk-vcodec-enc-v1.ko
vb2_queue_init	0x61d92a85	mtk_jpeg.ko
vb2_queue_release	0xb3adec70	mtk-vcodec-dec-v1.ko
vchan_dma_desc_free_list	0x42bbe399	mtk-cqdma.ko
vchan_dma_desc_free_list	0x42bbe399	mtk-uart-apdma.ko
vchan_init	0x33e7fde4	mtk-cqdma.ko
vchan_init	0x33e7fde4	mtk-uart-apdma.ko
vchan_tx_desc_free	0xf69738d4	mtk-cqdma.ko
vchan_tx_desc_free	0xf69738d4	mtk-uart-apdma.ko
vchan_tx_submit	0x0bb8c678	mtk-cqdma.ko
vchan_tx_submit	0x0bb8c678	mtk-uart-apdma.ko
vcorefs_get_num_opp	0x6e008147	met_vcore_api.ko
vcorefs_get_num_opp_symbol	0xb93545c8	met_vcore_api.ko
vcorefs_get_opp_info	0xfdc4df1d	met_vcore_api.ko
vcorefs_get_opp_info_name	0xe228fd87	met_vcore_api.ko
vcorefs_get_opp_info_name_symbol	0x50e4cbd9	met_vcore_api.ko
vcorefs_get_opp_info_num	0xcc980630	met_vcore_api.ko
vcorefs_get_opp_info_num_symbol	0xcf91e23c	met_vcore_api.ko
vcorefs_get_opp_info_symbol	0x580a445f	met_vcore_api.ko
vcorefs_get_src_req	0x9ddc3b88	met_vcore_api.ko
vcorefs_get_src_req_name	0xb1618a62	met_vcore_api.ko
vcorefs_get_src_req_name_symbol	0x2dde83ec	met_vcore_api.ko
vcorefs_get_src_req_num	0x67c99abe	met_vcore_api.ko
vcorefs_get_src_req_num_symbol	0x07c9111a	met_vcore_api.ko
vcorefs_get_src_req_symbol	0x4fb045e6	met_vcore_api.ko
vcu_func	0x495673b9	mtk-vcodec-dec-v1.ko
vcu_func	0x495673b9	mtk-vcodec-enc-v1.ko
vcu_func	0x495673b9	mtk-vcu.ko
venc_disable_hw_break	0x5f74cf9a	mtk-vcodec-enc-v1.ko
verify_pkcs7_signature	0xc6a065aa	cfg80211.ko
vfree	0x999e8297	accel_common.ko
vfree	0x999e8297	aee_aed.ko
vfree	0x999e8297	alsps_common.ko
vfree	0x999e8297	blocktag.ko
vfree	0x999e8297	btif_drv.ko
vfree	0x999e8297	camera_isp_4_t.ko
vfree	0x999e8297	ccci_md_all.ko
vfree	0x999e8297	ccci_util_lib.ko
vfree	0x999e8297	clkbuf.ko
vfree	0x999e8297	conn_md_drv.ko
vfree	0x999e8297	fmradio_drv_mt6631.ko
vfree	0x999e8297	ft8057m_spi.ko
vfree	0x999e8297	ft8057p_spi.ko
vfree	0x999e8297	ged.ko
vfree	0x999e8297	gyro_common.ko
vfree	0x999e8297	gz_trusty_mod.ko
vfree	0x999e8297	hwmon.ko
vfree	0x999e8297	icnl9916_spi.ko
vfree	0x999e8297	isee.ko
vfree	0x999e8297	mag_common.ko
vfree	0x999e8297	mali_kbase_mt6768_r49.ko
vfree	0x999e8297	mcDrvModule.ko
vfree	0x999e8297	mdp_drv_mt6768.ko
vfree	0x999e8297	mediatek-drm.ko
vfree	0x999e8297	mme.ko
vfree	0x999e8297	mmprofile.ko
vfree	0x999e8297	mtk-mml.ko
vfree	0x999e8297	mtk-vcodec-common.ko
vfree	0x999e8297	mtk-vcodec-dec-v1.ko
vfree	0x999e8297	mtk-vcodec-enc-v1.ko
vfree	0x999e8297	mtk_dramc.ko
vfree	0x999e8297	mtk_fpsgo.ko
vfree	0x999e8297	rpmb-mtk.ko
vfree	0x999e8297	scp.ko
vfree	0x999e8297	sec.ko
vfree	0x999e8297	sensorHub.ko
vfree	0x999e8297	system_heap.ko
vfree	0x999e8297	ufs-mediatek-dbg.ko
vfree	0x999e8297	wlan_drv_gen4m_6768.ko
vfree	0x999e8297	wmt_drv.ko
vfree	0x999e8297	zram.ko
video_devdata	0x79360ece	mtk-vcodec-dec-v1.ko
video_devdata	0x79360ece	mtk-vcodec-enc-v1.ko
video_devdata	0x79360ece	mtk_jpeg.ko
video_device_alloc	0x669cc2a1	mtk-composite.ko
video_device_alloc	0x669cc2a1	mtk-vcodec-dec-v1.ko
video_device_alloc	0x669cc2a1	mtk-vcodec-enc-v1.ko
video_device_alloc	0x669cc2a1	mtk_jpeg.ko
video_device_release	0xc147be79	mtk-vcodec-dec-v1.ko
video_device_release	0xc147be79	mtk-vcodec-enc-v1.ko
video_device_release	0xc147be79	mtk_jpeg.ko
video_ioctl2	0xf28c0254	mtk-vcodec-dec-v1.ko
video_ioctl2	0xf28c0254	mtk-vcodec-enc-v1.ko
video_ioctl2	0xf28c0254	mtk_jpeg.ko
video_unregister_device	0xeaaaa3a2	mtk-vcodec-dec-v1.ko
video_unregister_device	0xeaaaa3a2	mtk-vcodec-enc-v1.ko
video_unregister_device	0xeaaaa3a2	mtk_jpeg.ko
virtqueue_add_inbuf	0x30d48baf	gz_ipc_mod.ko
virtqueue_add_outbuf	0x13b9f191	gz_ipc_mod.ko
virtqueue_detach_unused_buf	0xd14e601d	gz_ipc_mod.ko
virtqueue_get_buf	0x0e48f0f0	gz_ipc_mod.ko
virtqueue_get_vring_size	0x6e325e57	gz_ipc_mod.ko
virtqueue_kick_prepare	0xd61b531f	gz_ipc_mod.ko
virtqueue_notify	0x36cc4a37	gz_ipc_mod.ko
vm_event_states	0xf2f8e990	blocktag.ko
vm_event_states	0xf2f8e990	trace_mmstat.ko
vm_get_page_prot	0x2c91e17c	drm_dma_helper.ko
vm_node_stat	0x2fc505ec	blocktag.ko
vm_node_stat	0x2fc505ec	trace_mmstat.ko
vm_unmapped_area	0x064b9739	mali_kbase_mt6768_r49.ko
vm_zone_stat	0xba0676e2	met.ko
vm_zone_stat	0xba0676e2	mtk_perf_common.ko
vm_zone_stat	0xba0676e2	system_heap.ko
vm_zone_stat	0xba0676e2	trace_mmstat.ko
vmalloc	0xd6ee688f	aee_aed.ko
vmalloc	0xd6ee688f	blocktag.ko
vmalloc	0xd6ee688f	btif_drv.ko
vmalloc	0xd6ee688f	camera_isp_4_t.ko
vmalloc	0xd6ee688f	ccci_md_all.ko
vmalloc	0xd6ee688f	ccci_util_lib.ko
vmalloc	0xd6ee688f	clkbuf.ko
vmalloc	0xd6ee688f	conn_md_drv.ko
vmalloc	0xd6ee688f	fmradio_drv_mt6631.ko
vmalloc	0xd6ee688f	ft8057m_spi.ko
vmalloc	0xd6ee688f	ft8057p_spi.ko
vmalloc	0xd6ee688f	ged.ko
vmalloc	0xd6ee688f	gz_tz_system.ko
vmalloc	0xd6ee688f	icnl9916_spi.ko
vmalloc	0xd6ee688f	iommu_debug.ko
vmalloc	0xd6ee688f	isee.ko
vmalloc	0xd6ee688f	mali_kbase_mt6768_r49.ko
vmalloc	0xd6ee688f	mcDrvModule.ko
vmalloc	0xd6ee688f	mediatek-drm.ko
vmalloc	0xd6ee688f	mmprofile.ko
vmalloc	0xd6ee688f	mtk-mml.ko
vmalloc	0xd6ee688f	mtk_battery_manager.ko
vmalloc	0xd6ee688f	mtk_dramc.ko
vmalloc	0xd6ee688f	mtk_fpsgo.ko
vmalloc	0xd6ee688f	scp.ko
vmalloc	0xd6ee688f	sec.ko
vmalloc	0xd6ee688f	sensorHub.ko
vmalloc	0xd6ee688f	system_heap.ko
vmalloc	0xd6ee688f	wlan_drv_gen4m_6768.ko
vmalloc	0xd6ee688f	wmt_drv.ko
vmalloc_to_page	0x9c8f0f49	mcDrvModule.ko
vmalloc_to_pfn	0x3744cf36	mmprofile.ko
vmalloc_user	0x5635a60a	aee_aed.ko
vmalloc_user	0x5635a60a	mali_kbase_mt6768_r49.ko
vmalloc_user	0x5635a60a	mtk-vcu.ko
vmap	0x1d23a455	ccci_util_lib.ko
vmap	0x1d23a455	log_store.ko
vmap	0x1d23a455	mali_kbase_mt6768_r49.ko
vmap	0x1d23a455	mediatek-drm.ko
vmap	0x1d23a455	mrdump.ko
vmap	0x1d23a455	system_heap.ko
vmf_insert_pfn_prot	0x23553d95	mali_kbase_mt6768_r49.ko
vmf_insert_pfn_prot	0x23553d95	mali_mgm_mt6768_r49.ko
vprintk	0x715a5ed0	icnl9916_spi.ko
vring_del_virtqueue	0x306dccd2	gz_virtio_mod.ko
vring_interrupt	0xff05fa13	gz_virtio_mod.ko
vring_new_virtqueue	0x65798c37	gz_virtio_mod.ko
vscnprintf	0xaa0c318b	aee_hangdet.ko
vscnprintf	0xaa0c318b	icnl9916_spi.ko
vscnprintf	0xaa0c318b	iommu_debug.ko
vscnprintf	0xaa0c318b	mediatek-drm.ko
vscnprintf	0xaa0c318b	monitor_hang.ko
vscnprintf	0xaa0c318b	mrdump.ko
vscnprintf	0xaa0c318b	mtk_heap_debug.ko
vsnprintf	0x00148653	aee_aed.ko
vsnprintf	0x00148653	btif_drv.ko
vsnprintf	0x00148653	ccci_util_lib.ko
vsnprintf	0x00148653	conn_md_drv.ko
vsnprintf	0x00148653	ged.ko
vsnprintf	0x00148653	mcDrvModule.ko
vsnprintf	0x00148653	mdp_drv_mt6768.ko
vsnprintf	0x00148653	mediatek-drm.ko
vsnprintf	0x00148653	mrdump.ko
vsnprintf	0x00148653	mtk-cmdq-drv-ext.ko
vsnprintf	0x00148653	mtk-mml.ko
vsnprintf	0x00148653	mtk_fpsgo.ko
vsnprintf	0x00148653	mtk_gpufreq_mt6768.ko
vsnprintf	0x00148653	musb_hdrc.ko
vsnprintf	0x00148653	pd_dbg_info.ko
vsnprintf	0x00148653	powerhal_cpu_ctrl.ko
vsnprintf	0x00148653	system_heap.ko
vsnprintf	0x00148653	touch_boost.ko
vsnprintf	0x00148653	wlan_drv_gen4m_6768.ko
vsnprintf	0x00148653	wmt_drv.ko
vsprintf	0x78b887ed	mediatek-drm.ko
vsprintf	0x78b887ed	wlan_drv_gen4m_6768.ko
vunmap	0x94961283	mali_kbase_mt6768_r49.ko
vunmap	0x94961283	mediatek-drm.ko
vunmap	0x94961283	system_heap.ko
vzalloc	0x40a9b349	accel_common.ko
vzalloc	0x40a9b349	aee_aed.ko
vzalloc	0x40a9b349	alsps_common.ko
vzalloc	0x40a9b349	gyro_common.ko
vzalloc	0x40a9b349	hwmon.ko
vzalloc	0x40a9b349	mag_common.ko
vzalloc	0x40a9b349	mali_kbase_mt6768_r49.ko
vzalloc	0x40a9b349	mcDrvModule.ko
vzalloc	0x40a9b349	mdp_drv_mt6768.ko
vzalloc	0x40a9b349	mediatek-drm.ko
vzalloc	0x40a9b349	mtk-cmdq-drv-ext.ko
vzalloc	0x40a9b349	mtk-mml.ko
vzalloc	0x40a9b349	mtk-vcodec-common.ko
vzalloc	0x40a9b349	mtk-vcodec-dec-v1.ko
vzalloc	0x40a9b349	mtk-vcodec-enc-v1.ko
vzalloc	0x40a9b349	mtk_fpsgo.ko
vzalloc	0x40a9b349	rpmb-mtk.ko
vzalloc	0x40a9b349	sensorHub.ko
vzalloc	0x40a9b349	zram.ko
wait_for_completion	0x25974000	ccu_isp4.ko
wait_for_completion	0x25974000	cmdq-bdg-test.ko
wait_for_completion	0x25974000	cmdq-sec-drv.ko
wait_for_completion	0x25974000	fmradio_drv_mt6631.ko
wait_for_completion	0x25974000	isee.ko
wait_for_completion	0x25974000	mali_kbase_mt6768_r49.ko
wait_for_completion	0x25974000	mcDrvModule.ko
wait_for_completion	0x25974000	mtk-cmdq-drv-ext.ko
wait_for_completion	0x25974000	mtk-cqdma.ko
wait_for_completion	0x25974000	mtk-mml.ko
wait_for_completion	0x25974000	sensorHub.ko
wait_for_completion	0x25974000	sil_fingerprint.ko
wait_for_completion	0x25974000	sspm_v1.ko
wait_for_completion_interruptible	0x2e3bcce2	btif_drv.ko
wait_for_completion_interruptible	0x2e3bcce2	conn_md_drv.ko
wait_for_completion_interruptible	0x2e3bcce2	isee.ko
wait_for_completion_interruptible	0x2e3bcce2	mcDrvModule.ko
wait_for_completion_interruptible	0x2e3bcce2	mtk_tinysys_ipi.ko
wait_for_completion_interruptible	0x2e3bcce2	t-base-tui.ko
wait_for_completion_interruptible	0x2e3bcce2	wlan_drv_gen4m_6768.ko
wait_for_completion_interruptible	0x2e3bcce2	wmt_drv.ko
wait_for_completion_interruptible_timeout	0xf02aa937	aee_aed.ko
wait_for_completion_interruptible_timeout	0xf02aa937	gz_ipc_mod.ko
wait_for_completion_interruptible_timeout	0xf02aa937	gz_trusty_mod.ko
wait_for_completion_interruptible_timeout	0xf02aa937	gz_virtio_mod.ko
wait_for_completion_interruptible_timeout	0xf02aa937	isee.ko
wait_for_completion_interruptible_timeout	0xf02aa937	mcDrvModule.ko
wait_for_completion_interruptible_timeout	0xf02aa937	mediatek-drm.ko
wait_for_completion_interruptible_timeout	0xf02aa937	scp.ko
wait_for_completion_interruptible_timeout	0xf02aa937	sensorHub.ko
wait_for_completion_interruptible_timeout	0xf02aa937	wlan_drv_gen4m_6768.ko
wait_for_completion_killable	0x20463df4	mcDrvModule.ko
wait_for_completion_killable	0x20463df4	met.ko
wait_for_completion_state	0xb0617db4	met.ko
wait_for_completion_timeout	0x4a3ad70e	accelhub.ko
wait_for_completion_timeout	0x4a3ad70e	bt_drv_connac1x.ko
wait_for_completion_timeout	0x4a3ad70e	cmdq-sec-drv.ko
wait_for_completion_timeout	0x4a3ad70e	cmdq-test.ko
wait_for_completion_timeout	0x4a3ad70e	ft8057m_spi.ko
wait_for_completion_timeout	0x4a3ad70e	ft8057p_spi.ko
wait_for_completion_timeout	0x4a3ad70e	gyrohub.ko
wait_for_completion_timeout	0x4a3ad70e	gz_trusty_mod.ko
wait_for_completion_timeout	0x4a3ad70e	gz_virtio_mod.ko
wait_for_completion_timeout	0x4a3ad70e	i2c-mt65xx.ko
wait_for_completion_timeout	0x4a3ad70e	icnl9916_spi.ko
wait_for_completion_timeout	0x4a3ad70e	maghub.ko
wait_for_completion_timeout	0x4a3ad70e	mcDrvModule.ko
wait_for_completion_timeout	0x4a3ad70e	mtk-cmdq-drv-ext.ko
wait_for_completion_timeout	0x4a3ad70e	mtk-mml.ko
wait_for_completion_timeout	0x4a3ad70e	mtk_tinysys_ipi.ko
wait_for_completion_timeout	0x4a3ad70e	nt36528_spi.ko
wait_for_completion_timeout	0x4a3ad70e	rtc-mt6397.ko
wait_for_completion_timeout	0x4a3ad70e	sensorHub.ko
wait_for_completion_timeout	0x4a3ad70e	situationhub.ko
wait_for_completion_timeout	0x4a3ad70e	spi-mt65xx.ko
wait_for_completion_timeout	0x4a3ad70e	sspm_v1.ko
wait_for_completion_timeout	0x4a3ad70e	t-base-tui.ko
wait_for_completion_timeout	0x4a3ad70e	ufs-mediatek-mod.ko
wait_for_completion_timeout	0x4a3ad70e	wlan_drv_gen4m_6768.ko
wait_for_completion_timeout	0x4a3ad70e	wmt_drv.ko
wait_woken	0xb308c97d	ccu_isp4.ko
wait_woken	0xb308c97d	gz_ipc_mod.ko
wake_up_if_idle	0xf6abaae1	mcdi.ko
wake_up_process	0xa9b03a93	CPU_DVFS.ko
wake_up_process	0xa9b03a93	aee_aed.ko
wake_up_process	0xa9b03a93	aee_hangdet.ko
wake_up_process	0xa9b03a93	btif_drv.ko
wake_up_process	0xa9b03a93	ccci_cldma.ko
wake_up_process	0xa9b03a93	ccci_md_all.ko
wake_up_process	0xa9b03a93	ccu_isp4.ko
wake_up_process	0xa9b03a93	cmdq-bdg-test.ko
wake_up_process	0xa9b03a93	cmdq-sec-drv.ko
wake_up_process	0xa9b03a93	conn_md_drv.ko
wake_up_process	0xa9b03a93	cpufreq_sugov_ext.ko
wake_up_process	0xa9b03a93	fmradio_drv_mt6631.ko
wake_up_process	0xa9b03a93	ged.ko
wake_up_process	0xa9b03a93	gz_main_mod.ko
wake_up_process	0xa9b03a93	gz_trusty_mod.ko
wake_up_process	0xa9b03a93	gz_virtio_mod.ko
wake_up_process	0xa9b03a93	isee.ko
wake_up_process	0xa9b03a93	mali_kbase_mt6768_r49.ko
wake_up_process	0xa9b03a93	mcDrvModule.ko
wake_up_process	0xa9b03a93	mcdi.ko
wake_up_process	0xa9b03a93	mediatek-drm.ko
wake_up_process	0xa9b03a93	mediatek_eem.ko
wake_up_process	0xa9b03a93	met.ko
wake_up_process	0xa9b03a93	mmqos-common.ko
wake_up_process	0xa9b03a93	monitor_hang.ko
wake_up_process	0xa9b03a93	mt6358-accdet.ko
wake_up_process	0xa9b03a93	mt6358_battery.ko
wake_up_process	0xa9b03a93	mtk-cmdq-drv-ext.ko
wake_up_process	0xa9b03a93	mtk-mmdvfs-debug.ko
wake_up_process	0xa9b03a93	mtk-mml.ko
wake_up_process	0xa9b03a93	mtk-pmic-wrap.ko
wake_up_process	0xa9b03a93	mtk-smi.ko
wake_up_process	0xa9b03a93	mtk_battery_manager.ko
wake_up_process	0xa9b03a93	mtk_bp_thl.ko
wake_up_process	0xa9b03a93	mtk_charger_framework.ko
wake_up_process	0xa9b03a93	mtk_chg_type_det.ko
wake_up_process	0xa9b03a93	mtk_cpuhp.ko
wake_up_process	0xa9b03a93	mtk_dynamic_loading_throttling.ko
wake_up_process	0xa9b03a93	mtk_fpsgo.ko
wake_up_process	0xa9b03a93	mtk_low_battery_throttling.ko
wake_up_process	0xa9b03a93	mtk_qos_legacy.ko
wake_up_process	0xa9b03a93	perfhelper.ko
wake_up_process	0xa9b03a93	rpmb-mtk.ko
wake_up_process	0xa9b03a93	scheduler.ko
wake_up_process	0xa9b03a93	sensorHub.ko
wake_up_process	0xa9b03a93	snd-soc-mt6358.ko
wake_up_process	0xa9b03a93	system_heap.ko
wake_up_process	0xa9b03a93	t-base-tui.ko
wake_up_process	0xa9b03a93	tcpc_class.ko
wake_up_process	0xa9b03a93	thermal_monitor.ko
wake_up_process	0xa9b03a93	touch_boost.ko
wake_up_process	0xa9b03a93	wlan_drv_gen4m_6768.ko
wake_up_process	0xa9b03a93	wmt_drv.ko
wake_up_process	0xa9b03a93	xm_smart_chg.ko
wakeup_source_add	0xe438a8e9	mediatek-drm.ko
wakeup_source_create	0xbc81416a	mediatek-drm.ko
wakeup_source_register	0xed7053fc	MTK_INTERNAL_SPM.ko
wakeup_source_register	0xed7053fc	alspshub.ko
wakeup_source_register	0xed7053fc	bt_drv_connac1x.ko
wakeup_source_register	0xed7053fc	c2k_usb.ko
wakeup_source_register	0xed7053fc	camera_dpe_isp40.ko
wakeup_source_register	0xed7053fc	camera_isp_4_t.ko
wakeup_source_register	0xed7053fc	ccci_md_all.ko
wakeup_source_register	0xed7053fc	ccmni.ko
wakeup_source_register	0xed7053fc	fmradio_drv_mt6631.ko
wakeup_source_register	0xed7053fc	ft8057m_spi.ko
wakeup_source_register	0xed7053fc	gf_fingerprint.ko
wakeup_source_register	0xed7053fc	gps_drv_stp.ko
wakeup_source_register	0xed7053fc	gz_tz_system.ko
wakeup_source_register	0xed7053fc	imgsensor_isp4_t.ko
wakeup_source_register	0xed7053fc	mdp_drv_mt6768.ko
wakeup_source_register	0xed7053fc	mt6358-accdet.ko
wakeup_source_register	0xed7053fc	mt6358_battery.ko
wakeup_source_register	0xed7053fc	mtk-kpd.ko
wakeup_source_register	0xed7053fc	mtk-mml.ko
wakeup_source_register	0xed7053fc	mtk-pmic-keys.ko
wakeup_source_register	0xed7053fc	mtk_battery_manager.ko
wakeup_source_register	0xed7053fc	mtk_bp_thl.ko
wakeup_source_register	0xed7053fc	mtk_charger_framework.ko
wakeup_source_register	0xed7053fc	mtk_cpuhp.ko
wakeup_source_register	0xed7053fc	mtk_dynamic_loading_throttling.ko
wakeup_source_register	0xed7053fc	mtk_pep.ko
wakeup_source_register	0xed7053fc	mtk_pep20.ko
wakeup_source_register	0xed7053fc	mtk_pep40.ko
wakeup_source_register	0xed7053fc	mtk_spi.ko
wakeup_source_register	0xed7053fc	musb_boost.ko
wakeup_source_register	0xed7053fc	musb_hdrc.ko
wakeup_source_register	0xed7053fc	perfhelper.ko
wakeup_source_register	0xed7053fc	rtc-mt6397.ko
wakeup_source_register	0xed7053fc	scp.ko
wakeup_source_register	0xed7053fc	sensorHub.ko
wakeup_source_register	0xed7053fc	sgm41543_charger.ko
wakeup_source_register	0xed7053fc	sil_fingerprint.ko
wakeup_source_register	0xed7053fc	situation.ko
wakeup_source_register	0xed7053fc	tcpc_class.ko
wakeup_source_register	0xed7053fc	ufs-mediatek-mod.ko
wakeup_source_register	0xed7053fc	wlan_drv_gen4m_6768.ko
wakeup_source_register	0xed7053fc	wmt_drv.ko
wakeup_source_remove	0x192959f7	c2k_usb.ko
wakeup_source_remove	0x192959f7	mediatek-drm.ko
wakeup_source_unregister	0x7bc2e146	alspshub.ko
wakeup_source_unregister	0x7bc2e146	bt_drv_connac1x.ko
wakeup_source_unregister	0x7bc2e146	fmradio_drv_mt6631.ko
wakeup_source_unregister	0x7bc2e146	ft8057m_spi.ko
wakeup_source_unregister	0x7bc2e146	gf_fingerprint.ko
wakeup_source_unregister	0x7bc2e146	gps_drv_stp.ko
wakeup_source_unregister	0x7bc2e146	imgsensor_isp4_t.ko
wakeup_source_unregister	0x7bc2e146	mdp_drv_mt6768.ko
wakeup_source_unregister	0x7bc2e146	mtk-kpd.ko
wakeup_source_unregister	0x7bc2e146	mtk-mml.ko
wakeup_source_unregister	0x7bc2e146	mtk_spi.ko
wakeup_source_unregister	0x7bc2e146	perfhelper.ko
wakeup_source_unregister	0x7bc2e146	sensorHub.ko
wakeup_source_unregister	0x7bc2e146	sil_fingerprint.ko
wakeup_source_unregister	0x7bc2e146	tcpc_class.ko
wakeup_source_unregister	0x7bc2e146	wlan_drv_gen4m_6768.ko
wakeup_source_unregister	0x7bc2e146	wmt_drv.ko
watchdog_init_timeout	0xcdb6ac4b	mtk_wdt.ko
watchdog_set_restart_priority	0xd6c92aff	mtk_wdt.ko
wifi_irq	0x6cd4e698	wmt_drv.ko
wifi_reset_end	0x6f3bf319	wlan_drv_gen4m_6768.ko
wifi_reset_start	0xcf8cb5e3	wlan_drv_gen4m_6768.ko
wiphy_apply_custom_regulatory	0x4d1a8fc2	wlan_drv_gen4m_6768.ko
wiphy_delayed_work_cancel	0xd7197403	mac80211.ko
wiphy_delayed_work_flush	0x78bf83c2	mac80211.ko
wiphy_delayed_work_queue	0x400de4a4	mac80211.ko
wiphy_delayed_work_timer	0x6daefd86	mac80211.ko
wiphy_free	0x9efc4799	mac80211.ko
wiphy_free	0x9efc4799	wlan_drv_gen4m_6768.ko
wiphy_new_nm	0x8137a428	mac80211.ko
wiphy_new_nm	0x8137a428	wlan_drv_gen4m_6768.ko
wiphy_register	0x73c9f04c	mac80211.ko
wiphy_register	0x73c9f04c	wlan_drv_gen4m_6768.ko
wiphy_unregister	0xb2656a9f	mac80211.ko
wiphy_unregister	0xb2656a9f	wlan_drv_gen4m_6768.ko
wiphy_work_cancel	0xa9ffd278	mac80211.ko
wiphy_work_flush	0x9f77887c	mac80211.ko
wiphy_work_queue	0xd92b73ff	mac80211.ko
wireless_nlevent_flush	0x1e8fac8e	cfg80211.ko
wireless_send_event	0xce0070a2	wlan_drv_gen4m_6768.ko
wmt_export_mtk_wcn_cmb_sdio_disable_eirq	0x3296a2c2	wmt_drv.ko
wmt_export_mtk_wcn_sdio_irq_flag_set	0xbcada9fb	wmt_drv.ko
wmt_export_platform_bridge_register	0x20dacb95	wmt_drv.ko
wmt_export_platform_bridge_unregister	0x606be4ee	wmt_drv.ko
woken_wake_function	0xd0654aba	ccu_isp4.ko
woken_wake_function	0xd0654aba	gz_ipc_mod.ko
word_size_align	0x698c0485	snd-soc-mt6768-afe.ko
work_busy	0x86ab091d	mali_kbase_mt6768_r49.ko
work_on_cpu_key	0xc2d55962	mcdi.ko
ww_mutex_lock	0xa62b5584	mtk-vcodec-common.ko
ww_mutex_trylock	0x81d9e35c	mtk_heap_debug.ko
ww_mutex_trylock	0x81d9e35c	mtk_sec_heap.ko
ww_mutex_trylock	0x81d9e35c	system_heap.ko
ww_mutex_unlock	0xf6ac00a0	mtk-vcodec-common.ko
ww_mutex_unlock	0xf6ac00a0	mtk_heap_debug.ko
ww_mutex_unlock	0xf6ac00a0	mtk_sec_heap.ko
ww_mutex_unlock	0xf6ac00a0	system_heap.ko
x509_load_certificate_list	0x763c4c59	cfg80211.ko
xa_find	0x0b954976	mtk-mmc-wp.ko
xa_find_after	0x71a5f4c1	mtk-mmc-wp.ko
xgf_alloc	0x35811a9a	fpsgo.ko
xgf_alloc_array	0xdf7b5a7c	fpsgo.ko
xgf_atomic_read	0x88cbdd57	fpsgo.ko
xgf_calculate_sqrt	0xc98bf530	fpsgo.ko
xgf_check_main_sf_pid	0x639b337c	fpsgo.ko
xgf_delete_render_info_fp	0xaa15f875	fpsgo.ko
xgf_div64_s64	0x875d25d8	fpsgo.ko
xgf_div64_s64_rem	0x291bd89d	fpsgo.ko
xgf_div64_u64	0xac2a38c3	fpsgo.ko
xgf_div_s64	0x26fc0539	fpsgo.ko
xgf_div_u64	0x0c2932c9	fpsgo.ko
xgf_ema2_dump_info_frames	0xd3889168	fpsgo.ko
xgf_ema2_dump_rho	0x618d13e8	fpsgo.ko
xgf_ema2_systrace	0xcb74d57a	fpsgo.ko
xgf_est_runtime_fp	0x1afa33b8	fpsgo.ko
xgf_event_buffer	0x073314cd	fpsgo.ko
xgf_event_buffer_size	0xed6418b1	fpsgo.ko
xgf_free	0x134267d4	fpsgo.ko
xgf_get_logical_tid	0x1c6b727a	fpsgo.ko
xgf_get_process_id	0xb6006b29	fpsgo.ko
xgf_get_runtime	0xfd706cc1	fpsgo.ko
xgf_trace	0x46ea2c6b	fpsgo.ko
xgff_frame_getdeplist_maxsize_fp	0x96a9dd8c	mtk_fpsgo.ko
xgff_frame_min_cap_fp	0xd544ac4b	mtk_fpsgo.ko
xgff_frame_startend_fp	0xa31907cb	mtk_fpsgo.ko
xiaomi_touch_mievent_report_int	0x68a8f310	ft8057m_spi.ko
xiaomi_touch_mievent_report_int	0x68a8f310	ft8057p_spi.ko
xiaomi_touch_mievent_report_int	0x68a8f310	icnl9916_spi.ko
xiaomi_touch_mievent_report_int	0x68a8f310	nt36528_spi.ko
xiaomi_touch_mievent_report_str	0xf1e80282	icnl9916_spi.ko
xiaomi_touch_mievent_report_str	0xf1e80282	nt36528_spi.ko
xiaomitouch_register_modedata	0xe692fa6c	ft8057m_spi.ko
xiaomitouch_register_modedata	0xe692fa6c	ft8057p_spi.ko
xiaomitouch_register_modedata	0xe692fa6c	icnl9916_spi.ko
xiaomitouch_register_modedata	0xe692fa6c	nt36528_spi.ko
xm_charger_dfs_notify	0xb5a18acb	mt6358_battery.ko
xm_charger_dfs_notify	0xb5a18acb	sgm41543_charger.ko
xm_charger_dfs_notify	0xb5a18acb	upm6920_charger.ko
zlib_deflate	0xf2c43f3f	wmt_drv.ko
zlib_deflateEnd	0xc890c008	wmt_drv.ko
zlib_deflateInit2	0x5a0b73d0	wmt_drv.ko
zlib_deflateReset	0x6aeefac4	wmt_drv.ko
zlib_deflate_workspacesize	0xe9f7149c	wmt_drv.ko
zs_compact	0x5da67adc	zram.ko
zs_create_pool	0xbcf1f0e6	zram.ko
zs_destroy_pool	0xc69b7ee5	zram.ko
zs_free	0x958df3ac	zram.ko
zs_get_total_pages	0xcbe56bc2	zram.ko
zs_huge_class_size	0x3d8baf3b	zram.ko
zs_malloc	0xb29533ee	zram.ko
zs_map_object	0xc341ae6d	zram.ko
zs_pool_stats	0x7cceaf92	zram.ko
zs_unmap_object	0x924c46f8	zram.ko
